equipment_id,timestamp,speed,fuel_level,idle_hours,engine_hours,excessive_speed,rapid_fuel_drop,excessive_idle,anomaly_score,is_anomaly
CAT-EQ-1001,2026-08-19T13:47:16Z,0.0,93.3,50.3,957.5,0,0,0,0.378,0
CAT-EQ-1001,2026-08-19T14:47:16Z,0.0,91.3,50.5,957.5,0,0,0,0.308,0
CAT-EQ-1001,2026-08-19T15:47:16Z,0.0,90.4,50.7,957.5,0,0,0,0.231,0
CAT-EQ-1001,2026-08-19T16:47:16Z,0.0,89.6,50.9,957.5,0,0,0,0.166,0
CAT-EQ-1001,2026-08-19T17:47:16Z,0.0,87.9,51.1,957.5,0,0,0,0.429,0
CAT-EQ-1001,2026-08-19T18:47:16Z,0.0,86.6,51.3,957.5,0,0,0,0.243,0
CAT-EQ-1001,2026-08-19T19:47:16Z,0.0,85.4,51.5,957.5,0,0,0,0.253,0
CAT-EQ-1001,2026-08-19T20:47:16Z,11.4,84.0,51.5,958.3,0,0,0,0.344,0
CAT-EQ-1001,2026-08-19T21:47:16Z,21.3,83.1,51.5,959.1,0,0,0,0.321,0
CAT-EQ-1001,2026-08-19T22:47:16Z,21.9,82.2,51.5,959.9,0,0,0,0.189,0
CAT-EQ-1001,2026-08-19T23:47:16Z,20.1,81.7,51.5,960.7,0,0,0,0.421,0
CAT-EQ-1001,2026-08-20T00:47:16Z,14.9,80.3,51.5,961.5,0,0,0,0.39,0
CAT-EQ-1001,2026-08-20T01:47:16Z,11.3,78.7,51.5,962.3,0,0,0,0.244,0
CAT-EQ-1001,2026-08-20T02:47:16Z,26.9,77.1,51.5,963.1,0,0,0,0.15,0
CAT-EQ-1001,2026-08-20T03:47:16Z,23.7,76.1,51.5,963.9,0,0,0,0.101,0
CAT-EQ-1001,2026-08-20T04:47:16Z,6.7,74.4,51.5,964.7,0,0,0,0.231,0
CAT-EQ-1001,2026-08-20T05:47:16Z,22.6,72.3,51.5,965.5,0,0,0,0.165,0
CAT-EQ-1001,2026-08-20T06:47:16Z,6.5,71.4,51.5,966.3,0,0,0,0.319,0
CAT-EQ-1001,2026-08-20T07:47:16Z,20.6,70.4,51.5,967.1,0,0,0,0.22,0
CAT-EQ-1001,2026-08-20T08:47:16Z,0.0,68.8,51.7,967.1,0,0,0,0.363,0
CAT-EQ-1001,2026-08-20T09:47:16Z,0.0,66.6,51.9,967.1,0,0,0,0.103,0
CAT-EQ-1001,2026-08-20T10:47:16Z,0.0,64.8,52.1,967.1,0,0,0,0.218,0
CAT-EQ-1001,2026-08-20T11:47:16Z,0.0,62.8,52.3,967.1,0,0,0,0.429,0
CAT-EQ-1001,2026-08-20T12:47:16Z,0.0,62.2,52.5,967.1,0,0,0,0.135,0
CAT-EQ-1001,2026-08-20T13:47:16Z,0.0,60.4,52.7,967.1,0,0,0,0.311,0
CAT-EQ-1001,2026-08-20T14:47:16Z,0.0,58.7,52.9,967.1,0,0,0,0.316,0
CAT-EQ-1001,2026-08-20T15:47:16Z,0.0,57.5,53.1,967.1,0,0,0,0.435,0
CAT-EQ-1001,2026-08-20T16:47:16Z,0.0,56.4,53.3,967.1,0,0,0,0.214,0
CAT-EQ-1001,2026-08-20T17:47:16Z,0.0,55.3,53.5,967.1,0,0,0,0.25,0
CAT-EQ-1001,2026-08-20T18:47:16Z,0.0,53.1,53.7,967.1,0,0,0,0.357,0
CAT-EQ-1001,2026-08-20T19:47:16Z,0.0,52.3,53.9,967.1,0,0,0,0.4,0
CAT-EQ-1001,2026-08-20T20:47:16Z,17.6,51.3,53.9,967.9,0,0,0,0.406,0
CAT-EQ-1001,2026-08-20T21:47:16Z,9.2,49.7,53.9,968.7,0,0,0,0.364,0
CAT-EQ-1001,2026-08-20T22:47:16Z,21.5,48.0,53.9,969.5,0,0,0,0.416,0
CAT-EQ-1001,2026-08-20T23:47:16Z,24.2,46.7,53.9,970.3,0,0,0,0.148,0
CAT-EQ-1001,2026-08-21T00:47:16Z,18.4,45.0,53.9,971.1,0,0,0,0.368,0
CAT-EQ-1001,2026-08-21T01:47:16Z,20.0,43.3,53.9,971.9,0,0,0,0.325,0
CAT-EQ-1001,2026-08-21T02:47:16Z,19.0,42.4,53.9,972.7,0,0,0,0.131,0
CAT-EQ-1001,2026-08-21T03:47:16Z,23.5,41.7,53.9,973.5,0,0,0,0.434,0
CAT-EQ-1001,2026-08-21T04:47:16Z,94.5,40.3,53.9,974.3,1,0,0,0.712,1
CAT-EQ-1001,2026-08-21T05:47:16Z,14.1,38.9,53.9,975.1,0,0,0,0.238,0
CAT-EQ-1001,2026-08-21T06:47:16Z,18.5,36.8,53.9,975.9,0,0,0,0.26,0
CAT-EQ-1001,2026-08-21T07:47:16Z,20.0,34.9,53.9,976.7,0,0,0,0.208,0
CAT-EQ-1001,2026-08-21T08:47:16Z,0.0,32.7,54.1,976.7,0,0,0,0.39,0
CAT-EQ-1001,2026-08-21T09:47:16Z,0.0,31.6,54.3,976.7,0,0,0,0.39,0
CAT-EQ-1001,2026-08-21T10:47:16Z,0.0,29.7,54.5,976.7,0,0,0,0.403,0
CAT-EQ-1001,2026-08-21T11:47:16Z,0.0,28.6,54.7,976.7,0,0,0,0.397,0
CAT-EQ-1001,2026-08-21T12:47:16Z,0.0,27.5,54.9,976.7,0,0,0,0.365,0
CAT-EQ-1001,2026-08-21T13:47:16Z,0.0,26.5,55.1,976.7,0,0,0,0.4,0
CAT-EQ-1001,2026-08-21T14:47:16Z,0.0,24.7,55.3,976.7,0,0,0,0.397,0
CAT-EQ-1001,2026-08-21T15:47:16Z,0.0,23.9,55.5,976.7,0,0,0,0.202,0
CAT-EQ-1001,2026-08-21T16:47:16Z,0.0,22.2,55.7,976.7,0,0,0,0.354,0
CAT-EQ-1001,2026-08-21T17:47:16Z,0.0,95.0,55.9,976.7,0,0,0,0.249,0
CAT-EQ-1001,2026-08-21T18:47:16Z,0.0,94.3,56.1,976.7,0,0,0,0.118,0
CAT-EQ-1001,2026-08-21T19:47:16Z,0.0,92.8,56.3,976.7,0,0,0,0.241,0
CAT-EQ-1001,2026-08-21T20:47:16Z,5.8,91.2,56.3,977.5,0,0,0,0.231,0
CAT-EQ-1001,2026-08-21T21:47:16Z,22.3,89.3,56.3,978.3,0,0,0,0.196,0
CAT-EQ-1001,2026-08-21T22:47:16Z,21.3,88.7,56.3,979.1,0,0,0,0.278,0
CAT-EQ-1001,2026-08-21T23:47:16Z,5.6,87.7,56.3,979.9,0,0,0,0.163,0
CAT-EQ-1001,2026-08-22T00:47:16Z,17.1,86.3,56.3,980.7,0,0,0,0.418,0
CAT-EQ-1001,2026-08-22T01:47:16Z,24.9,85.7,56.3,981.5,0,0,0,0.384,0
CAT-EQ-1001,2026-08-22T02:47:16Z,17.2,84.0,56.3,982.3,0,0,0,0.364,0
CAT-EQ-1001,2026-08-22T03:47:16Z,29.1,82.5,56.3,983.1,0,0,0,0.38,0
CAT-EQ-1001,2026-08-22T04:47:16Z,8.1,81.7,56.3,983.9,0,0,0,0.112,0
CAT-EQ-1001,2026-08-22T05:47:16Z,29.5,80.3,56.3,984.7,0,0,0,0.1,0
CAT-EQ-1001,2026-08-22T06:47:16Z,12.5,78.5,56.3,985.5,0,0,0,0.302,0
CAT-EQ-1001,2026-08-22T07:47:16Z,22.4,77.4,56.3,986.3,0,0,0,0.135,0
CAT-EQ-1001,2026-08-22T08:47:16Z,0.0,76.5,56.5,986.3,0,0,0,0.435,0
CAT-EQ-1001,2026-08-22T09:47:16Z,0.0,75.4,56.7,986.3,0,0,0,0.126,0
CAT-EQ-1001,2026-08-22T10:47:16Z,0.0,73.4,56.9,986.3,0,0,0,0.189,0
CAT-EQ-1001,2026-08-22T11:47:16Z,0.0,72.0,57.1,986.3,0,0,0,0.448,0
CAT-EQ-1001,2026-08-22T12:47:16Z,0.0,70.9,57.3,986.3,0,0,0,0.312,0
CAT-EQ-1001,2026-08-22T13:47:16Z,0.0,68.7,57.5,986.3,0,0,0,0.311,0
CAT-EQ-1001,2026-08-22T14:47:16Z,0.0,68.0,57.7,986.3,0,0,0,0.324,0
CAT-EQ-1001,2026-08-22T15:47:16Z,0.0,67.0,57.9,986.3,0,0,0,0.103,0
CAT-EQ-1001,2026-08-22T16:47:16Z,0.0,65.9,58.1,986.3,0,0,0,0.162,0
CAT-EQ-1001,2026-08-22T17:47:16Z,0.0,64.0,58.3,986.3,0,0,0,0.345,0
CAT-EQ-1001,2026-08-22T18:47:16Z,0.0,62.4,58.5,986.3,0,0,0,0.431,0
CAT-EQ-1001,2026-08-22T19:47:16Z,0.0,60.7,58.7,986.3,0,0,0,0.308,0
CAT-EQ-1001,2026-08-22T20:47:16Z,26.2,60.2,58.7,987.1,0,0,0,0.144,0
CAT-EQ-1001,2026-08-22T21:47:16Z,14.5,58.4,58.7,987.9,0,0,0,0.187,0
CAT-EQ-1001,2026-08-22T22:47:16Z,20.2,56.3,58.7,988.7,0,0,0,0.197,0
CAT-EQ-1001,2026-08-22T23:47:16Z,15.7,54.4,58.7,989.5,0,0,0,0.432,0
CAT-EQ-1001,2026-08-23T00:47:16Z,15.2,53.7,58.7,990.3,0,0,0,0.158,0
CAT-EQ-1001,2026-08-23T01:47:16Z,6.4,52.4,58.7,991.1,0,0,0,0.248,0
CAT-EQ-1001,2026-08-23T02:47:16Z,17.7,51.0,58.7,991.9,0,0,0,0.344,0
CAT-EQ-1001,2026-08-23T03:47:16Z,15.1,49.3,58.7,992.7,0,0,0,0.362,0
CAT-EQ-1001,2026-08-23T04:47:16Z,11.1,47.4,58.7,993.5,0,0,0,0.313,0
CAT-EQ-1001,2026-08-23T05:47:16Z,20.2,45.4,58.7,994.3,0,0,0,0.126,0
CAT-EQ-1001,2026-08-23T06:47:16Z,26.0,44.1,58.7,995.1,0,0,0,0.14,0
CAT-EQ-1001,2026-08-23T07:47:16Z,27.9,42.3,58.7,995.9,0,0,0,0.203,0
CAT-EQ-1001,2026-08-23T08:47:16Z,0.0,40.9,58.9,995.9,0,0,0,0.427,0
CAT-EQ-1001,2026-08-23T09:47:16Z,0.0,40.3,59.1,995.9,0,0,0,0.271,0
CAT-EQ-1001,2026-08-23T10:47:16Z,0.0,39.3,59.3,995.9,0,0,0,0.412,0
CAT-EQ-1001,2026-08-23T11:47:16Z,0.0,38.6,59.5,995.9,0,0,0,0.28,0
CAT-EQ-1001,2026-08-23T12:47:16Z,0.0,37.2,59.7,995.9,0,0,0,0.179,0
CAT-EQ-1001,2026-08-23T13:47:16Z,0.0,36.0,59.9,995.9,0,0,0,0.138,0
CAT-EQ-1001,2026-08-23T14:47:16Z,0.0,35.2,60.1,995.9,0,0,0,0.226,0
CAT-EQ-1001,2026-08-23T15:47:16Z,0.0,34.4,60.3,995.9,0,0,0,0.36,0
CAT-EQ-1001,2026-08-23T16:47:16Z,0.0,33.6,60.5,995.9,0,0,0,0.193,0
CAT-EQ-1001,2026-08-23T17:47:16Z,0.0,31.7,60.7,995.9,0,0,0,0.368,0
CAT-EQ-1001,2026-08-23T18:47:16Z,0.0,29.7,60.9,995.9,0,0,0,0.138,0
CAT-EQ-1001,2026-08-23T19:47:16Z,0.0,28.9,61.1,995.9,0,0,0,0.183,0
CAT-EQ-1001,2026-08-23T20:47:16Z,22.0,27.1,61.1,996.7,0,0,0,0.27,0
CAT-EQ-1001,2026-08-23T21:47:16Z,24.0,25.8,61.1,997.5,0,0,0,0.402,0
CAT-EQ-1001,2026-08-23T22:47:16Z,29.9,24.9,61.1,998.3,0,0,0,0.345,0
CAT-EQ-1001,2026-08-23T23:47:16Z,17.6,23.4,61.1,999.1,0,0,0,0.146,0
CAT-EQ-1001,2026-08-24T00:47:16Z,6.0,22.2,61.1,999.9,0,0,0,0.118,0
CAT-EQ-1001,2026-08-24T01:47:16Z,15.2,21.3,61.1,1000.7,0,0,0,0.278,0
CAT-EQ-1001,2026-08-24T02:47:16Z,21.1,20.3,61.1,1001.5,0,0,0,0.212,0
CAT-EQ-1001,2026-08-24T03:47:16Z,6.2,95.0,61.1,1002.3,0,0,0,0.418,0
CAT-EQ-1001,2026-08-24T04:47:16Z,7.5,93.9,61.1,1003.1,0,0,0,0.105,0
CAT-EQ-1001,2026-08-24T05:47:16Z,18.8,92.1,61.1,1003.9,0,0,0,0.285,0
CAT-EQ-1001,2026-08-24T06:47:16Z,14.3,91.0,61.1,1004.7,0,0,0,0.36,0
CAT-EQ-1001,2026-08-24T07:47:16Z,8.0,89.4,61.1,1005.5,0,0,0,0.424,0
CAT-EQ-1001,2026-08-24T08:47:16Z,0.0,88.3,61.3,1005.5,0,0,0,0.171,0
CAT-EQ-1001,2026-08-24T09:47:16Z,0.0,87.4,61.5,1005.5,0,0,0,0.407,0
CAT-EQ-1001,2026-08-24T10:47:16Z,0.0,85.3,61.7,1005.5,0,0,0,0.351,0
CAT-EQ-1001,2026-08-24T11:47:16Z,0.0,84.1,61.9,1005.5,0,0,0,0.108,0
CAT-EQ-1001,2026-08-24T12:47:16Z,0.0,83.4,62.1,1005.5,0,0,0,0.378,0
CAT-EQ-1001,2026-08-24T13:47:16Z,0.0,82.2,62.3,1005.5,0,0,0,0.44,0
CAT-EQ-1001,2026-08-24T14:47:16Z,0.0,81.0,62.5,1005.5,0,0,0,0.195,0
CAT-EQ-1001,2026-08-24T15:47:16Z,0.0,80.2,62.7,1005.5,0,0,0,0.377,0
CAT-EQ-1001,2026-08-24T16:47:16Z,0.0,78.8,62.9,1005.5,0,0,0,0.348,0
CAT-EQ-1001,2026-08-24T17:47:16Z,0.0,78.2,63.1,1005.5,0,0,0,0.152,0
CAT-EQ-1001,2026-08-24T18:47:16Z,0.0,77.2,63.3,1005.5,0,0,0,0.187,0
CAT-EQ-1001,2026-08-24T19:47:16Z,0.0,76.7,63.5,1005.5,0,0,0,0.229,0
CAT-EQ-1001,2026-08-24T20:47:16Z,7.1,75.0,63.5,1006.3,0,0,0,0.214,0
CAT-EQ-1001,2026-08-24T21:47:16Z,6.4,74.1,63.5,1007.1,0,0,0,0.44,0
CAT-EQ-1001,2026-08-24T22:47:16Z,18.4,72.3,63.5,1007.9,0,0,0,0.234,0
CAT-EQ-1001,2026-08-24T23:47:16Z,21.3,70.9,63.5,1008.7,0,0,0,0.194,0
CAT-EQ-1001,2026-08-25T00:47:16Z,19.5,70.1,63.5,1009.5,0,0,0,0.229,0
CAT-EQ-1001,2026-08-25T01:47:16Z,27.6,69.3,63.5,1010.3,0,0,0,0.272,0
CAT-EQ-1001,2026-08-25T02:47:16Z,23.2,68.5,63.5,1011.1,0,0,0,0.313,0
CAT-EQ-1001,2026-08-25T03:47:16Z,6.7,66.5,63.5,1011.9,0,0,0,0.284,0
CAT-EQ-1001,2026-08-25T04:47:16Z,23.2,65.3,63.5,1012.7,0,0,0,0.367,0
CAT-EQ-1001,2026-08-25T05:47:16Z,21.1,64.7,63.5,1013.5,0,0,0,0.105,0
CAT-EQ-1001,2026-08-25T06:47:16Z,29.2,62.9,63.5,1014.3,0,0,0,0.171,0
CAT-EQ-1001,2026-08-25T07:47:16Z,17.0,62.1,63.5,1015.1,0,0,0,0.12,0
CAT-EQ-1001,2026-08-25T08:47:16Z,0.0,61.4,63.7,1015.1,0,0,0,0.204,0
CAT-EQ-1001,2026-08-25T09:47:16Z,0.0,60.7,63.9,1015.1,0,0,0,0.249,0
CAT-EQ-1001,2026-08-25T10:47:16Z,0.0,59.8,64.1,1015.1,0,0,0,0.409,0
CAT-EQ-1001,2026-08-25T11:47:16Z,0.0,59.0,64.3,1015.1,0,0,0,0.435,0
CAT-EQ-1001,2026-08-25T12:47:16Z,0.0,58.3,64.5,1015.1,0,0,0,0.413,0
CAT-EQ-1001,2026-08-25T13:47:16Z,0.0,56.9,64.7,1015.1,0,0,0,0.153,0
CAT-EQ-1001,2026-08-25T14:47:16Z,0.0,55.0,64.9,1015.1,0,0,0,0.421,0
CAT-EQ-1001,2026-08-25T15:47:16Z,0.0,53.2,65.1,1015.1,0,0,0,0.101,0
CAT-EQ-1001,2026-08-25T16:47:16Z,0.0,51.5,65.3,1015.1,0,0,0,0.352,0
CAT-EQ-1001,2026-08-25T17:47:16Z,0.0,50.9,65.5,1015.1,0,0,0,0.197,0
CAT-EQ-1001,2026-08-25T18:47:16Z,0.0,50.1,65.7,1015.1,0,0,0,0.248,0
CAT-EQ-1001,2026-08-25T19:47:16Z,0.0,48.3,65.9,1015.1,0,0,0,0.329,0
CAT-EQ-1001,2026-08-25T20:47:16Z,11.1,46.9,65.9,1015.9,0,0,0,0.235,0
CAT-EQ-1001,2026-08-25T21:47:16Z,19.5,45.2,65.9,1016.7,0,0,0,0.182,0
CAT-EQ-1001,2026-08-25T22:47:16Z,5.1,43.7,65.9,1017.5,0,0,0,0.121,0
CAT-EQ-1001,2026-08-25T23:47:16Z,13.7,41.8,65.9,1018.3,0,0,0,0.399,0
CAT-EQ-1001,2026-08-26T00:47:16Z,29.3,39.9,65.9,1019.1,0,0,0,0.437,0
CAT-EQ-1001,2026-08-26T01:47:16Z,22.6,37.8,65.9,1019.9,0,0,0,0.332,0
CAT-EQ-1001,2026-08-26T02:47:16Z,6.8,37.2,65.9,1020.7,0,0,0,0.127,0
CAT-EQ-1001,2026-08-26T03:47:16Z,19.2,36.4,65.9,1021.5,0,0,0,0.344,0
CAT-EQ-1001,2026-08-26T04:47:16Z,12.5,34.6,65.9,1022.3,0,0,0,0.155,0
CAT-EQ-1001,2026-08-26T05:47:16Z,27.0,33.2,65.9,1023.1,0,0,0,0.338,0
CAT-EQ-1001,2026-08-26T06:47:16Z,26.9,31.2,65.9,1023.9,0,0,0,0.248,0
CAT-EQ-1001,2026-08-26T07:47:16Z,8.9,29.0,65.9,1024.7,0,0,0,0.317,0
CAT-EQ-1001,2026-08-26T08:47:16Z,0.0,27.3,66.1,1024.7,0,0,0,0.386,0
CAT-EQ-1001,2026-08-26T09:47:16Z,0.0,25.7,66.3,1024.7,0,0,0,0.381,0
CAT-EQ-1001,2026-08-26T10:47:16Z,0.0,25.0,66.5,1024.7,0,0,0,0.396,0
CAT-EQ-1001,2026-08-26T11:47:16Z,0.0,23.6,66.7,1024.7,0,0,0,0.365,0
CAT-EQ-1001,2026-08-26T12:47:16Z,0.0,22.0,66.9,1024.7,0,0,0,0.442,0
CAT-EQ-1001,2026-08-26T13:47:16Z,0.0,20.1,67.1,1024.7,0,0,0,0.43,0
CAT-EQ-1001,2026-08-26T14:47:16Z,0.0,95.0,67.3,1024.7,0,0,0,0.363,0
CAT-EQ-1001,2026-08-26T15:47:16Z,0.0,93.3,67.5,1024.7,0,0,0,0.36,0
CAT-EQ-1001,2026-08-26T16:47:16Z,0.0,92.6,67.7,1024.7,0,0,0,0.305,0
CAT-EQ-1001,2026-08-26T17:47:16Z,0.0,91.8,67.9,1024.7,0,0,0,0.133,0
CAT-EQ-1001,2026-08-26T18:47:16Z,0.0,89.9,68.1,1024.7,0,0,0,0.156,0
CAT-EQ-1001,2026-08-26T19:47:16Z,0.0,88.2,68.3,1024.7,0,0,0,0.219,0
CAT-EQ-1001,2026-08-26T20:47:16Z,24.6,86.2,68.3,1025.5,0,0,0,0.371,0
CAT-EQ-1001,2026-08-26T21:47:16Z,14.7,85.6,68.3,1026.3,0,0,0,0.274,0
CAT-EQ-1001,2026-08-26T22:47:16Z,25.1,84.2,68.3,1027.1,0,0,0,0.131,0
CAT-EQ-1001,2026-08-26T23:47:16Z,7.4,83.4,68.3,1027.9,0,0,0,0.131,0
CAT-EQ-1001,2026-08-27T00:47:16Z,9.5,82.1,68.3,1028.7,0,0,0,0.328,0
CAT-EQ-1001,2026-08-27T01:47:16Z,8.5,81.5,68.3,1029.5,0,0,0,0.4,0
CAT-EQ-1001,2026-08-27T02:47:16Z,27.9,79.6,68.3,1030.3,0,0,0,0.339,0
CAT-EQ-1001,2026-08-27T03:47:16Z,17.6,77.9,68.3,1031.1,0,0,0,0.359,0
CAT-EQ-1001,2026-08-27T04:47:16Z,11.1,53.9,68.3,1031.9,0,1,0,0.655,1
CAT-EQ-1001,2026-08-27T05:47:16Z,15.0,52.6,68.3,1032.7,0,0,0,0.325,0
CAT-EQ-1001,2026-08-27T06:47:16Z,27.5,50.9,68.3,1033.5,0,0,0,0.369,0
CAT-EQ-1001,2026-08-27T07:47:16Z,10.0,48.7,68.3,1034.3,0,0,0,0.267,0
CAT-EQ-1001,2026-08-27T08:47:16Z,0.0,47.9,68.5,1034.3,0,0,0,0.212,0
CAT-EQ-1001,2026-08-27T09:47:16Z,0.0,46.8,68.7,1034.3,0,0,0,0.251,0
CAT-EQ-1001,2026-08-27T10:47:16Z,0.0,44.8,68.9,1034.3,0,0,0,0.194,0
CAT-EQ-1001,2026-08-27T11:47:16Z,0.0,44.2,69.1,1034.3,0,0,0,0.349,0
CAT-EQ-1001,2026-08-27T12:47:16Z,0.0,42.6,69.3,1034.3,0,0,0,0.132,0
CAT-EQ-1001,2026-08-27T13:47:16Z,0.0,40.8,69.5,1034.3,0,0,0,0.247,0
CAT-EQ-1001,2026-08-27T14:47:16Z,0.0,40.0,69.7,1034.3,0,0,0,0.343,0
CAT-EQ-1001,2026-08-27T15:47:16Z,0.0,95.0,69.9,1034.3,0,1,0,0.627,1
CAT-EQ-1001,2026-08-27T16:47:16Z,0.0,93.9,70.1,1034.3,0,0,0,0.36,0
CAT-EQ-1001,2026-08-27T17:47:16Z,0.0,93.2,70.3,1034.3,0,0,0,0.403,0
CAT-EQ-1001,2026-08-27T18:47:16Z,0.0,92.0,70.5,1034.3,0,0,0,0.258,0
CAT-EQ-1001,2026-08-27T19:47:16Z,0.0,90.7,70.7,1034.3,0,0,0,0.177,0
CAT-EQ-1001,2026-08-27T20:47:16Z,29.5,90.0,70.7,1035.1,0,0,0,0.433,0
CAT-EQ-1001,2026-08-27T21:47:16Z,29.3,66.0,70.7,1035.9,0,1,0,0.914,1
CAT-EQ-1001,2026-08-27T22:47:16Z,17.6,64.4,70.7,1036.7,0,0,0,0.223,0
CAT-EQ-1001,2026-08-27T23:47:16Z,18.6,63.7,70.7,1037.5,0,0,0,0.162,0
CAT-EQ-1001,2026-08-28T00:47:16Z,19.9,61.7,70.7,1038.3,0,0,0,0.199,0
CAT-EQ-1001,2026-08-28T01:47:16Z,20.5,59.5,70.7,1039.1,0,0,0,0.327,0
CAT-EQ-1001,2026-08-28T02:47:16Z,20.4,57.8,70.7,1039.9,0,0,0,0.255,0
CAT-EQ-1001,2026-08-28T03:47:16Z,19.5,56.5,70.7,1040.7,0,0,0,0.233,0
CAT-EQ-1001,2026-08-28T04:47:16Z,9.9,54.4,70.7,1041.5,0,0,0,0.387,0
CAT-EQ-1001,2026-08-28T05:47:16Z,22.6,30.4,70.7,1042.3,0,1,0,0.699,1
CAT-EQ-1001,2026-08-28T06:47:16Z,27.0,28.5,70.7,1043.1,0,0,0,0.415,0
CAT-EQ-1001,2026-08-28T07:47:16Z,15.4,27.4,70.7,1043.9,0,0,0,0.31,0
CAT-EQ-1001,2026-08-28T08:47:16Z,0.0,25.2,70.9,1043.9,0,0,0,0.167,0
CAT-EQ-1001,2026-08-28T09:47:16Z,0.0,23.4,71.1,1043.9,0,0,0,0.323,0
CAT-EQ-1001,2026-08-28T10:47:16Z,0.0,21.3,71.3,1043.9,0,0,0,0.135,0
CAT-EQ-1001,2026-08-28T11:47:16Z,0.0,95.0,71.5,1043.9,0,0,0,0.32,0
CAT-EQ-1001,2026-08-28T12:47:16Z,0.0,92.9,71.7,1043.9,0,0,0,0.253,0
CAT-EQ-1001,2026-08-28T13:47:16Z,0.0,92.3,71.9,1043.9,0,0,0,0.128,0
CAT-EQ-1001,2026-08-28T14:47:16Z,0.0,91.6,72.1,1043.9,0,0,0,0.225,0
CAT-EQ-1001,2026-08-28T15:47:16Z,0.0,90.6,72.3,1043.9,0,0,0,0.373,0
CAT-EQ-1001,2026-08-28T16:47:16Z,0.0,89.0,72.5,1043.9,0,0,0,0.32,0
CAT-EQ-1001,2026-08-28T17:47:16Z,0.0,88.3,72.7,1043.9,0,0,0,0.137,0
CAT-EQ-1001,2026-08-28T18:47:16Z,0.0,87.7,72.9,1043.9,0,0,0,0.393,0
CAT-EQ-1001,2026-08-28T19:47:16Z,0.0,87.1,73.1,1043.9,0,0,0,0.127,0
CAT-EQ-1001,2026-08-28T20:47:16Z,22.2,85.1,73.1,1044.7,0,0,0,0.104,0
CAT-EQ-1001,2026-08-28T21:47:16Z,9.5,84.5,73.1,1045.5,0,0,0,0.269,0
CAT-EQ-1001,2026-08-28T22:47:16Z,20.4,82.8,73.1,1046.3,0,0,0,0.11,0
CAT-EQ-1001,2026-08-28T23:47:16Z,5.6,80.8,73.1,1047.1,0,0,0,0.215,0
CAT-EQ-1001,2026-08-29T00:47:16Z,10.5,79.8,73.1,1047.9,0,0,0,0.222,0
CAT-EQ-1001,2026-08-29T01:47:16Z,18.8,78.5,73.1,1048.7,0,0,0,0.168,0
CAT-EQ-1001,2026-08-29T02:47:16Z,9.3,77.5,73.1,1049.5,0,0,0,0.368,0
CAT-EQ-1001,2026-08-29T03:47:16Z,12.8,76.2,73.1,1050.3,0,0,0,0.361,0
CAT-EQ-1001,2026-08-29T04:47:16Z,25.4,75.0,73.1,1051.1,0,0,0,0.321,0
CAT-EQ-1001,2026-08-29T05:47:16Z,6.6,73.6,73.1,1051.9,0,0,0,0.389,0
CAT-EQ-1001,2026-08-29T06:47:16Z,21.1,73.0,73.1,1052.7,0,0,0,0.377,0
CAT-EQ-1001,2026-08-29T07:47:16Z,13.9,71.9,73.1,1053.5,0,0,0,0.212,0
CAT-EQ-1001,2026-08-29T08:47:16Z,0.0,70.6,73.3,1053.5,0,0,0,0.297,0
CAT-EQ-1001,2026-08-29T09:47:16Z,0.0,69.2,73.5,1053.5,0,0,0,0.313,0
CAT-EQ-1001,2026-08-29T10:47:16Z,0.0,68.6,73.7,1053.5,0,0,0,0.365,0
CAT-EQ-1001,2026-08-29T11:47:16Z,0.0,67.8,73.9,1053.5,0,0,0,0.447,0
CAT-EQ-1001,2026-08-29T12:47:16Z,0.0,67.0,74.1,1053.5,0,0,0,0.302,0
CAT-EQ-1001,2026-08-29T13:47:16Z,0.0,65.0,74.3,1053.5,0,0,0,0.2,0
CAT-EQ-1001,2026-08-29T14:47:16Z,0.0,63.0,74.5,1053.5,0,0,0,0.326,0
CAT-EQ-1001,2026-08-29T15:47:16Z,0.0,61.1,74.7,1053.5,0,0,0,0.364,0
CAT-EQ-1001,2026-08-29T16:47:16Z,0.0,60.1,74.9,1053.5,0,0,0,0.344,0
CAT-EQ-1001,2026-08-29T17:47:16Z,0.0,57.9,75.1,1053.5,0,0,0,0.316,0
CAT-EQ-1001,2026-08-29T18:47:16Z,0.0,57.4,75.3,1053.5,0,0,0,0.341,0
CAT-EQ-1001,2026-08-29T19:47:16Z,0.0,56.6,75.5,1053.5,0,0,0,0.416,0
CAT-EQ-1001,2026-08-29T20:47:16Z,29.7,55.7,75.5,1054.3,0,0,0,0.432,0
CAT-EQ-1001,2026-08-29T21:47:16Z,6.9,53.8,75.5,1055.1,0,0,0,0.148,0
CAT-EQ-1001,2026-08-29T22:47:16Z,16.5,52.0,75.5,1055.9,0,0,0,0.245,0
CAT-EQ-1001,2026-08-29T23:47:16Z,16.2,50.5,75.5,1056.7,0,0,0,0.213,0
CAT-EQ-1001,2026-08-30T00:47:16Z,23.3,49.5,75.5,1057.5,0,0,0,0.406,0
CAT-EQ-1001,2026-08-30T01:47:16Z,21.5,48.9,75.5,1058.3,0,0,0,0.105,0
CAT-EQ-1001,2026-08-30T02:47:16Z,10.4,48.2,75.5,1059.1,0,0,0,0.285,0
CAT-EQ-1001,2026-08-30T03:47:16Z,26.5,46.9,75.5,1059.9,0,0,0,0.42,0
CAT-EQ-1001,2026-08-30T04:47:16Z,10.5,45.0,75.5,1060.7,0,0,0,0.166,0
CAT-EQ-1001,2026-08-30T05:47:16Z,11.9,43.0,75.5,1061.5,0,0,0,0.407,0
CAT-EQ-1001,2026-08-30T06:47:16Z,23.6,42.2,75.5,1062.3,0,0,0,0.258,0
CAT-EQ-1001,2026-08-30T07:47:16Z,11.6,40.9,75.5,1063.1,0,0,0,0.278,0
CAT-EQ-1001,2026-08-30T08:47:16Z,0.0,40.3,75.7,1063.1,0,0,0,0.248,0
CAT-EQ-1001,2026-08-30T09:47:16Z,0.0,38.7,75.9,1063.1,0,0,0,0.252,0
CAT-EQ-1001,2026-08-30T10:47:16Z,0.0,36.6,76.1,1063.1,0,0,0,0.112,0
CAT-EQ-1001,2026-08-30T11:47:16Z,0.0,35.9,76.3,1063.1,0,0,0,0.351,0
CAT-EQ-1001,2026-08-30T12:47:16Z,0.0,34.2,76.5,1063.1,0,0,0,0.172,0
CAT-EQ-1001,2026-08-30T13:47:16Z,0.0,33.2,76.7,1063.1,0,0,0,0.133,0
CAT-EQ-1001,2026-08-30T14:47:16Z,0.0,31.9,76.9,1063.1,0,0,0,0.184,0
CAT-EQ-1001,2026-08-30T15:47:16Z,0.0,31.1,77.1,1063.1,0,0,0,0.104,0
CAT-EQ-1001,2026-08-30T16:47:16Z,0.0,30.3,77.3,1063.1,0,0,0,0.338,0
CAT-EQ-1001,2026-08-30T17:47:16Z,0.0,28.1,77.5,1063.1,0,0,0,0.187,0
CAT-EQ-1001,2026-08-30T18:47:16Z,0.0,26.7,77.7,1063.1,0,0,0,0.284,0
CAT-EQ-1001,2026-08-30T19:47:16Z,0.0,26.0,77.9,1063.1,0,0,0,0.258,0
CAT-EQ-1001,2026-08-30T20:47:16Z,23.4,24.7,77.9,1063.9,0,0,0,0.223,0
CAT-EQ-1001,2026-08-30T21:47:16Z,22.8,22.7,77.9,1064.7,0,0,0,0.139,0
CAT-EQ-1001,2026-08-30T22:47:16Z,22.1,20.6,77.9,1065.5,0,0,0,0.15,0
CAT-EQ-1001,2026-08-30T23:47:16Z,17.4,95.0,77.9,1066.3,0,0,0,0.168,0
CAT-EQ-1001,2026-08-31T00:47:16Z,28.9,93.0,77.9,1067.1,0,0,0,0.257,0
CAT-EQ-1001,2026-08-31T01:47:16Z,29.0,91.4,77.9,1067.9,0,0,0,0.246,0
CAT-EQ-1001,2026-08-31T02:47:16Z,29.8,90.0,77.9,1068.7,0,0,0,0.252,0
CAT-EQ-1001,2026-08-31T03:47:16Z,16.4,89.0,77.9,1069.5,0,0,0,0.34,0
CAT-EQ-1001,2026-08-31T04:47:16Z,16.7,87.4,77.9,1070.3,0,0,0,0.201,0
CAT-EQ-1001,2026-08-31T05:47:16Z,25.0,86.4,77.9,1071.1,0,0,0,0.207,0
CAT-EQ-1001,2026-08-31T06:47:16Z,15.8,62.4,77.9,1071.9,0,1,0,0.699,1
CAT-EQ-1001,2026-08-31T07:47:16Z,26.5,61.7,77.9,1072.7,0,0,0,0.449,0
CAT-EQ-1001,2026-08-31T08:47:16Z,0.0,61.0,78.1,1072.7,0,0,0,0.224,0
CAT-EQ-1001,2026-08-31T09:47:16Z,0.0,59.8,78.3,1072.7,0,0,0,0.191,0
CAT-EQ-1001,2026-08-31T10:47:16Z,0.0,58.4,78.5,1072.7,0,0,0,0.302,0
CAT-EQ-1001,2026-08-31T11:47:16Z,0.0,57.6,78.7,1072.7,0,0,0,0.13,0
CAT-EQ-1001,2026-08-31T12:47:16Z,0.0,56.2,78.9,1072.7,0,0,0,0.253,0
CAT-EQ-1001,2026-08-31T13:47:16Z,0.0,55.2,79.1,1072.7,0,0,0,0.264,0
CAT-EQ-1001,2026-08-31T14:47:16Z,0.0,54.0,79.3,1072.7,0,0,0,0.435,0
CAT-EQ-1001,2026-08-31T15:47:16Z,0.0,52.4,79.5,1072.7,0,0,0,0.279,0
CAT-EQ-1001,2026-08-31T16:47:16Z,0.0,51.0,79.7,1072.7,0,0,0,0.237,0
CAT-EQ-1001,2026-08-31T17:47:16Z,0.0,27.0,79.9,1072.7,0,1,0,0.761,1
CAT-EQ-1001,2026-08-31T18:47:16Z,0.0,25.1,80.1,1072.7,0,0,0,0.134,0
CAT-EQ-1001,2026-08-31T19:47:16Z,0.0,24.0,80.3,1072.7,0,0,0,0.336,0
CAT-EQ-1001,2026-08-31T20:47:16Z,23.5,23.2,80.3,1073.5,0,0,0,0.178,0
CAT-EQ-1001,2026-08-31T21:47:16Z,21.9,22.2,80.3,1074.3,0,0,0,0.27,0
CAT-EQ-1001,2026-08-31T22:47:16Z,22.2,95.0,80.3,1075.1,0,1,0,0.634,1
CAT-EQ-1001,2026-08-31T23:47:16Z,10.1,93.7,80.3,1075.9,0,0,0,0.242,0
CAT-EQ-1001,2026-09-01T00:47:16Z,29.6,92.3,80.3,1076.7,0,0,0,0.401,0
CAT-EQ-1001,2026-09-01T01:47:16Z,20.4,91.5,80.3,1077.5,0,0,0,0.16,0
CAT-EQ-1001,2026-09-01T02:47:16Z,23.5,90.5,80.3,1078.3,0,0,0,0.273,0
CAT-EQ-1001,2026-09-01T03:47:16Z,21.7,89.8,80.3,1079.1,0,0,0,0.11,0
CAT-EQ-1001,2026-09-01T04:47:16Z,16.4,65.8,80.3,1079.9,0,1,0,0.913,1
CAT-EQ-1001,2026-09-01T05:47:16Z,20.5,63.7,80.3,1080.7,0,0,0,0.197,0
CAT-EQ-1001,2026-09-01T06:47:16Z,29.5,62.3,80.3,1081.5,0,0,0,0.237,0
CAT-EQ-1001,2026-09-01T07:47:16Z,6.6,60.6,80.3,1082.3,0,0,0,0.375,0
CAT-EQ-1001,2026-09-01T08:47:16Z,0.0,59.6,80.5,1082.3,0,0,0,0.326,0
CAT-EQ-1001,2026-09-01T09:47:16Z,0.0,58.0,80.7,1082.3,0,0,0,0.371,0
CAT-EQ-1001,2026-09-01T10:47:16Z,0.0,56.9,80.9,1082.3,0,0,0,0.316,0
CAT-EQ-1001,2026-09-01T11:47:16Z,0.0,55.0,81.1,1082.3,0,0,0,0.137,0
CAT-EQ-1001,2026-09-01T12:47:16Z,0.0,53.2,81.3,1082.3,0,0,0,0.356,0
CAT-EQ-1001,2026-09-01T13:47:16Z,0.0,52.4,81.5,1082.3,0,0,0,0.247,0
CAT-EQ-1001,2026-09-01T14:47:16Z,0.0,51.7,81.7,1082.3,0,0,0,0.367,0
CAT-EQ-1001,2026-09-01T15:47:16Z,0.0,49.6,81.9,1082.3,0,0,0,0.232,0
CAT-EQ-1001,2026-09-01T16:47:16Z,0.0,48.8,82.1,1082.3,0,0,0,0.2,0
CAT-EQ-1001,2026-09-01T17:47:16Z,0.0,46.9,82.3,1082.3,0,0,0,0.304,0
CAT-EQ-1001,2026-09-01T18:47:16Z,0.0,46.1,82.5,1082.3,0,0,0,0.226,0
CAT-EQ-1001,2026-09-01T19:47:16Z,0.0,45.4,82.7,1082.3,0,0,0,0.419,0
CAT-EQ-1001,2026-09-01T20:47:16Z,21.1,44.0,82.7,1083.1,0,0,0,0.316,0
CAT-EQ-1001,2026-09-01T21:47:16Z,19.0,42.7,82.7,1083.9,0,0,0,0.127,0
CAT-EQ-1001,2026-09-01T22:47:16Z,24.6,41.8,82.7,1084.7,0,0,0,0.178,0
CAT-EQ-1001,2026-09-01T23:47:16Z,28.5,40.1,82.7,1085.5,0,0,0,0.439,0
CAT-EQ-1001,2026-09-02T00:47:16Z,6.9,38.1,82.7,1086.3,0,0,0,0.12,0
CAT-EQ-1001,2026-09-02T01:47:16Z,22.4,36.0,82.7,1087.1,0,0,0,0.218,0
CAT-EQ-1001,2026-09-02T02:47:16Z,11.5,35.3,82.7,1087.9,0,0,0,0.423,0
CAT-EQ-1001,2026-09-02T03:47:16Z,21.6,34.6,82.7,1088.7,0,0,0,0.346,0
CAT-EQ-1001,2026-09-02T04:47:16Z,24.1,32.5,82.7,1089.5,0,0,0,0.128,0
CAT-EQ-1001,2026-09-02T05:47:16Z,18.8,32.0,82.7,1090.3,0,0,0,0.328,0
CAT-EQ-1001,2026-09-02T06:47:16Z,15.8,29.8,82.7,1091.1,0,0,0,0.371,0
CAT-EQ-1001,2026-09-02T07:47:16Z,25.3,28.1,82.7,1091.9,0,0,0,0.118,0
CAT-EQ-1001,2026-09-02T08:47:16Z,0.0,26.9,82.9,1091.9,0,0,0,0.253,0
CAT-EQ-1001,2026-09-02T09:47:16Z,0.0,25.8,83.1,1091.9,0,0,0,0.12,0
CAT-EQ-1001,2026-09-02T10:47:16Z,0.0,24.9,83.3,1091.9,0,0,0,0.378,0
CAT-EQ-1001,2026-09-02T11:47:16Z,0.0,24.4,83.5,1091.9,0,0,0,0.127,0
CAT-EQ-1001,2026-09-02T12:47:16Z,0.0,23.8,83.7,1091.9,0,0,0,0.185,0
CAT-EQ-1002,2026-08-19T13:47:16Z,0.0,94.4,102.9,809.4,0,0,0,0.273,0
CAT-EQ-1002,2026-08-19T14:47:16Z,0.0,92.3,103.1,809.4,0,0,0,0.429,0
CAT-EQ-1002,2026-08-19T15:47:16Z,0.0,90.7,103.3,809.4,0,0,0,0.344,0
CAT-EQ-1002,2026-08-19T16:47:16Z,0.0,88.7,103.5,809.4,0,0,0,0.198,0
CAT-EQ-1002,2026-08-19T17:47:16Z,0.0,86.5,103.7,809.4,0,0,0,0.174,0
CAT-EQ-1002,2026-08-19T18:47:16Z,0.0,85.8,103.9,809.4,0,0,0,0.327,0
CAT-EQ-1002,2026-08-19T19:47:16Z,0.0,84.4,104.1,809.4,0,0,0,0.234,0
CAT-EQ-1002,2026-08-19T20:47:16Z,25.7,82.9,104.1,810.2,0,0,0,0.235,0
CAT-EQ-1002,2026-08-19T21:47:16Z,6.1,81.7,104.1,811.0,0,0,0,0.29,0
CAT-EQ-1002,2026-08-19T22:47:16Z,13.7,79.6,104.1,811.8,0,0,0,0.384,0
CAT-EQ-1002,2026-08-19T23:47:16Z,19.8,77.7,104.1,812.6,0,0,0,0.355,0
CAT-EQ-1002,2026-08-20T00:47:16Z,23.4,76.6,104.1,813.4,0,0,0,0.4,0
CAT-EQ-1002,2026-08-20T01:47:16Z,28.4,75.1,104.1,814.2,0,0,0,0.233,0
CAT-EQ-1002,2026-08-20T02:47:16Z,23.6,74.6,104.1,815.0,0,0,0,0.13,0
CAT-EQ-1002,2026-08-20T03:47:16Z,11.2,73.4,104.1,815.8,0,0,0,0.331,0
CAT-EQ-1002,2026-08-20T04:47:16Z,24.6,72.7,104.1,816.6,0,0,0,0.193,0
CAT-EQ-1002,2026-08-20T05:47:16Z,9.5,71.4,104.1,817.4,0,0,0,0.396,0
CAT-EQ-1002,2026-08-20T06:47:16Z,10.4,70.4,104.1,818.2,0,0,0,0.122,0
CAT-EQ-1002,2026-08-20T07:47:16Z,9.5,68.5,104.1,819.0,0,0,0,0.151,0
CAT-EQ-1002,2026-08-20T08:47:16Z,0.0,67.8,104.3,819.0,0,0,0,0.401,0
CAT-EQ-1002,2026-08-20T09:47:16Z,0.0,66.0,104.5,819.0,0,0,0,0.191,0
CAT-EQ-1002,2026-08-20T10:47:16Z,0.0,64.1,104.7,819.0,0,0,0,0.31,0
CAT-EQ-1002,2026-08-20T11:47:16Z,0.0,62.8,104.9,819.0,0,0,0,0.214,0
CAT-EQ-1002,2026-08-20T12:47:16Z,0.0,61.6,105.1,819.0,0,0,0,0.15,0
CAT-EQ-1002,2026-08-20T13:47:16Z,0.0,60.5,105.3,819.0,0,0,0,0.265,0
CAT-EQ-1002,2026-08-20T14:47:16Z,0.0,59.8,105.5,819.0,0,0,0,0.419,0
CAT-EQ-1002,2026-08-20T15:47:16Z,0.0,57.9,105.7,819.0,0,0,0,0.278,0
CAT-EQ-1002,2026-08-20T16:47:16Z,0.0,57.0,105.9,819.0,0,0,0,0.354,0
CAT-EQ-1002,2026-08-20T17:47:16Z,0.0,56.4,106.1,819.0,0,0,0,0.179,0
CAT-EQ-1002,2026-08-20T18:47:16Z,0.0,55.0,106.3,819.0,0,0,0,0.397,0
CAT-EQ-1002,2026-08-20T19:47:16Z,0.0,53.7,106.5,819.0,0,0,0,0.194,0
CAT-EQ-1002,2026-08-20T20:47:16Z,25.9,52.8,106.5,819.8,0,0,0,0.26,0
CAT-EQ-1002,2026-08-20T21:47:16Z,23.7,51.0,106.5,820.6,0,0,0,0.223,0
CAT-EQ-1002,2026-08-20T22:47:16Z,17.6,49.5,106.5,821.4,0,0,0,0.299,0
CAT-EQ-1002,2026-08-20T23:47:16Z,25.7,47.7,106.5,822.2,0,0,0,0.148,0
CAT-EQ-1002,2026-08-21T00:47:16Z,11.5,47.0,106.5,823.0,0,0,0,0.302,0
CAT-EQ-1002,2026-08-21T01:47:16Z,20.8,45.0,106.5,823.8,0,0,0,0.192,0
CAT-EQ-1002,2026-08-21T02:47:16Z,18.9,44.3,106.5,824.6,0,0,0,0.342,0
CAT-EQ-1002,2026-08-21T03:47:16Z,29.7,42.3,106.5,825.4,0,0,0,0.241,0
CAT-EQ-1002,2026-08-21T04:47:16Z,18.9,40.2,106.5,826.2,0,0,0,0.316,0
CAT-EQ-1002,2026-08-21T05:47:16Z,29.9,39.1,106.5,827.0,0,0,0,0.257,0
CAT-EQ-1002,2026-08-21T06:47:16Z,25.9,38.4,106.5,827.8,0,0,0,0.421,0
CAT-EQ-1002,2026-08-21T07:47:16Z,28.4,36.9,106.5,828.6,0,0,0,0.233,0
CAT-EQ-1002,2026-08-21T08:47:16Z,0.0,35.4,106.7,828.6,0,0,0,0.204,0
CAT-EQ-1002,2026-08-21T09:47:16Z,0.0,33.4,106.9,828.6,0,0,0,0.249,0
CAT-EQ-1002,2026-08-21T10:47:16Z,0.0,32.6,107.1,828.6,0,0,0,0.357,0
CAT-EQ-1002,2026-08-21T11:47:16Z,0.0,31.2,107.3,828.6,0,0,0,0.135,0
CAT-EQ-1002,2026-08-21T12:47:16Z,0.0,30.2,107.5,828.6,0,0,0,0.201,0
CAT-EQ-1002,2026-08-21T13:47:16Z,0.0,28.4,107.7,828.6,0,0,0,0.149,0
CAT-EQ-1002,2026-08-21T14:47:16Z,0.0,26.6,107.9,828.6,0,0,0,0.436,0
CAT-EQ-1002,2026-08-21T15:47:16Z,0.0,26.1,108.1,828.6,0,0,0,0.171,0
CAT-EQ-1002,2026-08-21T16:47:16Z,0.0,24.4,108.3,828.6,0,0,0,0.203,0
CAT-EQ-1002,2026-08-21T17:47:16Z,0.0,22.5,108.5,828.6,0,0,0,0.192,0
CAT-EQ-1002,2026-08-21T18:47:16Z,0.0,20.7,108.7,828.6,0,0,0,0.128,0
CAT-EQ-1002,2026-08-21T19:47:16Z,0.0,95.0,108.9,828.6,0,0,0,0.321,0
CAT-EQ-1002,2026-08-21T20:47:16Z,17.8,94.0,108.9,829.4,0,0,0,0.426,0
CAT-EQ-1002,2026-08-21T21:47:16Z,24.9,92.3,108.9,830.2,0,0,0,0.322,0
CAT-EQ-1002,2026-08-21T22:47:16Z,5.2,90.2,108.9,831.0,0,0,0,0.153,0
CAT-EQ-1002,2026-08-21T23:47:16Z,25.3,89.4,108.9,831.8,0,0,0,0.4,0
CAT-EQ-1002,2026-08-22T00:47:16Z,94.5,88.0,108.9,832.6,1,0,0,0.746,1
CAT-EQ-1002,2026-08-22T01:47:16Z,11.6,86.4,108.9,833.4,0,0,0,0.163,0
CAT-EQ-1002,2026-08-22T02:47:16Z,12.5,85.0,108.9,834.2,0,0,0,0.225,0
CAT-EQ-1002,2026-08-22T03:47:16Z,17.0,83.0,108.9,835.0,0,0,0,0.439,0
CAT-EQ-1002,2026-08-22T04:47:16Z,13.1,81.8,108.9,835.8,0,0,0,0.344,0
CAT-EQ-1002,2026-08-22T05:47:16Z,22.6,79.9,108.9,836.6,0,0,0,0.182,0
CAT-EQ-1002,2026-08-22T06:47:16Z,12.3,78.1,108.9,837.4,0,0,0,0.192,0
CAT-EQ-1002,2026-08-22T07:47:16Z,12.9,76.9,108.9,838.2,0,0,0,0.355,0
CAT-EQ-1002,2026-08-22T08:47:16Z,0.0,75.9,109.1,838.2,0,0,0,0.158,0
CAT-EQ-1002,2026-08-22T09:47:16Z,0.0,73.7,109.3,838.2,0,0,0,0.312,0
CAT-EQ-1002,2026-08-22T10:47:16Z,0.0,71.9,109.5,838.2,0,0,0,0.419,0
CAT-EQ-1002,2026-08-22T11:47:16Z,0.0,70.3,109.7,838.2,0,0,0,0.169,0
CAT-EQ-1002,2026-08-22T12:47:16Z,0.0,68.3,109.9,838.2,0,0,0,0.419,0
CAT-EQ-1002,2026-08-22T13:47:16Z,0.0,66.6,110.1,838.2,0,0,0,0.107,0
CAT-EQ-1002,2026-08-22T14:47:16Z,0.0,65.4,110.3,838.2,0,0,0,0.206,0
CAT-EQ-1002,2026-08-22T15:47:16Z,0.0,64.5,110.5,838.2,0,0,0,0.374,0
CAT-EQ-1002,2026-08-22T16:47:16Z,0.0,62.7,110.7,838.2,0,0,0,0.126,0
CAT-EQ-1002,2026-08-22T17:47:16Z,0.0,61.5,110.9,838.2,0,0,0,0.312,0
CAT-EQ-1002,2026-08-22T18:47:16Z,0.0,59.6,111.1,838.2,0,0,0,0.209,0
CAT-EQ-1002,2026-08-22T19:47:16Z,0.0,59.1,111.3,838.2,0,0,0,0.192,0
CAT-EQ-1002,2026-08-22T20:47:16Z,21.4,58.4,111.3,839.0,0,0,0,0.269,0
CAT-EQ-1002,2026-08-22T21:47:16Z,27.7,57.9,111.3,839.8,0,0,0,0.23,0
CAT-EQ-1002,2026-08-22T22:47:16Z,18.7,55.8,111.3,840.6,0,0,0,0.229,0
CAT-EQ-1002,2026-08-22T23:47:16Z,19.1,53.9,111.3,841.4,0,0,0,0.159,0
CAT-EQ-1002,2026-08-23T00:47:16Z,26.6,53.1,111.3,842.2,0,0,0,0.353,0
CAT-EQ-1002,2026-08-23T01:47:16Z,19.2,52.2,111.3,843.0,0,0,0,0.153,0
CAT-EQ-1002,2026-08-23T02:47:16Z,13.0,51.7,111.3,843.8,0,0,0,0.378,0
CAT-EQ-1002,2026-08-23T03:47:16Z,18.6,50.7,111.3,844.6,0,0,0,0.401,0
CAT-EQ-1002,2026-08-23T04:47:16Z,29.8,49.0,111.3,845.4,0,0,0,0.157,0
CAT-EQ-1002,2026-08-23T05:47:16Z,23.7,46.8,111.3,846.2,0,0,0,0.16,0
CAT-EQ-1002,2026-08-23T06:47:16Z,25.1,45.4,111.3,847.0,0,0,0,0.252,0
CAT-EQ-1002,2026-08-23T07:47:16Z,12.4,44.0,111.3,847.8,0,0,0,0.328,0
CAT-EQ-1002,2026-08-23T08:47:16Z,0.0,43.2,111.5,847.8,0,0,0,0.282,0
CAT-EQ-1002,2026-08-23T09:47:16Z,0.0,41.1,111.7,847.8,0,0,0,0.398,0
CAT-EQ-1002,2026-08-23T10:47:16Z,0.0,39.2,111.9,847.8,0,0,0,0.153,0
CAT-EQ-1002,2026-08-23T11:47:16Z,0.0,38.1,112.1,847.8,0,0,0,0.288,0
CAT-EQ-1002,2026-08-23T12:47:16Z,0.0,36.8,112.3,847.8,0,0,0,0.296,0
CAT-EQ-1002,2026-08-23T13:47:16Z,0.0,34.7,112.5,847.8,0,0,0,0.404,0
CAT-EQ-1002,2026-08-23T14:47:16Z,0.0,33.2,112.7,847.8,0,0,0,0.289,0
CAT-EQ-1002,2026-08-23T15:47:16Z,0.0,32.4,112.9,847.8,0,0,0,0.192,0
CAT-EQ-1002,2026-08-23T16:47:16Z,0.0,30.9,113.1,847.8,0,0,0,0.37,0
CAT-EQ-1002,2026-08-23T17:47:16Z,0.0,29.1,113.3,847.8,0,0,0,0.266,0
CAT-EQ-1002,2026-08-23T18:47:16Z,0.0,26.9,113.5,847.8,0,0,0,0.151,0
CAT-EQ-1002,2026-08-23T19:47:16Z,0.0,25.8,113.7,847.8,0,0,0,0.279,0
CAT-EQ-1002,2026-08-23T20:47:16Z,16.0,24.5,113.7,848.6,0,0,0,0.232,0
CAT-EQ-1002,2026-08-23T21:47:16Z,14.6,23.1,113.7,849.4,0,0,0,0.395,0
CAT-EQ-1002,2026-08-23T22:47:16Z,28.9,21.4,113.7,850.2,0,0,0,0.272,0
CAT-EQ-1002,2026-08-23T23:47:16Z,24.7,20.1,113.7,851.0,0,0,0,0.228,0
CAT-EQ-1002,2026-08-24T00:47:16Z,16.7,95.0,113.7,851.8,0,0,0,0.429,0
CAT-EQ-1002,2026-08-24T01:47:16Z,14.6,94.5,113.7,852.6,0,0,0,0.102,0
CAT-EQ-1002,2026-08-24T02:47:16Z,12.8,93.6,113.7,853.4,0,0,0,0.112,0
CAT-EQ-1002,2026-08-24T03:47:16Z,11.9,91.9,113.7,854.2,0,0,0,0.44,0
CAT-EQ-1002,2026-08-24T04:47:16Z,25.6,89.7,113.7,855.0,0,0,0,0.266,0
CAT-EQ-1002,2026-08-24T05:47:16Z,26.9,89.1,113.7,855.8,0,0,0,0.154,0
CAT-EQ-1002,2026-08-24T06:47:16Z,23.4,87.9,113.7,856.6,0,0,0,0.323,0
CAT-EQ-1002,2026-08-24T07:47:16Z,6.6,85.7,113.7,857.4,0,0,0,0.106,0
CAT-EQ-1002,2026-08-24T08:47:16Z,0.0,84.7,113.9,857.4,0,0,0,0.305,0
CAT-EQ-1002,2026-08-24T09:47:16Z,0.0,82.6,114.1,857.4,0,0,0,0.334,0
CAT-EQ-1002,2026-08-24T10:47:16Z,0.0,81.2,114.3,857.4,0,0,0,0.255,0
CAT-EQ-1002,2026-08-24T11:47:16Z,0.0,79.9,114.5,857.4,0,0,0,0.393,0
CAT-EQ-1002,2026-08-24T12:47:16Z,0.0,78.8,114.7,857.4,0,0,0,0.344,0
CAT-EQ-1002,2026-08-24T13:47:16Z,0.0,78.1,114.9,857.4,0,0,0,0.165,0
CAT-EQ-1002,2026-08-24T14:47:16Z,0.0,76.3,115.1,857.4,0,0,0,0.231,0
CAT-EQ-1002,2026-08-24T15:47:16Z,0.0,75.4,115.3,857.4,0,0,0,0.416,0
CAT-EQ-1002,2026-08-24T16:47:16Z,0.0,74.6,115.5,857.4,0,0,0,0.162,0
CAT-EQ-1002,2026-08-24T17:47:16Z,0.0,73.7,115.7,857.4,0,0,0,0.162,0
CAT-EQ-1002,2026-08-24T18:47:16Z,0.0,72.8,115.9,857.4,0,0,0,0.222,0
CAT-EQ-1002,2026-08-24T19:47:16Z,0.0,71.2,116.1,857.4,0,0,0,0.392,0
CAT-EQ-1002,2026-08-24T20:47:16Z,14.6,69.5,116.1,858.2,0,0,0,0.379,0
CAT-EQ-1002,2026-08-24T21:47:16Z,10.2,67.6,116.1,859.0,0,0,0,0.371,0
CAT-EQ-1002,2026-08-24T22:47:16Z,11.5,66.9,116.1,859.8,0,0,0,0.149,0
CAT-EQ-1002,2026-08-24T23:47:16Z,19.7,65.4,116.1,860.6,0,0,0,0.32,0
CAT-EQ-1002,2026-08-25T00:47:16Z,94.5,64.4,116.1,861.4,1,0,0,0.92,1
CAT-EQ-1002,2026-08-25T01:47:16Z,12.7,63.8,116.1,862.2,0,0,0,0.302,0
CAT-EQ-1002,2026-08-25T02:47:16Z,15.9,62.9,116.1,863.0,0,0,0,0.337,0
CAT-EQ-1002,2026-08-25T03:47:16Z,12.5,61.1,116.1,863.8,0,0,0,0.247,0
CAT-EQ-1002,2026-08-25T04:47:16Z,24.4,60.5,116.1,864.6,0,0,0,0.41,0
CAT-EQ-1002,2026-08-25T05:47:16Z,29.1,58.4,116.1,865.4,0,0,0,0.217,0
CAT-EQ-1002,2026-08-25T06:47:16Z,29.0,56.6,116.1,866.2,0,0,0,0.158,0
CAT-EQ-1002,2026-08-25T07:47:16Z,5.0,55.6,116.1,867.0,0,0,0,0.171,0
CAT-EQ-1002,2026-08-25T08:47:16Z,0.0,53.9,116.3,867.0,0,0,0,0.267,0
CAT-EQ-1002,2026-08-25T09:47:16Z,0.0,52.2,116.5,867.0,0,0,0,0.334,0
CAT-EQ-1002,2026-08-25T10:47:16Z,0.0,50.4,116.7,867.0,0,0,0,0.367,0
CAT-EQ-1002,2026-08-25T11:47:16Z,0.0,48.4,116.9,867.0,0,0,0,0.249,0
CAT-EQ-1002,2026-08-25T12:47:16Z,0.0,47.1,117.1,867.0,0,0,0,0.178,0
CAT-EQ-1002,2026-08-25T13:47:16Z,0.0,46.0,117.3,867.0,0,0,0,0.314,0
CAT-EQ-1002,2026-08-25T14:47:16Z,0.0,44.4,117.5,867.0,0,0,0,0.174,0
CAT-EQ-1002,2026-08-25T15:47:16Z,0.0,42.8,117.7,867.0,0,0,0,0.235,0
CAT-EQ-1002,2026-08-25T16:47:16Z,0.0,40.6,117.9,867.0,0,0,0,0.339,0
CAT-EQ-1002,2026-08-25T17:47:16Z,0.0,40.0,118.1,867.0,0,0,0,0.402,0
CAT-EQ-1002,2026-08-25T18:47:16Z,0.0,95.0,118.3,867.0,0,1,0,0.734,1
CAT-EQ-1002,2026-08-25T19:47:16Z,0.0,92.9,118.5,867.0,0,0,0,0.206,0
CAT-EQ-1002,2026-08-25T20:47:16Z,11.5,91.0,118.5,867.8,0,0,0,0.266,0
CAT-EQ-1002,2026-08-25T21:47:16Z,13.4,89.2,118.5,868.6,0,0,0,0.234,0
CAT-EQ-1002,2026-08-25T22:47:16Z,21.9,87.1,118.5,869.4,0,0,0,0.384,0
CAT-EQ-1002,2026-08-25T23:47:16Z,23.2,86.1,118.5,870.2,0,0,0,0.228,0
CAT-EQ-1002,2026-08-26T00:47:16Z,27.2,85.0,118.5,871.0,0,0,0,0.29,0
CAT-EQ-1002,2026-08-26T01:47:16Z,9.5,84.0,118.5,871.8,0,0,0,0.225,0
CAT-EQ-1002,2026-08-26T02:47:16Z,5.9,83.3,118.5,872.6,0,0,0,0.322,0
CAT-EQ-1002,2026-08-26T03:47:16Z,15.8,81.7,118.5,873.4,0,0,0,0.392,0
CAT-EQ-1002,2026-08-26T04:47:16Z,23.3,81.0,118.5,874.2,0,0,0,0.442,0
CAT-EQ-1002,2026-08-26T05:47:16Z,20.9,78.9,118.5,875.0,0,0,0,0.362,0
CAT-EQ-1002,2026-08-26T06:47:16Z,15.6,77.9,118.5,875.8,0,0,0,0.393,0
CAT-EQ-1002,2026-08-26T07:47:16Z,15.8,77.0,118.5,876.6,0,0,0,0.399,0
CAT-EQ-1002,2026-08-26T08:47:16Z,0.0,75.8,118.7,876.6,0,0,0,0.253,0
CAT-EQ-1002,2026-08-26T09:47:16Z,0.0,74.9,118.9,876.6,0,0,0,0.418,0
CAT-EQ-1002,2026-08-26T10:47:16Z,0.0,73.7,119.1,876.6,0,0,0,0.145,0
CAT-EQ-1002,2026-08-26T11:47:16Z,0.0,71.5,119.3,876.6,0,0,0,0.106,0
CAT-EQ-1002,2026-08-26T12:47:16Z,0.0,70.5,119.5,876.6,0,0,0,0.306,0
CAT-EQ-1002,2026-08-26T13:47:16Z,0.0,69.4,119.7,876.6,0,0,0,0.219,0
CAT-EQ-1002,2026-08-26T14:47:16Z,0.0,68.1,119.9,876.6,0,0,0,0.344,0
CAT-EQ-1002,2026-08-26T15:47:16Z,0.0,67.5,120.1,876.6,0,0,0,0.321,0
CAT-EQ-1002,2026-08-26T16:47:16Z,0.0,66.7,120.3,876.6,0,0,0,0.202,0
CAT-EQ-1002,2026-08-26T17:47:16Z,0.0,66.1,120.5,876.6,0,0,0,0.223,0
CAT-EQ-1002,2026-08-26T18:47:16Z,0.0,65.6,120.7,876.6,0,0,0,0.272,0
CAT-EQ-1002,2026-08-26T19:47:16Z,0.0,64.9,120.9,876.6,0,0,0,0.134,0
CAT-EQ-1002,2026-08-26T20:47:16Z,10.5,64.1,120.9,877.4,0,0,0,0.357,0
CAT-EQ-1002,2026-08-26T21:47:16Z,15.0,62.9,120.9,878.2,0,0,0,0.227,0
CAT-EQ-1002,2026-08-26T22:47:16Z,7.6,61.1,120.9,879.0,0,0,0,0.237,0
CAT-EQ-1002,2026-08-26T23:47:16Z,26.5,59.2,120.9,879.8,0,0,0,0.162,0
CAT-EQ-1002,2026-08-27T00:47:16Z,12.2,57.9,120.9,880.6,0,0,0,0.234,0
CAT-EQ-1002,2026-08-27T01:47:16Z,21.3,56.3,120.9,881.4,0,0,0,0.317,0
CAT-EQ-1002,2026-08-27T02:47:16Z,30.0,54.2,120.9,882.2,0,0,0,0.299,0
CAT-EQ-1002,2026-08-27T03:47:16Z,16.8,52.4,120.9,883.0,0,0,0,0.293,0
CAT-EQ-1002,2026-08-27T04:47:16Z,26.6,51.3,120.9,883.8,0,0,0,0.428,0
CAT-EQ-1002,2026-08-27T05:47:16Z,28.0,49.3,120.9,884.6,0,0,0,0.186,0
CAT-EQ-1002,2026-08-27T06:47:16Z,20.1,47.1,120.9,885.4,0,0,0,0.311,0
CAT-EQ-1002,2026-08-27T07:47:16Z,13.3,45.8,120.9,886.2,0,0,0,0.111,0
CAT-EQ-1002,2026-08-27T08:47:16Z,0.0,43.6,121.1,886.2,0,0,0,0.246,0
CAT-EQ-1002,2026-08-27T09:47:16Z,0.0,42.9,121.3,886.2,0,0,0,0.287,0
CAT-EQ-1002,2026-08-27T10:47:16Z,0.0,41.2,121.5,886.2,0,0,0,0.388,0
CAT-EQ-1002,2026-08-27T11:47:16Z,0.0,39.5,121.7,886.2,0,0,0,0.25,0
CAT-EQ-1002,2026-08-27T12:47:16Z,0.0,38.5,121.9,886.2,0,0,0,0.139,0
CAT-EQ-1002,2026-08-27T13:47:16Z,0.0,37.5,122.1,886.2,0,0,0,0.174,0
CAT-EQ-1002,2026-08-27T14:47:16Z,0.0,36.8,122.3,886.2,0,0,0,0.186,0
CAT-EQ-1002,2026-08-27T15:47:16Z,0.0,35.6,122.5,886.2,0,0,0,0.299,0
CAT-EQ-1002,2026-08-27T16:47:16Z,0.0,34.8,122.7,886.2,0,0,0,0.23,0
CAT-EQ-1002,2026-08-27T17:47:16Z,0.0,32.7,122.9,886.2,0,0,0,0.266,0
CAT-EQ-1002,2026-08-27T18:47:16Z,0.0,30.9,123.1,886.2,0,0,0,0.202,0
CAT-EQ-1002,2026-08-27T19:47:16Z,0.0,30.4,123.3,886.2,0,0,0,0.304,0
CAT-EQ-1002,2026-08-27T20:47:16Z,11.5,28.2,123.3,887.0,0,0,0,0.16,0
CAT-EQ-1002,2026-08-27T21:47:16Z,13.6,27.2,123.3,887.8,0,0,0,0.27,0
CAT-EQ-1002,2026-08-27T22:47:16Z,9.2,25.1,123.3,888.6,0,0,0,0.22,0
CAT-EQ-1002,2026-08-27T23:47:16Z,12.7,23.3,123.3,889.4,0,0,0,0.225,0
CAT-EQ-1002,2026-08-28T00:47:16Z,16.5,21.4,123.3,890.2,0,0,0,0.283,0
CAT-EQ-1002,2026-08-28T01:47:16Z,10.7,20.2,123.3,891.0,0,0,0,0.124,0
CAT-EQ-1002,2026-08-28T02:47:16Z,18.8,95.0,123.3,891.8,0,0,0,0.298,0
CAT-EQ-1002,2026-08-28T03:47:16Z,11.2,93.3,123.3,892.6,0,0,0,0.341,0
CAT-EQ-1002,2026-08-28T04:47:16Z,16.4,91.9,123.3,893.4,0,0,0,0.391,0
CAT-EQ-1002,2026-08-28T05:47:16Z,6.6,91.3,123.3,894.2,0,0,0,0.303,0
CAT-EQ-1002,2026-08-28T06:47:16Z,16.6,90.2,123.3,895.0,0,0,0,0.141,0
CAT-EQ-1002,2026-08-28T07:47:16Z,7.1,89.4,123.3,895.8,0,0,0,0.304,0
CAT-EQ-1002,2026-08-28T08:47:16Z,0.0,87.4,123.5,895.8,0,0,0,0.382,0
CAT-EQ-1002,2026-08-28T09:47:16Z,0.0,86.9,123.7,895.8,0,0,0,0.272,0
CAT-EQ-1002,2026-08-28T10:47:16Z,0.0,85.5,123.9,895.8,0,0,0,0.404,0
CAT-EQ-1002,2026-08-28T11:47:16Z,0.0,84.0,124.1,895.8,0,0,0,0.442,0
CAT-EQ-1002,2026-08-28T12:47:16Z,0.0,83.0,124.3,895.8,0,0,0,0.157,0
CAT-EQ-1002,2026-08-28T13:47:16Z,0.0,82.0,124.5,895.8,0,0,0,0.323,0
CAT-EQ-1002,2026-08-28T14:47:16Z,0.0,80.2,124.7,895.8,0,0,0,0.276,0
CAT-EQ-1002,2026-08-28T15:47:16Z,0.0,79.5,124.9,895.8,0,0,0,0.3,0
CAT-EQ-1002,2026-08-28T16:47:16Z,0.0,77.7,125.1,895.8,0,0,0,0.314,0
CAT-EQ-1002,2026-08-28T17:47:16Z,0.0,75.5,125.3,895.8,0,0,0,0.373,0
CAT-EQ-1002,2026-08-28T18:47:16Z,0.0,74.2,125.5,895.8,0,0,0,0.151,0
CAT-EQ-1002,2026-08-28T19:47:16Z,0.0,72.4,125.7,895.8,0,0,0,0.238,0
CAT-EQ-1002,2026-08-28T20:47:16Z,15.4,70.3,125.7,896.6,0,0,0,0.441,0
CAT-EQ-1002,2026-08-28T21:47:16Z,24.2,69.4,125.7,897.4,0,0,0,0.231,0
CAT-EQ-1002,2026-08-28T22:47:16Z,13.0,68.0,125.7,898.2,0,0,0,0.276,0
CAT-EQ-1002,2026-08-28T23:47:16Z,26.4,66.9,125.7,899.0,0,0,0,0.264,0
CAT-EQ-1002,2026-08-29T00:47:16Z,29.3,65.3,125.7,899.8,0,0,0,0.198,0
CAT-EQ-1002,2026-08-29T01:47:16Z,20.2,63.7,125.7,900.6,0,0,0,0.423,0
CAT-EQ-1002,2026-08-29T02:47:16Z,7.8,62.6,125.7,901.4,0,0,0,0.153,0
CAT-EQ-1002,2026-08-29T03:47:16Z,8.8,62.0,125.7,902.2,0,0,0,0.367,0
CAT-EQ-1002,2026-08-29T04:47:16Z,11.5,61.4,125.7,903.0,0,0,0,0.375,0
CAT-EQ-1002,2026-08-29T05:47:16Z,22.8,59.4,125.7,903.8,0,0,0,0.164,0
CAT-EQ-1002,2026-08-29T06:47:16Z,16.7,57.7,125.7,904.6,0,0,0,0.362,0
CAT-EQ-1002,2026-08-29T07:47:16Z,5.6,56.6,125.7,905.4,0,0,0,0.285,0
CAT-EQ-1002,2026-08-29T08:47:16Z,0.0,56.0,125.9,905.4,0,0,0,0.276,0
CAT-EQ-1002,2026-08-29T09:47:16Z,0.0,54.7,126.1,905.4,0,0,0,0.357,0
CAT-EQ-1002,2026-08-29T10:47:16Z,0.0,52.9,126.3,905.4,0,0,0,0.396,0
CAT-EQ-1002,2026-08-29T11:47:16Z,0.0,51.3,126.5,905.4,0,0,0,0.368,0
CAT-EQ-1002,2026-08-29T12:47:16Z,0.0,50.1,126.7,905.4,0,0,0,0.328,0
CAT-EQ-1002,2026-08-29T13:47:16Z,0.0,49.0,126.9,905.4,0,0,0,0.387,0
CAT-EQ-1002,2026-08-29T14:47:16Z,0.0,47.5,127.1,905.4,0,0,0,0.107,0
CAT-EQ-1002,2026-08-29T15:47:16Z,0.0,46.6,127.3,905.4,0,0,0,0.214,0
CAT-EQ-1002,2026-08-29T16:47:16Z,0.0,44.8,127.5,905.4,0,0,0,0.408,0
CAT-EQ-1002,2026-08-29T17:47:16Z,0.0,43.0,127.7,905.4,0,0,0,0.109,0
CAT-EQ-1002,2026-08-29T18:47:16Z,0.0,41.1,127.9,905.4,0,0,0,0.215,0
CAT-EQ-1002,2026-08-29T19:47:16Z,0.0,40.3,128.1,905.4,0,0,0,0.195,0
CAT-EQ-1002,2026-08-29T20:47:16Z,28.4,39.5,128.1,906.2,0,0,0,0.392,0
CAT-EQ-1002,2026-08-29T21:47:16Z,14.4,37.8,128.1,907.0,0,0,0,0.24,0
CAT-EQ-1002,2026-08-29T22:47:16Z,10.1,37.1,128.1,907.8,0,0,0,0.354,0
CAT-EQ-1002,2026-08-29T23:47:16Z,8.0,35.8,128.1,908.6,0,0,0,0.211,0
CAT-EQ-1002,2026-08-30T00:47:16Z,9.8,34.7,128.1,909.4,0,0,0,0.26,0
CAT-EQ-1002,2026-08-30T01:47:16Z,5.2,32.7,128.1,910.2,0,0,0,0.393,0
CAT-EQ-1002,2026-08-30T02:47:16Z,15.9,30.5,128.1,911.0,0,0,0,0.236,0
CAT-EQ-1002,2026-08-30T03:47:16Z,16.8,28.9,128.1,911.8,0,0,0,0.187,0
CAT-EQ-1002,2026-08-30T04:47:16Z,19.1,27.3,128.1,912.6,0,0,0,0.381,0
CAT-EQ-1002,2026-08-30T05:47:16Z,26.7,26.0,128.1,913.4,0,0,0,0.428,0
CAT-EQ-1002,2026-08-30T06:47:16Z,29.1,25.2,128.1,914.2,0,0,0,0.157,0
CAT-EQ-1002,2026-08-30T07:47:16Z,17.4,23.2,128.1,915.0,0,0,0,0.374,0
CAT-EQ-1002,2026-08-30T08:47:16Z,0.0,22.6,128.3,915.0,0,0,0,0.116,0
CAT-EQ-1002,2026-08-30T09:47:16Z,0.0,21.2,128.5,915.0,0,0,0,0.414,0
CAT-EQ-1002,2026-08-30T10:47:16Z,0.0,20.6,128.7,915.0,0,0,0,0.4,0
CAT-EQ-1002,2026-08-30T11:47:16Z,0.0,95.0,128.9,915.0,0,0,0,0.264,0
CAT-EQ-1002,2026-08-30T12:47:16Z,0.0,93.4,129.1,915.0,0,0,0,0.351,0
CAT-EQ-1002,2026-08-30T13:47:16Z,0.0,91.4,129.3,915.0,0,0,0,0.145,0
CAT-EQ-1002,2026-08-30T14:47:16Z,0.0,90.8,129.5,915.0,0,0,0,0.41,0
CAT-EQ-1002,2026-08-30T15:47:16Z,0.0,90.0,129.7,915.0,0,0,0,0.441,0
CAT-EQ-1002,2026-08-30T16:47:16Z,0.0,88.5,129.9,915.0,0,0,0,0.146,0
CAT-EQ-1002,2026-08-30T17:47:16Z,0.0,87.0,130.1,915.0,0,0,0,0.417,0
CAT-EQ-1002,2026-08-30T18:47:16Z,0.0,86.2,130.3,915.0,0,0,0,0.112,0
CAT-EQ-1002,2026-08-30T19:47:16Z,0.0,85.1,130.5,915.0,0,0,0,0.22,0
CAT-EQ-1002,2026-08-30T20:47:16Z,20.7,83.9,130.5,915.8,0,0,0,0.291,0
CAT-EQ-1002,2026-08-30T21:47:16Z,7.9,81.8,130.5,916.6,0,0,0,0.189,0
CAT-EQ-1002,2026-08-30T22:47:16Z,25.2,80.2,130.5,917.4,0,0,0,0.282,0
CAT-EQ-1002,2026-08-30T23:47:16Z,6.6,78.0,130.5,918.2,0,0,0,0.26,0
CAT-EQ-1002,2026-08-31T00:47:16Z,7.8,76.0,130.5,919.0,0,0,0,0.445,0
CAT-EQ-1002,2026-08-31T01:47:16Z,7.1,74.9,130.5,919.8,0,0,0,0.168,0
CAT-EQ-1002,2026-08-31T02:47:16Z,26.0,73.1,130.5,920.6,0,0,0,0.153,0
CAT-EQ-1002,2026-08-31T03:47:16Z,26.5,72.0,130.5,921.4,0,0,0,0.286,0
CAT-EQ-1002,2026-08-31T04:47:16Z,14.4,70.4,130.5,922.2,0,0,0,0.363,0
CAT-EQ-1002,2026-08-31T05:47:16Z,8.8,68.5,130.5,923.0,0,0,0,0.432,0
CAT-EQ-1002,2026-08-31T06:47:16Z,12.4,66.4,130.5,923.8,0,0,0,0.428,0
CAT-EQ-1002,2026-08-31T07:47:16Z,5.0,65.4,130.5,924.6,0,0,0,0.436,0
CAT-EQ-1002,2026-08-31T08:47:16Z,0.0,64.7,130.7,924.6,0,0,0,0.382,0
CAT-EQ-1002,2026-08-31T09:47:16Z,0.0,62.8,130.9,924.6,0,0,0,0.168,0
CAT-EQ-1002,2026-08-31T10:47:16Z,0.0,60.7,131.1,924.6,0,0,0,0.143,0
CAT-EQ-1002,2026-08-31T11:47:16Z,0.0,59.9,131.3,924.6,0,0,0,0.366,0
CAT-EQ-1002,2026-08-31T12:47:16Z,0.0,58.9,131.5,924.6,0,0,0,0.265,0
CAT-EQ-1002,2026-08-31T13:47:16Z,0.0,58.2,131.7,924.6,0,0,0,0.125,0
CAT-EQ-1002,2026-08-31T14:47:16Z,0.0,57.1,131.9,924.6,0,0,0,0.234,0
CAT-EQ-1002,2026-08-31T15:47:16Z,0.0,55.8,132.1,924.6,0,0,0,0.342,0
CAT-EQ-1002,2026-08-31T16:47:16Z,0.0,54.9,132.3,924.6,0,0,0,0.311,0
CAT-EQ-1002,2026-08-31T17:47:16Z,0.0,53.0,132.5,924.6,0,0,0,0.437,0
CAT-EQ-1002,2026-08-31T18:47:16Z,0.0,51.0,132.7,924.6,0,0,0,0.197,0
CAT-EQ-1002,2026-08-31T19:47:16Z,0.0,49.8,132.9,924.6,0,0,0,0.129,0
CAT-EQ-1002,2026-08-31T20:47:16Z,7.5,48.4,132.9,925.4,0,0,0,0.136,0
CAT-EQ-1002,2026-08-31T21:47:16Z,24.5,46.5,132.9,926.2,0,0,0,0.424,0
CAT-EQ-1002,2026-08-31T22:47:16Z,14.6,44.7,132.9,927.0,0,0,0,0.141,0
CAT-EQ-1002,2026-08-31T23:47:16Z,24.1,42.6,132.9,927.8,0,0,0,0.361,0
CAT-EQ-1002,2026-09-01T00:47:16Z,13.7,41.2,132.9,928.6,0,0,0,0.385,0
CAT-EQ-1002,2026-09-01T01:47:16Z,20.7,40.6,132.9,929.4,0,0,0,0.431,0
CAT-EQ-1002,2026-09-01T02:47:16Z,7.5,38.9,132.9,930.2,0,0,0,0.386,0
CAT-EQ-1002,2026-09-01T03:47:16Z,13.6,37.6,132.9,931.0,0,0,0,0.447,0
CAT-EQ-1002,2026-09-01T04:47:16Z,11.6,35.8,132.9,931.8,0,0,0,0.24,0
CAT-EQ-1002,2026-09-01T05:47:16Z,13.7,33.8,132.9,932.6,0,0,0,0.359,0
CAT-EQ-1002,2026-09-01T06:47:16Z,25.9,33.2,132.9,933.4,0,0,0,0.21,0
CAT-EQ-1002,2026-09-01T07:47:16Z,17.4,32.2,132.9,934.2,0,0,0,0.382,0
CAT-EQ-1002,2026-09-01T08:47:16Z,0.0,30.1,133.1,934.2,0,0,0,0.304,0
CAT-EQ-1002,2026-09-01T09:47:16Z,0.0,28.6,133.3,934.2,0,0,0,0.239,0
CAT-EQ-1002,2026-09-01T10:47:16Z,0.0,28.0,133.5,934.2,0,0,0,0.242,0
CAT-EQ-1002,2026-09-01T11:47:16Z,0.0,26.6,133.7,934.2,0,0,0,0.136,0
CAT-EQ-1002,2026-09-01T12:47:16Z,0.0,24.6,133.9,934.2,0,0,0,0.129,0
CAT-EQ-1002,2026-09-01T13:47:16Z,0.0,24.0,134.1,934.2,0,0,0,0.196,0
CAT-EQ-1002,2026-09-01T14:47:16Z,0.0,21.8,134.3,934.2,0,0,0,0.327,0
CAT-EQ-1002,2026-09-01T15:47:16Z,0.0,95.0,134.5,934.2,0,1,0,0.814,1
CAT-EQ-1002,2026-09-01T16:47:16Z,0.0,93.6,134.7,934.2,0,0,0,0.397,0
CAT-EQ-1002,2026-09-01T17:47:16Z,0.0,91.6,134.9,934.2,0,0,0,0.347,0
CAT-EQ-1002,2026-09-01T18:47:16Z,0.0,90.6,135.1,934.2,0,0,0,0.428,0
CAT-EQ-1002,2026-09-01T19:47:16Z,0.0,88.5,135.3,934.2,0,0,0,0.445,0
CAT-EQ-1002,2026-09-01T20:47:16Z,11.2,86.3,135.3,935.0,0,0,0,0.267,0
CAT-EQ-1002,2026-09-01T21:47:16Z,12.8,84.6,135.3,935.8,0,0,0,0.294,0
CAT-EQ-1002,2026-09-01T22:47:16Z,29.6,84.0,135.3,936.6,0,0,0,0.253,0
CAT-EQ-1002,2026-09-01T23:47:16Z,28.8,82.5,135.3,937.4,0,0,0,0.404,0
CAT-EQ-1002,2026-09-02T00:47:16Z,8.7,80.8,135.3,938.2,0,0,0,0.355,0
CAT-EQ-1002,2026-09-02T01:47:16Z,22.8,78.7,135.3,939.0,0,0,0,0.258,0
CAT-EQ-1002,2026-09-02T02:47:16Z,18.5,77.2,135.3,939.8,0,0,0,0.15,0
CAT-EQ-1002,2026-09-02T03:47:16Z,18.5,76.7,135.3,940.6,0,0,0,0.225,0
CAT-EQ-1002,2026-09-02T04:47:16Z,8.0,75.3,135.3,941.4,0,0,0,0.187,0
CAT-EQ-1002,2026-09-02T05:47:16Z,20.0,74.5,135.3,942.2,0,0,0,0.142,0
CAT-EQ-1002,2026-09-02T06:47:16Z,7.2,72.4,135.3,943.0,0,0,0,0.344,0
CAT-EQ-1002,2026-09-02T07:47:16Z,8.5,71.3,135.3,943.8,0,0,0,0.275,0
CAT-EQ-1002,2026-09-02T08:47:16Z,0.0,70.4,135.5,943.8,0,0,0,0.219,0
CAT-EQ-1002,2026-09-02T09:47:16Z,0.0,69.9,135.7,943.8,0,0,0,0.121,0
CAT-EQ-1002,2026-09-02T10:47:16Z,0.0,67.8,135.9,943.8,0,0,0,0.235,0
CAT-EQ-1002,2026-09-02T11:47:16Z,0.0,66.3,136.1,943.8,0,0,0,0.166,0
CAT-EQ-1002,2026-09-02T12:47:16Z,0.0,65.4,136.3,943.8,0,0,0,0.419,0
CAT-EQ-1003,2026-08-19T13:47:16Z,0.0,93.0,99.1,1239.6,0,0,0,0.387,0
CAT-EQ-1003,2026-08-19T14:47:16Z,0.0,91.6,99.3,1239.6,0,0,0,0.383,0
CAT-EQ-1003,2026-08-19T15:47:16Z,0.0,90.5,99.5,1239.6,0,0,0,0.415,0
CAT-EQ-1003,2026-08-19T16:47:16Z,0.0,88.3,99.7,1239.6,0,0,0,0.425,0
CAT-EQ-1003,2026-08-19T17:47:16Z,0.0,87.0,99.9,1239.6,0,0,0,0.218,0
CAT-EQ-1003,2026-08-19T18:47:16Z,0.0,85.2,100.1,1239.6,0,0,0,0.225,0
CAT-EQ-1003,2026-08-19T19:47:16Z,0.0,83.3,100.3,1239.6,0,0,0,0.394,0
CAT-EQ-1003,2026-08-19T20:47:16Z,7.5,82.2,100.3,1240.4,0,0,0,0.286,0
CAT-EQ-1003,2026-08-19T21:47:16Z,14.9,81.2,100.3,1241.2,0,0,0,0.43,0
CAT-EQ-1003,2026-08-19T22:47:16Z,15.7,80.6,100.3,1242.0,0,0,0,0.313,0
CAT-EQ-1003,2026-08-19T23:47:16Z,12.6,78.8,100.3,1242.8,0,0,0,0.115,0
CAT-EQ-1003,2026-08-20T00:47:16Z,28.7,76.8,100.3,1243.6,0,0,0,0.359,0
CAT-EQ-1003,2026-08-20T01:47:16Z,18.4,76.0,100.3,1244.4,0,0,0,0.389,0
CAT-EQ-1003,2026-08-20T02:47:16Z,26.8,75.2,100.3,1245.2,0,0,0,0.419,0
CAT-EQ-1003,2026-08-20T03:47:16Z,7.5,73.5,100.3,1246.0,0,0,0,0.172,0
CAT-EQ-1003,2026-08-20T04:47:16Z,21.0,72.6,100.3,1246.8,0,0,0,0.102,0
CAT-EQ-1003,2026-08-20T05:47:16Z,11.0,70.4,100.3,1247.6,0,0,0,0.23,0
CAT-EQ-1003,2026-08-20T06:47:16Z,25.9,69.5,100.3,1248.4,0,0,0,0.248,0
CAT-EQ-1003,2026-08-20T07:47:16Z,19.3,68.7,100.3,1249.2,0,0,0,0.195,0
CAT-EQ-1003,2026-08-20T08:47:16Z,0.0,67.5,100.5,1249.2,0,0,0,0.386,0
CAT-EQ-1003,2026-08-20T09:47:16Z,0.0,65.9,100.7,1249.2,0,0,0,0.257,0
CAT-EQ-1003,2026-08-20T10:47:16Z,0.0,64.3,100.9,1249.2,0,0,0,0.271,0
CAT-EQ-1003,2026-08-20T11:47:16Z,0.0,62.2,101.1,1249.2,0,0,0,0.426,0
CAT-EQ-1003,2026-08-20T12:47:16Z,0.0,61.2,101.3,1249.2,0,0,0,0.142,0
CAT-EQ-1003,2026-08-20T13:47:16Z,0.0,59.1,101.5,1249.2,0,0,0,0.144,0
CAT-EQ-1003,2026-08-20T14:47:16Z,0.0,58.4,101.7,1249.2,0,0,0,0.165,0
CAT-EQ-1003,2026-08-20T15:47:16Z,0.0,57.5,101.9,1249.2,0,0,0,0.15,0
CAT-EQ-1003,2026-08-20T16:47:16Z,0.0,55.4,102.1,1249.2,0,0,0,0.174,0
CAT-EQ-1003,2026-08-20T17:47:16Z,0.0,53.3,102.3,1249.2,0,0,0,0.423,0
CAT-EQ-1003,2026-08-20T18:47:16Z,0.0,51.7,102.5,1249.2,0,0,0,0.202,0
CAT-EQ-1003,2026-08-20T19:47:16Z,0.0,50.9,102.7,1249.2,0,0,0,0.405,0
CAT-EQ-1003,2026-08-20T20:47:16Z,6.7,49.5,102.7,1250.0,0,0,0,0.12,0
CAT-EQ-1003,2026-08-20T21:47:16Z,22.1,47.9,102.7,1250.8,0,0,0,0.23,0
CAT-EQ-1003,2026-08-20T22:47:16Z,8.6,46.8,102.7,1251.6,0,0,0,0.369,0
CAT-EQ-1003,2026-08-20T23:47:16Z,8.0,45.3,102.7,1252.4,0,0,0,0.419,0
CAT-EQ-1003,2026-08-21T00:47:16Z,28.4,43.7,102.7,1253.2,0,0,0,0.339,0
CAT-EQ-1003,2026-08-21T01:47:16Z,20.3,42.5,102.7,1254.0,0,0,0,0.288,0
CAT-EQ-1003,2026-08-21T02:47:16Z,14.0,41.7,102.7,1254.8,0,0,0,0.409,0
CAT-EQ-1003,2026-08-21T03:47:16Z,14.2,40.9,102.7,1255.6,0,0,0,0.29,0
CAT-EQ-1003,2026-08-21T04:47:16Z,10.7,39.8,102.7,1256.4,0,0,0,0.246,0
CAT-EQ-1003,2026-08-21T05:47:16Z,23.3,38.7,102.7,1257.2,0,0,0,0.353,0
CAT-EQ-1003,2026-08-21T06:47:16Z,10.1,37.9,102.7,1258.0,0,0,0,0.317,0
CAT-EQ-1003,2026-08-21T07:47:16Z,27.5,36.7,102.7,1258.8,0,0,0,0.149,0
CAT-EQ-1003,2026-08-21T08:47:16Z,0.0,35.7,102.9,1258.8,0,0,0,0.318,0
CAT-EQ-1003,2026-08-21T09:47:16Z,0.0,34.2,103.1,1258.8,0,0,0,0.281,0
CAT-EQ-1003,2026-08-21T10:47:16Z,0.0,32.6,103.3,1258.8,0,0,0,0.196,0
CAT-EQ-1003,2026-08-21T11:47:16Z,0.0,31.8,103.5,1258.8,0,0,0,0.169,0
CAT-EQ-1003,2026-08-21T12:47:16Z,0.0,29.8,103.7,1258.8,0,0,0,0.211,0
CAT-EQ-1003,2026-08-21T13:47:16Z,0.0,28.1,103.9,1258.8,0,0,0,0.375,0
CAT-EQ-1003,2026-08-21T14:47:16Z,0.0,95.0,104.1,1258.8,0,1,0,0.898,1
CAT-EQ-1003,2026-08-21T15:47:16Z,0.0,94.2,104.3,1258.8,0,0,0,0.394,0
CAT-EQ-1003,2026-08-21T16:47:16Z,0.0,92.7,104.5,1258.8,0,0,0,0.346,0
CAT-EQ-1003,2026-08-21T17:47:16Z,0.0,91.2,104.7,1258.8,0,0,0,0.245,0
CAT-EQ-1003,2026-08-21T18:47:16Z,0.0,90.4,104.9,1258.8,0,0,0,0.444,0
CAT-EQ-1003,2026-08-21T19:47:16Z,0.0,88.3,105.1,1258.8,0,0,0,0.256,0
CAT-EQ-1003,2026-08-21T20:47:16Z,23.9,87.1,105.1,1259.6,0,0,0,0.341,0
CAT-EQ-1003,2026-08-21T21:47:16Z,25.4,86.3,105.1,1260.4,0,0,0,0.431,0
CAT-EQ-1003,2026-08-21T22:47:16Z,19.2,84.3,105.1,1261.2,0,0,0,0.205,0
CAT-EQ-1003,2026-08-21T23:47:16Z,14.8,82.5,105.1,1262.0,0,0,0,0.212,0
CAT-EQ-1003,2026-08-22T00:47:16Z,22.8,80.9,105.1,1262.8,0,0,0,0.412,0
CAT-EQ-1003,2026-08-22T01:47:16Z,15.4,80.1,105.1,1263.6,0,0,0,0.421,0
CAT-EQ-1003,2026-08-22T02:47:16Z,17.2,79.2,105.1,1264.4,0,0,0,0.252,0
CAT-EQ-1003,2026-08-22T03:47:16Z,6.0,77.9,105.1,1265.2,0,0,0,0.146,0
CAT-EQ-1003,2026-08-22T04:47:16Z,29.5,77.4,105.1,1266.0,0,0,0,0.233,0
CAT-EQ-1003,2026-08-22T05:47:16Z,5.9,76.3,105.1,1266.8,0,0,0,0.374,0
CAT-EQ-1003,2026-08-22T06:47:16Z,15.2,74.6,105.1,1267.6,0,0,0,0.193,0
CAT-EQ-1003,2026-08-22T07:47:16Z,27.8,73.0,105.1,1268.4,0,0,0,0.14,0
CAT-EQ-1003,2026-08-22T08:47:16Z,0.0,72.3,105.3,1268.4,0,0,0,0.154,0
CAT-EQ-1003,2026-08-22T09:47:16Z,0.0,70.3,105.5,1268.4,0,0,0,0.382,0
CAT-EQ-1003,2026-08-22T10:47:16Z,0.0,69.6,105.7,1268.4,0,0,0,0.261,0
CAT-EQ-1003,2026-08-22T11:47:16Z,0.0,68.9,105.9,1268.4,0,0,0,0.17,0
CAT-EQ-1003,2026-08-22T12:47:16Z,0.0,68.2,106.1,1268.4,0,0,0,0.377,0
CAT-EQ-1003,2026-08-22T13:47:16Z,0.0,67.6,106.3,1268.4,0,0,0,0.267,0
CAT-EQ-1003,2026-08-22T14:47:16Z,0.0,66.1,106.5,1268.4,0,0,0,0.337,0
CAT-EQ-1003,2026-08-22T15:47:16Z,0.0,65.2,106.7,1268.4,0,0,0,0.169,0
CAT-EQ-1003,2026-08-22T16:47:16Z,0.0,63.1,106.9,1268.4,0,0,0,0.127,0
CAT-EQ-1003,2026-08-22T17:47:16Z,0.0,60.9,107.1,1268.4,0,0,0,0.307,0
CAT-EQ-1003,2026-08-22T18:47:16Z,0.0,59.9,107.3,1268.4,0,0,0,0.357,0
CAT-EQ-1003,2026-08-22T19:47:16Z,0.0,57.8,107.5,1268.4,0,0,0,0.123,0
CAT-EQ-1003,2026-08-22T20:47:16Z,6.6,56.2,107.5,1269.2,0,0,0,0.368,0
CAT-EQ-1003,2026-08-22T21:47:16Z,94.5,55.6,107.5,1270.0,1,0,0,0.727,1
CAT-EQ-1003,2026-08-22T22:47:16Z,22.0,54.6,107.5,1270.8,0,0,0,0.36,0
CAT-EQ-1003,2026-08-22T23:47:16Z,17.0,53.6,107.5,1271.6,0,0,0,0.306,0
CAT-EQ-1003,2026-08-23T00:47:16Z,6.1,52.3,107.5,1272.4,0,0,0,0.44,0
CAT-EQ-1003,2026-08-23T01:47:16Z,16.6,51.6,107.5,1273.2,0,0,0,0.109,0
CAT-EQ-1003,2026-08-23T02:47:16Z,8.5,50.0,107.5,1274.0,0,0,0,0.377,0
CAT-EQ-1003,2026-08-23T03:47:16Z,21.5,49.2,107.5,1274.8,0,0,0,0.152,0
CAT-EQ-1003,2026-08-23T04:47:16Z,13.4,48.2,107.5,1275.6,0,0,0,0.18,0
CAT-EQ-1003,2026-08-23T05:47:16Z,17.2,46.1,107.5,1276.4,0,0,0,0.121,0
CAT-EQ-1003,2026-08-23T06:47:16Z,29.0,44.7,107.5,1277.2,0,0,0,0.43,0
CAT-EQ-1003,2026-08-23T07:47:16Z,25.1,20.7,107.5,1278.0,0,1,0,0.821,1
CAT-EQ-1003,2026-08-23T08:47:16Z,0.0,20.0,107.7,1278.0,0,0,0,0.354,0
CAT-EQ-1003,2026-08-23T09:47:16Z,0.0,95.0,107.9,1278.0,0,0,0,0.256,0
CAT-EQ-1003,2026-08-23T10:47:16Z,0.0,93.9,108.1,1278.0,0,0,0,0.209,0
CAT-EQ-1003,2026-08-23T11:47:16Z,0.0,92.1,108.3,1278.0,0,0,0,0.216,0
CAT-EQ-1003,2026-08-23T12:47:16Z,0.0,91.1,108.5,1278.0,0,0,0,0.18,0
CAT-EQ-1003,2026-08-23T13:47:16Z,0.0,89.2,108.7,1278.0,0,0,0,0.107,0
CAT-EQ-1003,2026-08-23T14:47:16Z,0.0,87.4,108.9,1278.0,0,0,0,0.272,0
CAT-EQ-1003,2026-08-23T15:47:16Z,0.0,85.3,109.1,1278.0,0,0,0,0.372,0
CAT-EQ-1003,2026-08-23T16:47:16Z,0.0,84.5,109.3,1278.0,0,0,0,0.186,0
CAT-EQ-1003,2026-08-23T17:47:16Z,0.0,82.6,109.5,1278.0,0,0,0,0.195,0
CAT-EQ-1003,2026-08-23T18:47:16Z,0.0,81.1,109.7,1278.0,0,0,0,0.326,0
CAT-EQ-1003,2026-08-23T19:47:16Z,0.0,80.4,109.9,1278.0,0,0,0,0.168,0
CAT-EQ-1003,2026-08-23T20:47:16Z,25.0,79.2,109.9,1278.8,0,0,0,0.191,0
CAT-EQ-1003,2026-08-23T21:47:16Z,8.6,77.4,109.9,1279.6,0,0,0,0.418,0
CAT-EQ-1003,2026-08-23T22:47:16Z,8.7,75.9,109.9,1280.4,0,0,0,0.196,0
CAT-EQ-1003,2026-08-23T23:47:16Z,11.9,75.1,109.9,1281.2,0,0,0,0.143,0
CAT-EQ-1003,2026-08-24T00:47:16Z,26.7,74.0,109.9,1282.0,0,0,0,0.32,0
CAT-EQ-1003,2026-08-24T01:47:16Z,21.2,72.1,109.9,1282.8,0,0,0,0.298,0
CAT-EQ-1003,2026-08-24T02:47:16Z,19.2,70.4,109.9,1283.6,0,0,0,0.124,0
CAT-EQ-1003,2026-08-24T03:47:16Z,8.8,69.5,109.9,1284.4,0,0,0,0.218,0
CAT-EQ-1003,2026-08-24T04:47:16Z,15.3,68.1,109.9,1285.2,0,0,0,0.239,0
CAT-EQ-1003,2026-08-24T05:47:16Z,8.9,66.8,109.9,1286.0,0,0,0,0.191,0
CAT-EQ-1003,2026-08-24T06:47:16Z,11.0,66.2,109.9,1286.8,0,0,0,0.115,0
CAT-EQ-1003,2026-08-24T07:47:16Z,10.5,64.2,109.9,1287.6,0,0,0,0.365,0
CAT-EQ-1003,2026-08-24T08:47:16Z,0.0,62.4,110.1,1287.6,0,0,0,0.344,0
CAT-EQ-1003,2026-08-24T09:47:16Z,0.0,60.9,110.3,1287.6,0,0,0,0.103,0
CAT-EQ-1003,2026-08-24T10:47:16Z,0.0,59.8,110.5,1287.6,0,0,0,0.174,0
CAT-EQ-1003,2026-08-24T11:47:16Z,0.0,58.1,110.7,1287.6,0,0,0,0.279,0
CAT-EQ-1003,2026-08-24T12:47:16Z,0.0,56.5,110.9,1287.6,0,0,0,0.191,0
CAT-EQ-1003,2026-08-24T13:47:16Z,0.0,56.0,111.1,1287.6,0,0,0,0.279,0
CAT-EQ-1003,2026-08-24T14:47:16Z,0.0,55.4,111.3,1287.6,0,0,0,0.406,0
CAT-EQ-1003,2026-08-24T15:47:16Z,0.0,53.6,111.5,1287.6,0,0,0,0.41,0
CAT-EQ-1003,2026-08-24T16:47:16Z,0.0,53.0,111.7,1287.6,0,0,0,0.41,0
CAT-EQ-1003,2026-08-24T17:47:16Z,0.0,52.0,111.9,1287.6,0,0,0,0.217,0
CAT-EQ-1003,2026-08-24T18:47:16Z,0.0,50.3,112.1,1287.6,0,0,0,0.364,0
CAT-EQ-1003,2026-08-24T19:47:16Z,0.0,48.8,112.3,1287.6,0,0,0,0.428,0
CAT-EQ-1003,2026-08-24T20:47:16Z,6.9,24.8,112.3,1288.4,0,1,0,0.604,1
CAT-EQ-1003,2026-08-24T21:47:16Z,94.5,23.0,112.3,1289.2,1,0,0,0.729,1
CAT-EQ-1003,2026-08-24T22:47:16Z,21.1,21.9,112.3,1290.0,0,0,0,0.204,0
CAT-EQ-1003,2026-08-24T23:47:16Z,5.9,20.6,112.3,1290.8,0,0,0,0.42,0
CAT-EQ-1003,2026-08-25T00:47:16Z,8.0,95.0,112.3,1291.6,0,0,0,0.161,0
CAT-EQ-1003,2026-08-25T01:47:16Z,7.8,93.0,112.3,1292.4,0,0,0,0.108,0
CAT-EQ-1003,2026-08-25T02:47:16Z,19.1,92.1,112.3,1293.2,0,0,0,0.113,0
CAT-EQ-1003,2026-08-25T03:47:16Z,15.8,91.6,112.3,1294.0,0,0,0,0.436,0
CAT-EQ-1003,2026-08-25T04:47:16Z,26.9,90.8,112.3,1294.8,0,0,0,0.437,0
CAT-EQ-1003,2026-08-25T05:47:16Z,9.7,88.6,112.3,1295.6,0,0,0,0.4,0
CAT-EQ-1003,2026-08-25T06:47:16Z,19.0,86.9,112.3,1296.4,0,0,0,0.131,0
CAT-EQ-1003,2026-08-25T07:47:16Z,14.2,85.7,112.3,1297.2,0,0,0,0.289,0
CAT-EQ-1003,2026-08-25T08:47:16Z,0.0,84.5,112.5,1297.2,0,0,0,0.444,0
CAT-EQ-1003,2026-08-25T09:47:16Z,0.0,82.9,112.7,1297.2,0,0,0,0.243,0
CAT-EQ-1003,2026-08-25T10:47:16Z,0.0,81.9,112.9,1297.2,0,0,0,0.326,0
CAT-EQ-1003,2026-08-25T11:47:16Z,0.0,80.3,113.1,1297.2,0,0,0,0.421,0
CAT-EQ-1003,2026-08-25T12:47:16Z,0.0,79.2,113.3,1297.2,0,0,0,0.398,0
CAT-EQ-1003,2026-08-25T13:47:16Z,0.0,77.4,113.5,1297.2,0,0,0,0.388,0
CAT-EQ-1003,2026-08-25T14:47:16Z,0.0,75.9,113.7,1297.2,0,0,0,0.189,0
CAT-EQ-1003,2026-08-25T15:47:16Z,0.0,74.2,113.9,1297.2,0,0,0,0.271,0
CAT-EQ-1003,2026-08-25T16:47:16Z,0.0,73.0,114.1,1297.2,0,0,0,0.387,0
CAT-EQ-1003,2026-08-25T17:47:16Z,0.0,71.9,114.3,1297.2,0,0,0,0.324,0
CAT-EQ-1003,2026-08-25T18:47:16Z,0.0,69.8,114.5,1297.2,0,0,0,0.378,0
CAT-EQ-1003,2026-08-25T19:47:16Z,0.0,69.1,114.7,1297.2,0,0,0,0.185,0
CAT-EQ-1003,2026-08-25T20:47:16Z,15.2,68.4,114.7,1298.0,0,0,0,0.111,0
CAT-EQ-1003,2026-08-25T21:47:16Z,8.0,67.8,114.7,1298.8,0,0,0,0.248,0
CAT-EQ-1003,2026-08-25T22:47:16Z,13.9,66.8,114.7,1299.6,0,0,0,0.25,0
CAT-EQ-1003,2026-08-25T23:47:16Z,19.7,66.2,114.7,1300.4,0,0,0,0.212,0
CAT-EQ-1003,2026-08-26T00:47:16Z,5.8,65.1,114.7,1301.2,0,0,0,0.341,0
CAT-EQ-1003,2026-08-26T01:47:16Z,20.5,63.7,114.7,1302.0,0,0,0,0.271,0
CAT-EQ-1003,2026-08-26T02:47:16Z,27.6,63.1,114.7,1302.8,0,0,0,0.423,0
CAT-EQ-1003,2026-08-26T03:47:16Z,16.4,60.9,114.7,1303.6,0,0,0,0.372,0
CAT-EQ-1003,2026-08-26T04:47:16Z,26.4,60.4,114.7,1304.4,0,0,0,0.373,0
CAT-EQ-1003,2026-08-26T05:47:16Z,28.4,59.1,114.7,1305.2,0,0,0,0.424,0
CAT-EQ-1003,2026-08-26T06:47:16Z,21.3,57.4,114.7,1306.0,0,0,0,0.203,0
CAT-EQ-1003,2026-08-26T07:47:16Z,9.1,56.7,114.7,1306.8,0,0,0,0.17,0
CAT-EQ-1003,2026-08-26T08:47:16Z,0.0,32.7,114.9,1306.8,0,1,0,0.917,1
CAT-EQ-1003,2026-08-26T09:47:16Z,0.0,31.9,115.1,1306.8,0,0,0,0.396,0
CAT-EQ-1003,2026-08-26T10:47:16Z,0.0,30.2,115.3,1306.8,0,0,0,0.149,0
CAT-EQ-1003,2026-08-26T11:47:16Z,0.0,28.8,115.5,1306.8,0,0,0,0.345,0
CAT-EQ-1003,2026-08-26T12:47:16Z,0.0,27.1,115.7,1306.8,0,0,0,0.266,0
CAT-EQ-1003,2026-08-26T13:47:16Z,0.0,25.9,115.9,1306.8,0,0,0,0.432,0
CAT-EQ-1003,2026-08-26T14:47:16Z,0.0,23.8,116.1,1306.8,0,0,0,0.142,0
CAT-EQ-1003,2026-08-26T15:47:16Z,0.0,22.2,116.3,1306.8,0,0,0,0.231,0
CAT-EQ-1003,2026-08-26T16:47:16Z,0.0,20.4,116.5,1306.8,0,0,0,0.296,0
CAT-EQ-1003,2026-08-26T17:47:16Z,0.0,95.0,116.7,1306.8,0,0,0,0.121,0
CAT-EQ-1003,2026-08-26T18:47:16Z,0.0,93.4,116.9,1306.8,0,0,0,0.408,0
CAT-EQ-1003,2026-08-26T19:47:16Z,0.0,91.4,117.1,1306.8,0,0,0,0.266,0
CAT-EQ-1003,2026-08-26T20:47:16Z,17.0,89.8,117.1,1307.6,0,0,0,0.151,0
CAT-EQ-1003,2026-08-26T21:47:16Z,8.2,89.2,117.1,1308.4,0,0,0,0.298,0
CAT-EQ-1003,2026-08-26T22:47:16Z,11.2,88.1,117.1,1309.2,0,0,0,0.121,0
CAT-EQ-1003,2026-08-26T23:47:16Z,15.8,87.6,117.1,1310.0,0,0,0,0.237,0
CAT-EQ-1003,2026-08-27T00:47:16Z,20.2,86.8,117.1,1310.8,0,0,0,0.411,0
CAT-EQ-1003,2026-08-27T01:47:16Z,21.2,85.3,117.1,1311.6,0,0,0,0.251,0
CAT-EQ-1003,2026-08-27T02:47:16Z,5.8,83.3,117.1,1312.4,0,0,0,0.229,0
CAT-EQ-1003,2026-08-27T03:47:16Z,14.8,81.2,117.1,1313.2,0,0,0,0.214,0
CAT-EQ-1003,2026-08-27T04:47:16Z,12.7,80.1,117.1,1314.0,0,0,0,0.343,0
CAT-EQ-1003,2026-08-27T05:47:16Z,28.1,78.6,117.1,1314.8,0,0,0,0.271,0
CAT-EQ-1003,2026-08-27T06:47:16Z,13.6,77.7,117.1,1315.6,0,0,0,0.201,0
CAT-EQ-1003,2026-08-27T07:47:16Z,17.8,75.6,117.1,1316.4,0,0,0,0.207,0
CAT-EQ-1003,2026-08-27T08:47:16Z,0.0,74.4,117.3,1316.4,0,0,0,0.331,0
CAT-EQ-1003,2026-08-27T09:47:16Z,0.0,73.7,117.5,1316.4,0,0,0,0.34,0
CAT-EQ-1003,2026-08-27T10:47:16Z,0.0,72.7,117.7,1316.4,0,0,0,0.161,0
CAT-EQ-1003,2026-08-27T11:47:16Z,0.0,71.1,117.9,1316.4,0,0,0,0.391,0
CAT-EQ-1003,2026-08-27T12:47:16Z,0.0,69.7,118.1,1316.4,0,0,0,0.195,0
CAT-EQ-1003,2026-08-27T13:47:16Z,0.0,69.0,118.3,1316.4,0,0,0,0.438,0
CAT-EQ-1003,2026-08-27T14:47:16Z,0.0,68.5,118.5,1316.4,0,0,0,0.425,0
CAT-EQ-1003,2026-08-27T15:47:16Z,0.0,67.0,118.7,1316.4,0,0,0,0.17,0
CAT-EQ-1003,2026-08-27T16:47:16Z,0.0,64.8,118.9,1316.4,0,0,0,0.235,0
CAT-EQ-1003,2026-08-27T17:47:16Z,0.0,63.7,119.1,1316.4,0,0,0,0.397,0
CAT-EQ-1003,2026-08-27T18:47:16Z,0.0,62.7,119.3,1316.4,0,0,0,0.34,0
CAT-EQ-1003,2026-08-27T19:47:16Z,0.0,61.3,119.5,1316.4,0,0,0,0.319,0
CAT-EQ-1003,2026-08-27T20:47:16Z,11.9,59.7,119.5,1317.2,0,0,0,0.293,0
CAT-EQ-1003,2026-08-27T21:47:16Z,26.0,58.7,119.5,1318.0,0,0,0,0.389,0
CAT-EQ-1003,2026-08-27T22:47:16Z,10.1,58.0,119.5,1318.8,0,0,0,0.194,0
CAT-EQ-1003,2026-08-27T23:47:16Z,17.2,57.2,119.5,1319.6,0,0,0,0.161,0
CAT-EQ-1003,2026-08-28T00:47:16Z,10.5,56.1,119.5,1320.4,0,0,0,0.235,0
CAT-EQ-1003,2026-08-28T01:47:16Z,10.3,54.4,119.5,1321.2,0,0,0,0.235,0
CAT-EQ-1003,2026-08-28T02:47:16Z,20.4,53.5,119.5,1322.0,0,0,0,0.376,0
CAT-EQ-1003,2026-08-28T03:47:16Z,18.1,51.9,119.5,1322.8,0,0,0,0.231,0
CAT-EQ-1003,2026-08-28T04:47:16Z,22.6,50.8,119.5,1323.6,0,0,0,0.21,0
CAT-EQ-1003,2026-08-28T05:47:16Z,15.1,49.9,119.5,1324.4,0,0,0,0.108,0
CAT-EQ-1003,2026-08-28T06:47:16Z,28.4,48.6,119.5,1325.2,0,0,0,0.221,0
CAT-EQ-1003,2026-08-28T07:47:16Z,14.5,46.6,119.5,1326.0,0,0,0,0.18,0
CAT-EQ-1003,2026-08-28T08:47:16Z,0.0,45.3,119.7,1326.0,0,0,0,0.326,0
CAT-EQ-1003,2026-08-28T09:47:16Z,0.0,43.3,119.9,1326.0,0,0,0,0.366,0
CAT-EQ-1003,2026-08-28T10:47:16Z,0.0,42.7,120.1,1326.0,0,0,0,0.128,0
CAT-EQ-1003,2026-08-28T11:47:16Z,0.0,41.7,120.3,1326.0,0,0,0,0.421,0
CAT-EQ-1003,2026-08-28T12:47:16Z,0.0,40.3,120.5,1326.0,0,0,0,0.118,0
CAT-EQ-1003,2026-08-28T13:47:16Z,0.0,38.2,120.7,1326.0,0,0,0,0.292,0
CAT-EQ-1003,2026-08-28T14:47:16Z,0.0,37.2,120.9,1326.0,0,0,0,0.349,0
CAT-EQ-1003,2026-08-28T15:47:16Z,0.0,35.4,121.1,1326.0,0,0,0,0.262,0
CAT-EQ-1003,2026-08-28T16:47:16Z,0.0,34.6,121.3,1326.0,0,0,0,0.103,0
CAT-EQ-1003,2026-08-28T17:47:16Z,0.0,33.2,121.5,1326.0,0,0,0,0.12,0
CAT-EQ-1003,2026-08-28T18:47:16Z,0.0,32.5,121.7,1326.0,0,0,0,0.392,0
CAT-EQ-1003,2026-08-28T19:47:16Z,0.0,31.5,121.9,1326.0,0,0,0,0.187,0
CAT-EQ-1003,2026-08-28T20:47:16Z,21.0,30.4,121.9,1326.8,0,0,0,0.38,0
CAT-EQ-1003,2026-08-28T21:47:16Z,21.9,29.2,121.9,1327.6,0,0,0,0.43,0
CAT-EQ-1003,2026-08-28T22:47:16Z,13.8,27.4,121.9,1328.4,0,0,0,0.243,0
CAT-EQ-1003,2026-08-28T23:47:16Z,17.6,26.6,121.9,1329.2,0,0,0,0.204,0
CAT-EQ-1003,2026-08-29T00:47:16Z,20.1,25.5,121.9,1330.0,0,0,0,0.106,0
CAT-EQ-1003,2026-08-29T01:47:16Z,15.9,23.5,121.9,1330.8,0,0,0,0.327,0
CAT-EQ-1003,2026-08-29T02:47:16Z,12.5,22.6,121.9,1331.6,0,0,0,0.263,0
CAT-EQ-1003,2026-08-29T03:47:16Z,16.6,21.4,121.9,1332.4,0,0,0,0.414,0
CAT-EQ-1003,2026-08-29T04:47:16Z,28.1,20.1,121.9,1333.2,0,0,0,0.252,0
CAT-EQ-1003,2026-08-29T05:47:16Z,20.0,95.0,121.9,1334.0,0,0,0,0.268,0
CAT-EQ-1003,2026-08-29T06:47:16Z,13.8,94.2,121.9,1334.8,0,0,0,0.349,0
CAT-EQ-1003,2026-08-29T07:47:16Z,11.7,92.8,121.9,1335.6,0,0,0,0.379,0
CAT-EQ-1003,2026-08-29T08:47:16Z,0.0,91.8,122.1,1335.6,0,0,0,0.143,0
CAT-EQ-1003,2026-08-29T09:47:16Z,0.0,90.0,122.3,1335.6,0,0,0,0.355,0
CAT-EQ-1003,2026-08-29T10:47:16Z,0.0,87.9,122.5,1335.6,0,0,0,0.331,0
CAT-EQ-1003,2026-08-29T11:47:16Z,0.0,86.9,122.7,1335.6,0,0,0,0.133,0
CAT-EQ-1003,2026-08-29T12:47:16Z,0.0,86.4,122.9,1335.6,0,0,0,0.168,0
CAT-EQ-1003,2026-08-29T13:47:16Z,0.0,84.5,123.1,1335.6,0,0,0,0.189,0
CAT-EQ-1003,2026-08-29T14:47:16Z,0.0,60.5,123.3,1335.6,0,1,0,0.693,1
CAT-EQ-1003,2026-08-29T15:47:16Z,0.0,59.2,123.5,1335.6,0,0,0,0.273,0
CAT-EQ-1003,2026-08-29T16:47:16Z,0.0,57.1,123.7,1335.6,0,0,0,0.398,0
CAT-EQ-1003,2026-08-29T17:47:16Z,0.0,55.7,123.9,1335.6,0,0,0,0.216,0
CAT-EQ-1003,2026-08-29T18:47:16Z,0.0,54.1,124.1,1335.6,0,0,0,0.339,0
CAT-EQ-1003,2026-08-29T19:47:16Z,0.0,53.1,124.3,1335.6,0,0,0,0.195,0
CAT-EQ-1003,2026-08-29T20:47:16Z,28.5,51.0,124.3,1336.4,0,0,0,0.381,0
CAT-EQ-1003,2026-08-29T21:47:16Z,11.4,49.0,124.3,1337.2,0,0,0,0.263,0
CAT-EQ-1003,2026-08-29T22:47:16Z,8.8,47.9,124.3,1338.0,0,0,0,0.216,0
CAT-EQ-1003,2026-08-29T23:47:16Z,7.0,45.8,124.3,1338.8,0,0,0,0.411,0
CAT-EQ-1003,2026-08-30T00:47:16Z,15.9,44.5,124.3,1339.6,0,0,0,0.141,0
CAT-EQ-1003,2026-08-30T01:47:16Z,10.9,42.4,124.3,1340.4,0,0,0,0.397,0
CAT-EQ-1003,2026-08-30T02:47:16Z,12.2,41.6,124.3,1341.2,0,0,0,0.129,0
CAT-EQ-1003,2026-08-30T03:47:16Z,7.1,95.0,124.3,1342.0,0,1,0,0.632,1
CAT-EQ-1003,2026-08-30T04:47:16Z,29.3,92.8,124.3,1342.8,0,0,0,0.147,0
CAT-EQ-1003,2026-08-30T05:47:16Z,29.6,90.9,124.3,1343.6,0,0,0,0.114,0
CAT-EQ-1003,2026-08-30T06:47:16Z,27.3,89.4,124.3,1344.4,0,0,0,0.388,0
CAT-EQ-1003,2026-08-30T07:47:16Z,9.8,87.2,124.3,1345.2,0,0,0,0.315,0
CAT-EQ-1003,2026-08-30T08:47:16Z,0.0,86.2,124.5,1345.2,0,0,0,0.191,0
CAT-EQ-1003,2026-08-30T09:47:16Z,0.0,85.6,124.7,1345.2,0,0,0,0.111,0
CAT-EQ-1003,2026-08-30T10:47:16Z,0.0,83.9,124.9,1345.2,0,0,0,0.278,0
CAT-EQ-1003,2026-08-30T11:47:16Z,0.0,82.7,125.1,1345.2,0,0,0,0.445,0
CAT-EQ-1003,2026-08-30T12:47:16Z,0.0,81.8,125.3,1345.2,0,0,0,0.128,0
CAT-EQ-1003,2026-08-30T13:47:16Z,0.0,81.1,125.5,1345.2,0,0,0,0.126,0
CAT-EQ-1003,2026-08-30T14:47:16Z,0.0,79.6,125.7,1345.2,0,0,0,0.143,0
CAT-EQ-1003,2026-08-30T15:47:16Z,0.0,78.2,125.9,1345.2,0,0,0,0.173,0
CAT-EQ-1003,2026-08-30T16:47:16Z,0.0,77.4,126.1,1345.2,0,0,0,0.111,0
CAT-EQ-1003,2026-08-30T17:47:16Z,0.0,76.6,126.3,1345.2,0,0,0,0.239,0
CAT-EQ-1003,2026-08-30T18:47:16Z,0.0,75.9,126.5,1345.2,0,0,0,0.248,0
CAT-EQ-1003,2026-08-30T19:47:16Z,0.0,74.4,126.7,1345.2,0,0,0,0.374,0
CAT-EQ-1003,2026-08-30T20:47:16Z,28.9,72.3,126.7,1346.0,0,0,0,0.184,0
CAT-EQ-1003,2026-08-30T21:47:16Z,20.1,70.5,126.7,1346.8,0,0,0,0.321,0
CAT-EQ-1003,2026-08-30T22:47:16Z,22.8,70.0,126.7,1347.6,0,0,0,0.275,0
CAT-EQ-1003,2026-08-30T23:47:16Z,10.3,68.3,126.7,1348.4,0,0,0,0.411,0
CAT-EQ-1003,2026-08-31T00:47:16Z,29.8,67.0,126.7,1349.2,0,0,0,0.259,0
CAT-EQ-1003,2026-08-31T01:47:16Z,23.0,65.2,126.7,1350.0,0,0,0,0.243,0
CAT-EQ-1003,2026-08-31T02:47:16Z,20.7,63.3,126.7,1350.8,0,0,0,0.313,0
CAT-EQ-1003,2026-08-31T03:47:16Z,10.8,62.0,126.7,1351.6,0,0,0,0.114,0
CAT-EQ-1003,2026-08-31T04:47:16Z,10.7,61.0,126.7,1352.4,0,0,0,0.433,0
CAT-EQ-1003,2026-08-31T05:47:16Z,16.2,58.9,126.7,1353.2,0,0,0,0.385,0
CAT-EQ-1003,2026-08-31T06:47:16Z,18.7,56.8,126.7,1354.0,0,0,0,0.207,0
CAT-EQ-1003,2026-08-31T07:47:16Z,20.0,55.9,126.7,1354.8,0,0,0,0.141,0
CAT-EQ-1003,2026-08-31T08:47:16Z,0.0,54.5,126.9,1354.8,0,0,0,0.17,0
CAT-EQ-1003,2026-08-31T09:47:16Z,0.0,52.9,127.1,1354.8,0,0,0,0.145,0
CAT-EQ-1003,2026-08-31T10:47:16Z,0.0,51.3,127.3,1354.8,0,0,0,0.417,0
CAT-EQ-1003,2026-08-31T11:47:16Z,0.0,50.6,127.5,1354.8,0,0,0,0.29,0
CAT-EQ-1003,2026-08-31T12:47:16Z,0.0,48.4,127.7,1354.8,0,0,0,0.101,0
CAT-EQ-1003,2026-08-31T13:47:16Z,0.0,46.6,127.9,1354.8,0,0,0,0.14,0
CAT-EQ-1003,2026-08-31T14:47:16Z,0.0,44.8,128.1,1354.8,0,0,0,0.143,0
CAT-EQ-1003,2026-08-31T15:47:16Z,0.0,44.1,128.3,1354.8,0,0,0,0.236,0
CAT-EQ-1003,2026-08-31T16:47:16Z,0.0,42.4,128.5,1354.8,0,0,0,0.439,0
CAT-EQ-1003,2026-08-31T17:47:16Z,0.0,41.6,128.7,1354.8,0,0,0,0.341,0
CAT-EQ-1003,2026-08-31T18:47:16Z,0.0,39.8,128.9,1354.8,0,0,0,0.236,0
CAT-EQ-1003,2026-08-31T19:47:16Z,0.0,38.5,129.1,1354.8,0,0,0,0.167,0
CAT-EQ-1003,2026-08-31T20:47:16Z,20.9,37.8,129.1,1355.6,0,0,0,0.33,0
CAT-EQ-1003,2026-08-31T21:47:16Z,27.8,36.7,129.1,1356.4,0,0,0,0.115,0
CAT-EQ-1003,2026-08-31T22:47:16Z,94.5,34.5,129.1,1357.2,1,0,0,0.745,1
CAT-EQ-1003,2026-08-31T23:47:16Z,25.9,33.9,129.1,1358.0,0,0,0,0.296,0
CAT-EQ-1003,2026-09-01T00:47:16Z,7.9,31.7,129.1,1358.8,0,0,0,0.319,0
CAT-EQ-1003,2026-09-01T01:47:16Z,5.8,30.6,129.1,1359.6,0,0,0,0.401,0
CAT-EQ-1003,2026-09-01T02:47:16Z,6.4,29.9,129.1,1360.4,0,0,0,0.154,0
CAT-EQ-1003,2026-09-01T03:47:16Z,13.5,28.5,129.1,1361.2,0,0,0,0.205,0
CAT-EQ-1003,2026-09-01T04:47:16Z,5.6,26.8,129.1,1362.0,0,0,0,0.311,0
CAT-EQ-1003,2026-09-01T05:47:16Z,26.3,25.8,129.1,1362.8,0,0,0,0.164,0
CAT-EQ-1003,2026-09-01T06:47:16Z,10.3,24.9,129.1,1363.6,0,0,0,0.289,0
CAT-EQ-1003,2026-09-01T07:47:16Z,26.5,23.4,129.1,1364.4,0,0,0,0.293,0
CAT-EQ-1003,2026-09-01T08:47:16Z,0.0,21.6,129.3,1364.4,0,0,0,0.247,0
CAT-EQ-1003,2026-09-01T09:47:16Z,0.0,21.0,129.5,1364.4,0,0,0,0.306,0
CAT-EQ-1003,2026-09-01T10:47:16Z,0.0,95.0,129.7,1364.4,0,0,0,0.192,0
CAT-EQ-1003,2026-09-01T11:47:16Z,0.0,93.2,129.9,1364.4,0,0,0,0.327,0
CAT-EQ-1003,2026-09-01T12:47:16Z,0.0,91.6,130.1,1364.4,0,0,0,0.348,0
CAT-EQ-1003,2026-09-01T13:47:16Z,0.0,89.6,130.3,1364.4,0,0,0,0.102,0
CAT-EQ-1003,2026-09-01T14:47:16Z,0.0,87.8,130.5,1364.4,0,0,0,0.292,0
CAT-EQ-1003,2026-09-01T15:47:16Z,0.0,86.1,130.7,1364.4,0,0,0,0.22,0
CAT-EQ-1003,2026-09-01T16:47:16Z,0.0,84.1,130.9,1364.4,0,0,0,0.4,0
CAT-EQ-1003,2026-09-01T17:47:16Z,0.0,82.5,131.1,1364.4,0,0,0,0.242,0
CAT-EQ-1003,2026-09-01T18:47:16Z,0.0,81.8,131.3,1364.4,0,0,0,0.142,0
CAT-EQ-1003,2026-09-01T19:47:16Z,0.0,81.2,131.5,1364.4,0,0,0,0.356,0
CAT-EQ-1003,2026-09-01T20:47:16Z,22.1,79.1,131.5,1365.2,0,0,0,0.351,0
CAT-EQ-1003,2026-09-01T21:47:16Z,94.5,78.2,131.5,1366.0,1,0,0,0.875,1
CAT-EQ-1003,2026-09-01T22:47:16Z,26.7,76.6,131.5,1366.8,0,0,0,0.171,0
CAT-EQ-1003,2026-09-01T23:47:16Z,20.9,74.6,131.5,1367.6,0,0,0,0.271,0
CAT-EQ-1003,2026-09-02T00:47:16Z,28.7,73.4,131.5,1368.4,0,0,0,0.392,0
CAT-EQ-1003,2026-09-02T01:47:16Z,23.7,72.7,131.5,1369.2,0,0,0,0.162,0
CAT-EQ-1003,2026-09-02T02:47:16Z,24.2,72.1,131.5,1370.0,0,0,0,0.179,0
CAT-EQ-1003,2026-09-02T03:47:16Z,10.0,69.9,131.5,1370.8,0,0,0,0.253,0
CAT-EQ-1003,2026-09-02T04:47:16Z,8.3,68.8,131.5,1371.6,0,0,0,0.325,0
CAT-EQ-1003,2026-09-02T05:47:16Z,8.6,67.8,131.5,1372.4,0,0,0,0.281,0
CAT-EQ-1003,2026-09-02T06:47:16Z,12.8,65.7,131.5,1373.2,0,0,0,0.188,0
CAT-EQ-1003,2026-09-02T07:47:16Z,11.1,63.8,131.5,1374.0,0,0,0,0.423,0
CAT-EQ-1003,2026-09-02T08:47:16Z,0.0,63.3,131.7,1374.0,0,0,0,0.341,0
CAT-EQ-1003,2026-09-02T09:47:16Z,0.0,62.8,131.9,1374.0,0,0,0,0.207,0
CAT-EQ-1003,2026-09-02T10:47:16Z,0.0,60.9,132.1,1374.0,0,0,0,0.334,0
CAT-EQ-1003,2026-09-02T11:47:16Z,0.0,59.8,132.3,1374.0,0,0,0,0.412,0
CAT-EQ-1003,2026-09-02T12:47:16Z,0.0,58.7,132.5,1374.0,0,0,0,0.273,0
CAT-EQ-1004,2026-08-19T13:47:16Z,0.0,93.0,97.7,1003.2,0,0,0,0.172,0
CAT-EQ-1004,2026-08-19T14:47:16Z,0.0,92.4,97.9,1003.2,0,0,0,0.254,0
CAT-EQ-1004,2026-08-19T15:47:16Z,0.0,91.5,98.1,1003.2,0,0,0,0.421,0
CAT-EQ-1004,2026-08-19T16:47:16Z,0.0,89.9,98.3,1003.2,0,0,0,0.133,0
CAT-EQ-1004,2026-08-19T17:47:16Z,0.0,89.2,98.5,1003.2,0,0,0,0.361,0
CAT-EQ-1004,2026-08-19T18:47:16Z,0.0,87.9,98.7,1003.2,0,0,0,0.365,0
CAT-EQ-1004,2026-08-19T19:47:16Z,0.0,86.6,98.9,1003.2,0,0,0,0.411,0
CAT-EQ-1004,2026-08-19T20:47:16Z,7.5,85.1,98.9,1004.0,0,0,0,0.427,0
CAT-EQ-1004,2026-08-19T21:47:16Z,23.8,83.4,98.9,1004.8,0,0,0,0.334,0
CAT-EQ-1004,2026-08-19T22:47:16Z,9.8,82.8,98.9,1005.6,0,0,0,0.169,0
CAT-EQ-1004,2026-08-19T23:47:16Z,12.4,81.2,98.9,1006.4,0,0,0,0.353,0
CAT-EQ-1004,2026-08-20T00:47:16Z,14.2,79.3,98.9,1007.2,0,0,0,0.392,0
CAT-EQ-1004,2026-08-20T01:47:16Z,9.0,78.7,98.9,1008.0,0,0,0,0.247,0
CAT-EQ-1004,2026-08-20T02:47:16Z,7.1,77.5,98.9,1008.8,0,0,0,0.158,0
CAT-EQ-1004,2026-08-20T03:47:16Z,22.8,76.1,98.9,1009.6,0,0,0,0.437,0
CAT-EQ-1004,2026-08-20T04:47:16Z,19.6,74.2,98.9,1010.4,0,0,0,0.175,0
CAT-EQ-1004,2026-08-20T05:47:16Z,16.2,73.0,98.9,1011.2,0,0,0,0.424,0
CAT-EQ-1004,2026-08-20T06:47:16Z,25.0,72.0,98.9,1012.0,0,0,0,0.132,0
CAT-EQ-1004,2026-08-20T07:47:16Z,19.5,71.4,98.9,1012.8,0,0,0,0.4,0
CAT-EQ-1004,2026-08-20T08:47:16Z,0.0,69.8,99.1,1012.8,0,0,0,0.118,0
CAT-EQ-1004,2026-08-20T09:47:16Z,0.0,67.9,99.3,1012.8,0,0,0,0.4,0
CAT-EQ-1004,2026-08-20T10:47:16Z,0.0,66.5,99.5,1012.8,0,0,0,0.133,0
CAT-EQ-1004,2026-08-20T11:47:16Z,0.0,64.6,99.7,1012.8,0,0,0,0.393,0
CAT-EQ-1004,2026-08-20T12:47:16Z,0.0,62.9,99.9,1012.8,0,0,0,0.255,0
CAT-EQ-1004,2026-08-20T13:47:16Z,0.0,62.3,100.1,1012.8,0,0,0,0.338,0
CAT-EQ-1004,2026-08-20T14:47:16Z,0.0,61.7,100.3,1012.8,0,0,0,0.333,0
CAT-EQ-1004,2026-08-20T15:47:16Z,0.0,61.2,100.5,1012.8,0,0,0,0.383,0
CAT-EQ-1004,2026-08-20T16:47:16Z,0.0,60.3,100.7,1012.8,0,0,0,0.374,0
CAT-EQ-1004,2026-08-20T17:47:16Z,0.0,58.5,100.9,1012.8,0,0,0,0.352,0
CAT-EQ-1004,2026-08-20T18:47:16Z,0.0,56.9,101.1,1012.8,0,0,0,0.201,0
CAT-EQ-1004,2026-08-20T19:47:16Z,0.0,55.4,101.3,1012.8,0,0,0,0.289,0
CAT-EQ-1004,2026-08-20T20:47:16Z,12.2,54.7,101.3,1013.6,0,0,0,0.318,0
CAT-EQ-1004,2026-08-20T21:47:16Z,6.1,53.4,101.3,1014.4,0,0,0,0.101,0
CAT-EQ-1004,2026-08-20T22:47:16Z,11.5,52.4,101.3,1015.2,0,0,0,0.286,0
CAT-EQ-1004,2026-08-20T23:47:16Z,15.1,51.6,101.3,1016.0,0,0,0,0.213,0
CAT-EQ-1004,2026-08-21T00:47:16Z,21.5,49.8,101.3,1016.8,0,0,0,0.35,0
CAT-EQ-1004,2026-08-21T01:47:16Z,20.6,48.6,101.3,1017.6,0,0,0,0.316,0
CAT-EQ-1004,2026-08-21T02:47:16Z,24.7,47.0,101.3,1018.4,0,0,0,0.165,0
CAT-EQ-1004,2026-08-21T03:47:16Z,6.6,46.3,101.3,1019.2,0,0,0,0.143,0
CAT-EQ-1004,2026-08-21T04:47:16Z,18.9,22.3,101.3,1020.0,0,1,0,0.9,1
CAT-EQ-1004,2026-08-21T05:47:16Z,9.4,20.2,101.3,1020.8,0,0,0,0.367,0
CAT-EQ-1004,2026-08-21T06:47:16Z,18.2,95.0,101.3,1021.6,0,0,0,0.317,0
CAT-EQ-1004,2026-08-21T07:47:16Z,12.4,93.4,101.3,1022.4,0,0,0,0.156,0
CAT-EQ-1004,2026-08-21T08:47:16Z,0.0,91.6,101.5,1022.4,0,0,0,0.285,0
CAT-EQ-1004,2026-08-21T09:47:16Z,0.0,89.8,101.7,1022.4,0,0,0,0.388,0
CAT-EQ-1004,2026-08-21T10:47:16Z,0.0,88.7,101.9,1022.4,0,0,0,0.365,0
CAT-EQ-1004,2026-08-21T11:47:16Z,0.0,87.5,102.1,1022.4,0,0,0,0.219,0
CAT-EQ-1004,2026-08-21T12:47:16Z,0.0,85.3,102.3,1022.4,0,0,0,0.13,0
CAT-EQ-1004,2026-08-21T13:47:16Z,0.0,84.4,102.5,1022.4,0,0,0,0.385,0
CAT-EQ-1004,2026-08-21T14:47:16Z,0.0,82.6,102.7,1022.4,0,0,0,0.295,0
CAT-EQ-1004,2026-08-21T15:47:16Z,0.0,80.4,102.9,1022.4,0,0,0,0.263,0
CAT-EQ-1004,2026-08-21T16:47:16Z,0.0,78.7,103.1,1022.4,0,0,0,0.12,0
CAT-EQ-1004,2026-08-21T17:47:16Z,0.0,76.7,103.3,1022.4,0,0,0,0.224,0
CAT-EQ-1004,2026-08-21T18:47:16Z,0.0,75.6,103.5,1022.4,0,0,0,0.178,0
CAT-EQ-1004,2026-08-21T19:47:16Z,0.0,75.0,103.7,1022.4,0,0,0,0.352,0
CAT-EQ-1004,2026-08-21T20:47:16Z,24.7,74.1,103.7,1023.2,0,0,0,0.169,0
CAT-EQ-1004,2026-08-21T21:47:16Z,10.4,73.2,103.7,1024.0,0,0,0,0.353,0
CAT-EQ-1004,2026-08-21T22:47:16Z,28.9,71.9,103.7,1024.8,0,0,0,0.236,0
CAT-EQ-1004,2026-08-21T23:47:16Z,16.5,70.4,103.7,1025.6,0,0,0,0.104,0
CAT-EQ-1004,2026-08-22T00:47:16Z,9.6,69.9,103.7,1026.4,0,0,0,0.139,0
CAT-EQ-1004,2026-08-22T01:47:16Z,8.2,69.0,103.7,1027.2,0,0,0,0.346,0
CAT-EQ-1004,2026-08-22T02:47:16Z,11.6,68.3,103.7,1028.0,0,0,0,0.101,0
CAT-EQ-1004,2026-08-22T03:47:16Z,20.5,66.4,103.7,1028.8,0,0,0,0.209,0
CAT-EQ-1004,2026-08-22T04:47:16Z,6.8,64.6,103.7,1029.6,0,0,0,0.179,0
CAT-EQ-1004,2026-08-22T05:47:16Z,14.9,63.1,103.7,1030.4,0,0,0,0.16,0
CAT-EQ-1004,2026-08-22T06:47:16Z,23.1,61.8,103.7,1031.2,0,0,0,0.217,0
CAT-EQ-1004,2026-08-22T07:47:16Z,15.5,60.1,103.7,1032.0,0,0,0,0.282,0
CAT-EQ-1004,2026-08-22T08:47:16Z,0.0,58.2,103.9,1032.0,0,0,0,0.218,0
CAT-EQ-1004,2026-08-22T09:47:16Z,0.0,56.9,104.1,1032.0,0,0,0,0.343,0
CAT-EQ-1004,2026-08-22T10:47:16Z,0.0,55.1,104.3,1032.0,0,0,0,0.168,0
CAT-EQ-1004,2026-08-22T11:47:16Z,0.0,54.3,104.5,1032.0,0,0,0,0.131,0
CAT-EQ-1004,2026-08-22T12:47:16Z,0.0,53.5,104.7,1032.0,0,0,0,0.361,0
CAT-EQ-1004,2026-08-22T13:47:16Z,0.0,52.6,104.9,1032.0,0,0,0,0.386,0
CAT-EQ-1004,2026-08-22T14:47:16Z,0.0,51.1,105.1,1032.0,0,0,0,0.249,0
CAT-EQ-1004,2026-08-22T15:47:16Z,0.0,49.6,105.3,1032.0,0,0,0,0.202,0
CAT-EQ-1004,2026-08-22T16:47:16Z,0.0,48.6,105.5,1032.0,0,0,0,0.445,0
CAT-EQ-1004,2026-08-22T17:47:16Z,0.0,47.7,105.7,1032.0,0,0,0,0.358,0
CAT-EQ-1004,2026-08-22T18:47:16Z,0.0,46.8,105.9,1032.0,0,0,0,0.143,0
CAT-EQ-1004,2026-08-22T19:47:16Z,0.0,45.1,106.1,1032.0,0,0,0,0.278,0
CAT-EQ-1004,2026-08-22T20:47:16Z,29.8,44.1,106.1,1032.8,0,0,0,0.35,0
CAT-EQ-1004,2026-08-22T21:47:16Z,16.3,43.0,106.1,1033.6,0,0,0,0.43,0
CAT-EQ-1004,2026-08-22T22:47:16Z,15.5,41.0,106.1,1034.4,0,0,0,0.325,0
CAT-EQ-1004,2026-08-22T23:47:16Z,24.0,39.2,106.1,1035.2,0,0,0,0.283,0
CAT-EQ-1004,2026-08-23T00:47:16Z,8.6,37.6,106.1,1036.0,0,0,0,0.298,0
CAT-EQ-1004,2026-08-23T01:47:16Z,12.4,36.1,106.1,1036.8,0,0,0,0.434,0
CAT-EQ-1004,2026-08-23T02:47:16Z,27.3,34.3,106.1,1037.6,0,0,0,0.372,0
CAT-EQ-1004,2026-08-23T03:47:16Z,15.7,33.7,106.1,1038.4,0,0,0,0.295,0
CAT-EQ-1004,2026-08-23T04:47:16Z,8.9,32.5,106.1,1039.2,0,0,0,0.161,0
CAT-EQ-1004,2026-08-23T05:47:16Z,10.4,31.6,106.1,1040.0,0,0,0,0.332,0
CAT-EQ-1004,2026-08-23T06:47:16Z,27.7,30.2,106.1,1040.8,0,0,0,0.106,0
CAT-EQ-1004,2026-08-23T07:47:16Z,25.5,95.0,106.1,1041.6,0,1,0,0.832,1
CAT-EQ-1004,2026-08-23T08:47:16Z,0.0,93.5,106.3,1041.6,0,0,0,0.382,0
CAT-EQ-1004,2026-08-23T09:47:16Z,0.0,91.7,106.5,1041.6,0,0,0,0.331,0
CAT-EQ-1004,2026-08-23T10:47:16Z,0.0,90.3,106.7,1041.6,0,0,0,0.423,0
CAT-EQ-1004,2026-08-23T11:47:16Z,0.0,88.4,106.9,1041.6,0,0,0,0.409,0
CAT-EQ-1004,2026-08-23T12:47:16Z,0.0,87.4,107.1,1041.6,0,0,0,0.142,0
CAT-EQ-1004,2026-08-23T13:47:16Z,0.0,86.2,107.3,1041.6,0,0,0,0.371,0
CAT-EQ-1004,2026-08-23T14:47:16Z,0.0,84.2,107.5,1041.6,0,0,0,0.157,0
CAT-EQ-1004,2026-08-23T15:47:16Z,0.0,60.2,107.7,1041.6,0,1,0,0.81,1
CAT-EQ-1004,2026-08-23T16:47:16Z,0.0,58.0,107.9,1041.6,0,0,0,0.236,0
CAT-EQ-1004,2026-08-23T17:47:16Z,0.0,57.1,108.1,1041.6,0,0,0,0.388,0
CAT-EQ-1004,2026-08-23T18:47:16Z,0.0,56.0,108.3,1041.6,0,0,0,0.128,0
CAT-EQ-1004,2026-08-23T19:47:16Z,0.0,54.2,108.5,1041.6,0,0,0,0.162,0
CAT-EQ-1004,2026-08-23T20:47:16Z,20.7,53.0,108.5,1042.4,0,0,0,0.355,0
CAT-EQ-1004,2026-08-23T21:47:16Z,10.5,51.6,108.5,1043.2,0,0,0,0.157,0
CAT-EQ-1004,2026-08-23T22:47:16Z,22.9,50.5,108.5,1044.0,0,0,0,0.309,0
CAT-EQ-1004,2026-08-23T23:47:16Z,13.6,48.5,108.5,1044.8,0,0,0,0.423,0
CAT-EQ-1004,2026-08-24T00:47:16Z,28.1,46.4,108.5,1045.6,0,0,0,0.108,0
CAT-EQ-1004,2026-08-24T01:47:16Z,28.4,44.2,108.5,1046.4,0,0,0,0.131,0
CAT-EQ-1004,2026-08-24T02:47:16Z,8.3,42.2,108.5,1047.2,0,0,0,0.24,0
CAT-EQ-1004,2026-08-24T03:47:16Z,16.7,41.3,108.5,1048.0,0,0,0,0.337,0
CAT-EQ-1004,2026-08-24T04:47:16Z,7.0,40.4,108.5,1048.8,0,0,0,0.443,0
CAT-EQ-1004,2026-08-24T05:47:16Z,12.9,38.3,108.5,1049.6,0,0,0,0.257,0
CAT-EQ-1004,2026-08-24T06:47:16Z,27.3,36.8,108.5,1050.4,0,0,0,0.303,0
CAT-EQ-1004,2026-08-24T07:47:16Z,6.2,36.2,108.5,1051.2,0,0,0,0.2,0
CAT-EQ-1004,2026-08-24T08:47:16Z,0.0,34.5,108.7,1051.2,0,0,0,0.287,0
CAT-EQ-1004,2026-08-24T09:47:16Z,0.0,32.8,108.9,1051.2,0,0,0,0.42,0
CAT-EQ-1004,2026-08-24T10:47:16Z,0.0,31.2,109.1,1051.2,0,0,0,0.306,0
CAT-EQ-1004,2026-08-24T11:47:16Z,0.0,30.4,109.3,1051.2,0,0,0,0.16,0
CAT-EQ-1004,2026-08-24T12:47:16Z,0.0,29.0,109.5,1051.2,0,0,0,0.182,0
CAT-EQ-1004,2026-08-24T13:47:16Z,0.0,27.0,109.7,1051.2,0,0,0,0.397,0
CAT-EQ-1004,2026-08-24T14:47:16Z,0.0,26.0,109.9,1051.2,0,0,0,0.363,0
CAT-EQ-1004,2026-08-24T15:47:16Z,0.0,24.2,110.1,1051.2,0,0,0,0.25,0
CAT-EQ-1004,2026-08-24T16:47:16Z,0.0,22.9,110.3,1051.2,0,0,0,0.428,0
CAT-EQ-1004,2026-08-24T17:47:16Z,0.0,21.1,110.5,1051.2,0,0,0,0.228,0
CAT-EQ-1004,2026-08-24T18:47:16Z,0.0,20.4,110.7,1051.2,0,0,0,0.32,0
CAT-EQ-1004,2026-08-24T19:47:16Z,0.0,95.0,110.9,1051.2,0,0,0,0.105,0
CAT-EQ-1004,2026-08-24T20:47:16Z,13.4,93.3,110.9,1052.0,0,0,0,0.126,0
CAT-EQ-1004,2026-08-24T21:47:16Z,21.3,91.9,110.9,1052.8,0,0,0,0.26,0
CAT-EQ-1004,2026-08-24T22:47:16Z,19.9,90.0,110.9,1053.6,0,0,0,0.313,0
CAT-EQ-1004,2026-08-24T23:47:16Z,12.2,89.3,110.9,1054.4,0,0,0,0.216,0
CAT-EQ-1004,2026-08-25T00:47:16Z,5.8,87.7,110.9,1055.2,0,0,0,0.309,0
CAT-EQ-1004,2026-08-25T01:47:16Z,22.3,86.9,110.9,1056.0,0,0,0,0.357,0
CAT-EQ-1004,2026-08-25T02:47:16Z,17.8,86.0,110.9,1056.8,0,0,0,0.26,0
CAT-EQ-1004,2026-08-25T03:47:16Z,25.3,84.7,110.9,1057.6,0,0,0,0.413,0
CAT-EQ-1004,2026-08-25T04:47:16Z,15.0,82.9,110.9,1058.4,0,0,0,0.315,0
CAT-EQ-1004,2026-08-25T05:47:16Z,11.9,82.3,110.9,1059.2,0,0,0,0.273,0
CAT-EQ-1004,2026-08-25T06:47:16Z,18.3,80.7,110.9,1060.0,0,0,0,0.351,0
CAT-EQ-1004,2026-08-25T07:47:16Z,8.8,79.2,110.9,1060.8,0,0,0,0.377,0
CAT-EQ-1004,2026-08-25T08:47:16Z,0.0,78.7,111.1,1060.8,0,0,0,0.377,0
CAT-EQ-1004,2026-08-25T09:47:16Z,0.0,76.7,111.3,1060.8,0,0,0,0.364,0
CAT-EQ-1004,2026-08-25T10:47:16Z,0.0,75.7,111.5,1060.8,0,0,0,0.336,0
CAT-EQ-1004,2026-08-25T11:47:16Z,0.0,74.9,111.7,1060.8,0,0,0,0.194,0
CAT-EQ-1004,2026-08-25T12:47:16Z,0.0,73.6,111.9,1060.8,0,0,0,0.389,0
CAT-EQ-1004,2026-08-25T13:47:16Z,0.0,72.7,112.1,1060.8,0,0,0,0.359,0
CAT-EQ-1004,2026-08-25T14:47:16Z,0.0,70.8,112.3,1060.8,0,0,0,0.291,0
CAT-EQ-1004,2026-08-25T15:47:16Z,0.0,70.1,112.5,1060.8,0,0,0,0.34,0
CAT-EQ-1004,2026-08-25T16:47:16Z,0.0,68.3,112.7,1060.8,0,0,0,0.162,0
CAT-EQ-1004,2026-08-25T17:47:16Z,0.0,66.1,112.9,1060.8,0,0,0,0.178,0
CAT-EQ-1004,2026-08-25T18:47:16Z,0.0,64.6,113.1,1060.8,0,0,0,0.401,0
CAT-EQ-1004,2026-08-25T19:47:16Z,0.0,62.9,113.3,1060.8,0,0,0,0.326,0
CAT-EQ-1004,2026-08-25T20:47:16Z,18.0,61.5,113.3,1061.6,0,0,0,0.271,0
CAT-EQ-1004,2026-08-25T21:47:16Z,22.0,60.6,113.3,1062.4,0,0,0,0.336,0
CAT-EQ-1004,2026-08-25T22:47:16Z,17.8,59.9,113.3,1063.2,0,0,0,0.116,0
CAT-EQ-1004,2026-08-25T23:47:16Z,18.0,59.0,113.3,1064.0,0,0,0,0.174,0
CAT-EQ-1004,2026-08-26T00:47:16Z,12.7,57.9,113.3,1064.8,0,0,0,0.355,0
CAT-EQ-1004,2026-08-26T01:47:16Z,14.2,56.6,113.3,1065.6,0,0,0,0.183,0
CAT-EQ-1004,2026-08-26T02:47:16Z,15.7,54.5,113.3,1066.4,0,0,0,0.344,0
CAT-EQ-1004,2026-08-26T03:47:16Z,21.1,52.6,113.3,1067.2,0,0,0,0.26,0
CAT-EQ-1004,2026-08-26T04:47:16Z,20.4,51.1,113.3,1068.0,0,0,0,0.356,0
CAT-EQ-1004,2026-08-26T05:47:16Z,8.3,50.4,113.3,1068.8,0,0,0,0.4,0
CAT-EQ-1004,2026-08-26T06:47:16Z,13.7,49.3,113.3,1069.6,0,0,0,0.25,0
CAT-EQ-1004,2026-08-26T07:47:16Z,6.5,48.0,113.3,1070.4,0,0,0,0.255,0
CAT-EQ-1004,2026-08-26T08:47:16Z,0.0,46.6,113.5,1070.4,0,0,0,0.359,0
CAT-EQ-1004,2026-08-26T09:47:16Z,0.0,45.6,113.7,1070.4,0,0,0,0.379,0
CAT-EQ-1004,2026-08-26T10:47:16Z,0.0,44.0,113.9,1070.4,0,0,0,0.435,0
CAT-EQ-1004,2026-08-26T11:47:16Z,0.0,42.1,114.1,1070.4,0,0,0,0.148,0
CAT-EQ-1004,2026-08-26T12:47:16Z,0.0,41.6,114.3,1070.4,0,0,0,0.18,0
CAT-EQ-1004,2026-08-26T13:47:16Z,0.0,39.4,114.5,1070.4,0,0,0,0.409,0
CAT-EQ-1004,2026-08-26T14:47:16Z,0.0,37.5,114.7,1070.4,0,0,0,0.219,0
CAT-EQ-1004,2026-08-26T15:47:16Z,0.0,35.9,114.9,1070.4,0,0,0,0.135,0
CAT-EQ-1004,2026-08-26T16:47:16Z,0.0,34.5,115.1,1070.4,0,0,0,0.448,0
CAT-EQ-1004,2026-08-26T17:47:16Z,0.0,32.6,115.3,1070.4,0,0,0,0.257,0
CAT-EQ-1004,2026-08-26T18:47:16Z,0.0,30.4,115.5,1070.4,0,0,0,0.102,0
CAT-EQ-1004,2026-08-26T19:47:16Z,0.0,28.7,115.7,1070.4,0,0,0,0.173,0
CAT-EQ-1004,2026-08-26T20:47:16Z,29.0,27.9,115.7,1071.2,0,0,0,0.358,0
CAT-EQ-1004,2026-08-26T21:47:16Z,9.8,27.1,115.7,1072.0,0,0,0,0.207,0
CAT-EQ-1004,2026-08-26T22:47:16Z,7.3,95.0,115.7,1072.8,0,1,0,0.692,1
CAT-EQ-1004,2026-08-26T23:47:16Z,9.0,94.5,115.7,1073.6,0,0,0,0.282,0
CAT-EQ-1004,2026-08-27T00:47:16Z,7.2,92.4,115.7,1074.4,0,0,0,0.361,0
CAT-EQ-1004,2026-08-27T01:47:16Z,14.1,91.3,115.7,1075.2,0,0,0,0.214,0
CAT-EQ-1004,2026-08-27T02:47:16Z,20.5,89.6,115.7,1076.0,0,0,0,0.294,0
CAT-EQ-1004,2026-08-27T03:47:16Z,23.2,88.8,115.7,1076.8,0,0,0,0.264,0
CAT-EQ-1004,2026-08-27T04:47:16Z,6.6,87.0,115.7,1077.6,0,0,0,0.329,0
CAT-EQ-1004,2026-08-27T05:47:16Z,29.2,85.9,115.7,1078.4,0,0,0,0.298,0
CAT-EQ-1004,2026-08-27T06:47:16Z,20.4,83.8,115.7,1079.2,0,0,0,0.33,0
CAT-EQ-1004,2026-08-27T07:47:16Z,19.6,82.4,115.7,1080.0,0,0,0,0.329,0
CAT-EQ-1004,2026-08-27T08:47:16Z,0.0,80.9,115.9,1080.0,0,0,0,0.295,0
CAT-EQ-1004,2026-08-27T09:47:16Z,0.0,79.6,116.1,1080.0,0,0,0,0.409,0
CAT-EQ-1004,2026-08-27T10:47:16Z,0.0,78.6,116.3,1080.0,0,0,0,0.191,0
CAT-EQ-1004,2026-08-27T11:47:16Z,0.0,76.8,116.5,1080.0,0,0,0,0.163,0
CAT-EQ-1004,2026-08-27T12:47:16Z,0.0,74.8,116.7,1080.0,0,0,0,0.161,0
CAT-EQ-1004,2026-08-27T13:47:16Z,0.0,73.9,116.9,1080.0,0,0,0,0.284,0
CAT-EQ-1004,2026-08-27T14:47:16Z,0.0,72.5,117.1,1080.0,0,0,0,0.303,0
CAT-EQ-1004,2026-08-27T15:47:16Z,0.0,71.6,117.3,1080.0,0,0,0,0.363,0
CAT-EQ-1004,2026-08-27T16:47:16Z,0.0,70.5,117.5,1080.0,0,0,0,0.292,0
CAT-EQ-1004,2026-08-27T17:47:16Z,0.0,69.5,117.7,1080.0,0,0,0,0.429,0
CAT-EQ-1004,2026-08-27T18:47:16Z,0.0,68.1,117.9,1080.0,0,0,0,0.174,0
CAT-EQ-1004,2026-08-27T19:47:16Z,0.0,67.0,118.1,1080.0,0,0,0,0.323,0
CAT-EQ-1004,2026-08-27T20:47:16Z,14.9,65.2,118.1,1080.8,0,0,0,0.171,0
CAT-EQ-1004,2026-08-27T21:47:16Z,12.0,63.6,118.1,1081.6,0,0,0,0.301,0
CAT-EQ-1004,2026-08-27T22:47:16Z,7.7,62.9,118.1,1082.4,0,0,0,0.414,0
CAT-EQ-1004,2026-08-27T23:47:16Z,26.7,61.4,118.1,1083.2,0,0,0,0.305,0
CAT-EQ-1004,2026-08-28T00:47:16Z,13.7,60.1,118.1,1084.0,0,0,0,0.167,0
CAT-EQ-1004,2026-08-28T01:47:16Z,20.3,36.1,118.1,1084.8,0,1,0,0.674,1
CAT-EQ-1004,2026-08-28T02:47:16Z,19.8,35.3,118.1,1085.6,0,0,0,0.153,0
CAT-EQ-1004,2026-08-28T03:47:16Z,10.2,33.6,118.1,1086.4,0,0,0,0.331,0
CAT-EQ-1004,2026-08-28T04:47:16Z,6.3,33.0,118.1,1087.2,0,0,0,0.145,0
CAT-EQ-1004,2026-08-28T05:47:16Z,9.5,31.7,118.1,1088.0,0,0,0,0.424,0
CAT-EQ-1004,2026-08-28T06:47:16Z,24.0,30.2,118.1,1088.8,0,0,0,0.3,0
CAT-EQ-1004,2026-08-28T07:47:16Z,15.8,28.5,118.1,1089.6,0,0,0,0.384,0
CAT-EQ-1004,2026-08-28T08:47:16Z,0.0,26.7,118.3,1089.6,0,0,0,0.2,0
CAT-EQ-1004,2026-08-28T09:47:16Z,0.0,25.2,118.5,1089.6,0,0,0,0.103,0
CAT-EQ-1004,2026-08-28T10:47:16Z,0.0,24.4,118.7,1089.6,0,0,0,0.394,0
CAT-EQ-1004,2026-08-28T11:47:16Z,0.0,23.3,118.9,1089.6,0,0,0,0.394,0
CAT-EQ-1004,2026-08-28T12:47:16Z,0.0,21.7,119.1,1089.6,0,0,0,0.333,0
CAT-EQ-1004,2026-08-28T13:47:16Z,0.0,20.0,119.3,1089.6,0,0,0,0.134,0
CAT-EQ-1004,2026-08-28T14:47:16Z,0.0,95.0,119.5,1089.6,0,0,0,0.214,0
CAT-EQ-1004,2026-08-28T15:47:16Z,0.0,92.9,119.7,1089.6,0,0,0,0.43,0
CAT-EQ-1004,2026-08-28T16:47:16Z,0.0,92.4,119.9,1089.6,0,0,0,0.248,0
CAT-EQ-1004,2026-08-28T17:47:16Z,0.0,91.5,120.1,1089.6,0,0,0,0.31,0
CAT-EQ-1004,2026-08-28T18:47:16Z,0.0,89.4,120.3,1089.6,0,0,0,0.108,0
CAT-EQ-1004,2026-08-28T19:47:16Z,0.0,88.4,120.5,1089.6,0,0,0,0.22,0
CAT-EQ-1004,2026-08-28T20:47:16Z,11.5,86.7,120.5,1090.4,0,0,0,0.349,0
CAT-EQ-1004,2026-08-28T21:47:16Z,12.1,85.2,120.5,1091.2,0,0,0,0.274,0
CAT-EQ-1004,2026-08-28T22:47:16Z,27.9,83.1,120.5,1092.0,0,0,0,0.255,0
CAT-EQ-1004,2026-08-28T23:47:16Z,21.9,81.9,120.5,1092.8,0,0,0,0.268,0
CAT-EQ-1004,2026-08-29T00:47:16Z,7.7,80.7,120.5,1093.6,0,0,0,0.369,0
CAT-EQ-1004,2026-08-29T01:47:16Z,24.9,80.1,120.5,1094.4,0,0,0,0.294,0
CAT-EQ-1004,2026-08-29T02:47:16Z,7.5,79.5,120.5,1095.2,0,0,0,0.291,0
CAT-EQ-1004,2026-08-29T03:47:16Z,17.9,78.2,120.5,1096.0,0,0,0,0.352,0
CAT-EQ-1004,2026-08-29T04:47:16Z,29.4,77.4,120.5,1096.8,0,0,0,0.186,0
CAT-EQ-1004,2026-08-29T05:47:16Z,16.5,76.8,120.5,1097.6,0,0,0,0.286,0
CAT-EQ-1004,2026-08-29T06:47:16Z,11.9,76.0,120.5,1098.4,0,0,0,0.298,0
CAT-EQ-1004,2026-08-29T07:47:16Z,9.5,74.9,120.5,1099.2,0,0,0,0.189,0
CAT-EQ-1004,2026-08-29T08:47:16Z,0.0,74.4,120.7,1099.2,0,0,0,0.405,0
CAT-EQ-1004,2026-08-29T09:47:16Z,0.0,72.5,120.9,1099.2,0,0,0,0.189,0
CAT-EQ-1004,2026-08-29T10:47:16Z,0.0,70.6,121.1,1099.2,0,0,0,0.284,0
CAT-EQ-1004,2026-08-29T11:47:16Z,0.0,69.3,121.3,1099.2,0,0,0,0.241,0
CAT-EQ-1004,2026-08-29T12:47:16Z,0.0,68.2,121.5,1099.2,0,0,0,0.378,0
CAT-EQ-1004,2026-08-29T13:47:16Z,0.0,66.6,121.7,1099.2,0,0,0,0.107,0
CAT-EQ-1004,2026-08-29T14:47:16Z,0.0,65.2,121.9,1099.2,0,0,0,0.35,0
CAT-EQ-1004,2026-08-29T15:47:16Z,0.0,63.6,122.1,1099.2,0,0,0,0.187,0
CAT-EQ-1004,2026-08-29T16:47:16Z,0.0,61.8,122.3,1099.2,0,0,0,0.276,0
CAT-EQ-1004,2026-08-29T17:47:16Z,0.0,59.9,122.5,1099.2,0,0,0,0.238,0
CAT-EQ-1004,2026-08-29T18:47:16Z,0.0,58.3,122.7,1099.2,0,0,0,0.307,0
CAT-EQ-1004,2026-08-29T19:47:16Z,0.0,57.1,122.9,1099.2,0,0,0,0.244,0
CAT-EQ-1004,2026-08-29T20:47:16Z,14.6,56.1,122.9,1100.0,0,0,0,0.193,0
CAT-EQ-1004,2026-08-29T21:47:16Z,10.8,55.3,122.9,1100.8,0,0,0,0.334,0
CAT-EQ-1004,2026-08-29T22:47:16Z,19.9,53.1,122.9,1101.6,0,0,0,0.349,0
CAT-EQ-1004,2026-08-29T23:47:16Z,27.8,51.0,122.9,1102.4,0,0,0,0.264,0
CAT-EQ-1004,2026-08-30T00:47:16Z,17.9,50.2,122.9,1103.2,0,0,0,0.155,0
CAT-EQ-1004,2026-08-30T01:47:16Z,21.6,48.6,122.9,1104.0,0,0,0,0.428,0
CAT-EQ-1004,2026-08-30T02:47:16Z,28.6,46.9,122.9,1104.8,0,0,0,0.308,0
CAT-EQ-1004,2026-08-30T03:47:16Z,27.1,46.2,122.9,1105.6,0,0,0,0.437,0
CAT-EQ-1004,2026-08-30T04:47:16Z,23.3,44.0,122.9,1106.4,0,0,0,0.385,0
CAT-EQ-1004,2026-08-30T05:47:16Z,26.3,42.0,122.9,1107.2,0,0,0,0.365,0
CAT-EQ-1004,2026-08-30T06:47:16Z,16.3,40.6,122.9,1108.0,0,0,0,0.254,0
CAT-EQ-1004,2026-08-30T07:47:16Z,17.7,95.0,122.9,1108.8,0,1,0,0.691,1
CAT-EQ-1004,2026-08-30T08:47:16Z,0.0,93.7,123.1,1108.8,0,0,0,0.395,0
CAT-EQ-1004,2026-08-30T09:47:16Z,0.0,92.2,123.3,1108.8,0,0,0,0.129,0
CAT-EQ-1004,2026-08-30T10:47:16Z,0.0,90.5,123.5,1108.8,0,0,0,0.31,0
CAT-EQ-1004,2026-08-30T11:47:16Z,0.0,89.8,123.7,1108.8,0,0,0,0.43,0
CAT-EQ-1004,2026-08-30T12:47:16Z,0.0,88.2,123.9,1108.8,0,0,0,0.224,0
CAT-EQ-1004,2026-08-30T13:47:16Z,0.0,86.3,124.1,1108.8,0,0,0,0.224,0
CAT-EQ-1004,2026-08-30T14:47:16Z,0.0,84.7,124.3,1108.8,0,0,0,0.413,0
CAT-EQ-1004,2026-08-30T15:47:16Z,0.0,83.6,124.5,1108.8,0,0,0,0.426,0
CAT-EQ-1004,2026-08-30T16:47:16Z,0.0,82.0,124.7,1108.8,0,0,0,0.324,0
CAT-EQ-1004,2026-08-30T17:47:16Z,0.0,80.3,124.9,1108.8,0,0,0,0.234,0
CAT-EQ-1004,2026-08-30T18:47:16Z,0.0,78.8,125.1,1108.8,0,0,0,0.209,0
CAT-EQ-1004,2026-08-30T19:47:16Z,0.0,54.8,125.3,1108.8,0,1,0,0.65,1
CAT-EQ-1004,2026-08-30T20:47:16Z,29.5,52.9,125.3,1109.6,0,0,0,0.144,0
CAT-EQ-1004,2026-08-30T21:47:16Z,17.6,52.0,125.3,1110.4,0,0,0,0.276,0
CAT-EQ-1004,2026-08-30T22:47:16Z,20.4,51.1,125.3,1111.2,0,0,0,0.364,0
CAT-EQ-1004,2026-08-30T23:47:16Z,16.1,49.5,125.3,1112.0,0,0,0,0.175,0
CAT-EQ-1004,2026-08-31T00:47:16Z,25.7,47.8,125.3,1112.8,0,0,0,0.31,0
CAT-EQ-1004,2026-08-31T01:47:16Z,25.4,46.1,125.3,1113.6,0,0,0,0.352,0
CAT-EQ-1004,2026-08-31T02:47:16Z,27.4,45.5,125.3,1114.4,0,0,0,0.133,0
CAT-EQ-1004,2026-08-31T03:47:16Z,13.3,44.7,125.3,1115.2,0,0,0,0.206,0
CAT-EQ-1004,2026-08-31T04:47:16Z,8.6,43.7,125.3,1116.0,0,0,0,0.201,0
CAT-EQ-1004,2026-08-31T05:47:16Z,5.7,43.1,125.3,1116.8,0,0,0,0.419,0
CAT-EQ-1004,2026-08-31T06:47:16Z,23.7,42.1,125.3,1117.6,0,0,0,0.321,0
CAT-EQ-1004,2026-08-31T07:47:16Z,18.7,40.2,125.3,1118.4,0,0,0,0.134,0
CAT-EQ-1004,2026-08-31T08:47:16Z,0.0,38.8,125.5,1118.4,0,0,0,0.394,0
CAT-EQ-1004,2026-08-31T09:47:16Z,0.0,37.2,125.7,1118.4,0,0,0,0.316,0
CAT-EQ-1004,2026-08-31T10:47:16Z,0.0,36.3,125.9,1118.4,0,0,0,0.316,0
CAT-EQ-1004,2026-08-31T11:47:16Z,0.0,35.1,126.1,1118.4,0,0,0,0.132,0
CAT-EQ-1004,2026-08-31T12:47:16Z,0.0,34.1,126.3,1118.4,0,0,0,0.315,0
CAT-EQ-1004,2026-08-31T13:47:16Z,0.0,33.5,126.5,1118.4,0,0,0,0.226,0
CAT-EQ-1004,2026-08-31T14:47:16Z,0.0,31.8,126.7,1118.4,0,0,0,0.128,0
CAT-EQ-1004,2026-08-31T15:47:16Z,0.0,29.9,126.9,1118.4,0,0,0,0.383,0
CAT-EQ-1004,2026-08-31T16:47:16Z,0.0,28.7,127.1,1118.4,0,0,0,0.28,0
CAT-EQ-1004,2026-08-31T17:47:16Z,0.0,28.1,127.3,1118.4,0,0,0,0.308,0
CAT-EQ-1004,2026-08-31T18:47:16Z,0.0,27.4,127.5,1118.4,0,0,0,0.163,0
CAT-EQ-1004,2026-08-31T19:47:16Z,0.0,26.2,127.7,1118.4,0,0,0,0.359,0
CAT-EQ-1004,2026-08-31T20:47:16Z,18.9,25.7,127.7,1119.2,0,0,0,0.105,0
CAT-EQ-1004,2026-08-31T21:47:16Z,24.8,24.5,127.7,1120.0,0,0,0,0.412,0
CAT-EQ-1004,2026-08-31T22:47:16Z,19.3,23.5,127.7,1120.8,0,0,0,0.382,0
CAT-EQ-1004,2026-08-31T23:47:16Z,5.7,22.4,127.7,1121.6,0,0,0,0.374,0
CAT-EQ-1004,2026-09-01T00:47:16Z,26.4,20.7,127.7,1122.4,0,0,0,0.217,0
CAT-EQ-1004,2026-09-01T01:47:16Z,20.2,95.0,127.7,1123.2,0,0,0,0.165,0
CAT-EQ-1004,2026-09-01T02:47:16Z,9.4,93.1,127.7,1124.0,0,0,0,0.343,0
CAT-EQ-1004,2026-09-01T03:47:16Z,16.8,91.6,127.7,1124.8,0,0,0,0.162,0
CAT-EQ-1004,2026-09-01T04:47:16Z,22.7,89.4,127.7,1125.6,0,0,0,0.287,0
CAT-EQ-1004,2026-09-01T05:47:16Z,17.9,87.7,127.7,1126.4,0,0,0,0.266,0
CAT-EQ-1004,2026-09-01T06:47:16Z,17.9,85.5,127.7,1127.2,0,0,0,0.161,0
CAT-EQ-1004,2026-09-01T07:47:16Z,19.9,83.6,127.7,1128.0,0,0,0,0.256,0
CAT-EQ-1004,2026-09-01T08:47:16Z,0.0,82.7,127.9,1128.0,0,0,0,0.127,0
CAT-EQ-1004,2026-09-01T09:47:16Z,0.0,82.1,128.1,1128.0,0,0,0,0.366,0
CAT-EQ-1004,2026-09-01T10:47:16Z,0.0,81.0,128.3,1128.0,0,0,0,0.363,0
CAT-EQ-1004,2026-09-01T11:47:16Z,0.0,78.9,128.5,1128.0,0,0,0,0.193,0
CAT-EQ-1004,2026-09-01T12:47:16Z,0.0,78.1,128.7,1128.0,0,0,0,0.276,0
CAT-EQ-1004,2026-09-01T13:47:16Z,0.0,76.4,128.9,1128.0,0,0,0,0.337,0
CAT-EQ-1004,2026-09-01T14:47:16Z,0.0,75.2,129.1,1128.0,0,0,0,0.151,0
CAT-EQ-1004,2026-09-01T15:47:16Z,0.0,74.5,129.3,1128.0,0,0,0,0.35,0
CAT-EQ-1004,2026-09-01T16:47:16Z,0.0,73.0,129.5,1128.0,0,0,0,0.339,0
CAT-EQ-1004,2026-09-01T17:47:16Z,0.0,72.4,129.7,1128.0,0,0,0,0.367,0
CAT-EQ-1004,2026-09-01T18:47:16Z,0.0,70.8,129.9,1128.0,0,0,0,0.111,0
CAT-EQ-1004,2026-09-01T19:47:16Z,0.0,69.6,130.1,1128.0,0,0,0,0.266,0
CAT-EQ-1004,2026-09-01T20:47:16Z,22.9,67.7,130.1,1128.8,0,0,0,0.186,0
CAT-EQ-1004,2026-09-01T21:47:16Z,6.0,67.1,130.1,1129.6,0,0,0,0.18,0
CAT-EQ-1004,2026-09-01T22:47:16Z,23.0,65.6,130.1,1130.4,0,0,0,0.408,0
CAT-EQ-1004,2026-09-01T23:47:16Z,5.3,63.7,130.1,1131.2,0,0,0,0.35,0
CAT-EQ-1004,2026-09-02T00:47:16Z,14.9,61.7,130.1,1132.0,0,0,0,0.16,0
CAT-EQ-1004,2026-09-02T01:47:16Z,11.4,60.7,130.1,1132.8,0,0,0,0.174,0
CAT-EQ-1004,2026-09-02T02:47:16Z,18.4,59.2,130.1,1133.6,0,0,0,0.293,0
CAT-EQ-1004,2026-09-02T03:47:16Z,5.4,57.4,130.1,1134.4,0,0,0,0.309,0
CAT-EQ-1004,2026-09-02T04:47:16Z,8.7,55.7,130.1,1135.2,0,0,0,0.381,0
CAT-EQ-1004,2026-09-02T05:47:16Z,19.2,54.4,130.1,1136.0,0,0,0,0.342,0
CAT-EQ-1004,2026-09-02T06:47:16Z,6.5,52.9,130.1,1136.8,0,0,0,0.196,0
CAT-EQ-1004,2026-09-02T07:47:16Z,16.2,52.3,130.1,1137.6,0,0,0,0.309,0
CAT-EQ-1004,2026-09-02T08:47:16Z,0.0,51.4,130.3,1137.6,0,0,0,0.391,0
CAT-EQ-1004,2026-09-02T09:47:16Z,0.0,50.6,130.5,1137.6,0,0,0,0.136,0
CAT-EQ-1004,2026-09-02T10:47:16Z,0.0,49.0,130.7,1137.6,0,0,0,0.386,0
CAT-EQ-1004,2026-09-02T11:47:16Z,0.0,46.8,130.9,1137.6,0,0,0,0.117,0
CAT-EQ-1004,2026-09-02T12:47:16Z,0.0,46.0,131.1,1137.6,0,0,0,0.105,0
CAT-EQ-1005,2026-08-19T13:47:16Z,0.0,93.8,136.9,722.0,0,0,0,0.419,0
CAT-EQ-1005,2026-08-19T14:47:16Z,0.0,92.2,137.1,722.0,0,0,0,0.268,0
CAT-EQ-1005,2026-08-19T15:47:16Z,0.0,68.2,137.3,722.0,0,1,0,0.73,1
CAT-EQ-1005,2026-08-19T16:47:16Z,0.0,66.1,137.5,722.0,0,0,0,0.425,0
CAT-EQ-1005,2026-08-19T17:47:16Z,0.0,65.5,137.7,722.0,0,0,0,0.269,0
CAT-EQ-1005,2026-08-19T18:47:16Z,0.0,63.5,137.9,722.0,0,0,0,0.208,0
CAT-EQ-1005,2026-08-19T19:47:16Z,0.0,61.6,138.1,722.0,0,0,0,0.169,0
CAT-EQ-1005,2026-08-19T20:47:16Z,24.3,60.4,138.1,722.8,0,0,0,0.385,0
CAT-EQ-1005,2026-08-19T21:47:16Z,28.6,59.2,138.1,723.6,0,0,0,0.341,0
CAT-EQ-1005,2026-08-19T22:47:16Z,15.9,58.0,138.1,724.4,0,0,0,0.327,0
CAT-EQ-1005,2026-08-19T23:47:16Z,27.9,57.3,138.1,725.2,0,0,0,0.179,0
CAT-EQ-1005,2026-08-20T00:47:16Z,12.1,56.7,138.1,726.0,0,0,0,0.307,0
CAT-EQ-1005,2026-08-20T01:47:16Z,24.3,56.1,138.1,726.8,0,0,0,0.25,0
CAT-EQ-1005,2026-08-20T02:47:16Z,18.7,54.7,138.1,727.6,0,0,0,0.156,0
CAT-EQ-1005,2026-08-20T03:47:16Z,20.2,53.3,138.1,728.4,0,0,0,0.322,0
CAT-EQ-1005,2026-08-20T04:47:16Z,8.0,51.7,138.1,729.2,0,0,0,0.111,0
CAT-EQ-1005,2026-08-20T05:47:16Z,25.1,49.8,138.1,730.0,0,0,0,0.108,0
CAT-EQ-1005,2026-08-20T06:47:16Z,19.9,49.1,138.1,730.8,0,0,0,0.225,0
CAT-EQ-1005,2026-08-20T07:47:16Z,26.2,47.1,138.1,731.6,0,0,0,0.442,0
CAT-EQ-1005,2026-08-20T08:47:16Z,0.0,23.1,138.3,731.6,0,1,0,0.729,1
CAT-EQ-1005,2026-08-20T09:47:16Z,0.0,21.9,138.5,731.6,0,0,0,0.435,0
CAT-EQ-1005,2026-08-20T10:47:16Z,0.0,20.2,138.7,731.6,0,0,0,0.204,0
CAT-EQ-1005,2026-08-20T11:47:16Z,0.0,95.0,138.9,731.6,0,0,0,0.293,0
CAT-EQ-1005,2026-08-20T12:47:16Z,0.0,93.5,139.1,731.6,0,0,0,0.162,0
CAT-EQ-1005,2026-08-20T13:47:16Z,0.0,92.4,139.3,731.6,0,0,0,0.384,0
CAT-EQ-1005,2026-08-20T14:47:16Z,0.0,91.5,139.5,731.6,0,0,0,0.146,0
CAT-EQ-1005,2026-08-20T15:47:16Z,0.0,90.5,139.7,731.6,0,0,0,0.212,0
CAT-EQ-1005,2026-08-20T16:47:16Z,0.0,88.5,139.9,731.6,0,0,0,0.229,0
CAT-EQ-1005,2026-08-20T17:47:16Z,0.0,88.0,140.1,731.6,0,0,0,0.24,0
CAT-EQ-1005,2026-08-20T18:47:16Z,0.0,86.8,140.3,731.6,0,0,0,0.174,0
CAT-EQ-1005,2026-08-20T19:47:16Z,0.0,85.5,140.5,731.6,0,0,0,0.296,0
CAT-EQ-1005,2026-08-20T20:47:16Z,13.2,85.0,140.5,732.4,0,0,0,0.431,0
CAT-EQ-1005,2026-08-20T21:47:16Z,25.4,83.3,140.5,733.2,0,0,0,0.247,0
CAT-EQ-1005,2026-08-20T22:47:16Z,14.7,81.4,140.5,734.0,0,0,0,0.121,0
CAT-EQ-1005,2026-08-20T23:47:16Z,13.8,79.3,140.5,734.8,0,0,0,0.441,0
CAT-EQ-1005,2026-08-21T00:47:16Z,20.3,78.6,140.5,735.6,0,0,0,0.165,0
CAT-EQ-1005,2026-08-21T01:47:16Z,7.0,77.7,140.5,736.4,0,0,0,0.119,0
CAT-EQ-1005,2026-08-21T02:47:16Z,19.2,77.1,140.5,737.2,0,0,0,0.105,0
CAT-EQ-1005,2026-08-21T03:47:16Z,28.9,74.9,140.5,738.0,0,0,0,0.375,0
CAT-EQ-1005,2026-08-21T04:47:16Z,19.0,73.1,140.5,738.8,0,0,0,0.264,0
CAT-EQ-1005,2026-08-21T05:47:16Z,19.8,71.9,140.5,739.6,0,0,0,0.435,0
CAT-EQ-1005,2026-08-21T06:47:16Z,24.1,69.7,140.5,740.4,0,0,0,0.149,0
CAT-EQ-1005,2026-08-21T07:47:16Z,16.9,69.1,140.5,741.2,0,0,0,0.125,0
CAT-EQ-1005,2026-08-21T08:47:16Z,0.0,68.0,140.7,741.2,0,0,0,0.178,0
CAT-EQ-1005,2026-08-21T09:47:16Z,0.0,67.0,140.9,741.2,0,0,0,0.355,0
CAT-EQ-1005,2026-08-21T10:47:16Z,0.0,65.0,141.1,741.2,0,0,0,0.153,0
CAT-EQ-1005,2026-08-21T11:47:16Z,0.0,64.0,141.3,741.2,0,0,0,0.25,0
CAT-EQ-1005,2026-08-21T12:47:16Z,0.0,61.9,141.5,741.2,0,0,0,0.426,0
CAT-EQ-1005,2026-08-21T13:47:16Z,0.0,59.7,141.7,741.2,0,0,0,0.422,0
CAT-EQ-1005,2026-08-21T14:47:16Z,0.0,57.8,141.9,741.2,0,0,0,0.117,0
CAT-EQ-1005,2026-08-21T15:47:16Z,0.0,56.5,142.1,741.2,0,0,0,0.226,0
CAT-EQ-1005,2026-08-21T16:47:16Z,0.0,55.4,142.3,741.2,0,0,0,0.164,0
CAT-EQ-1005,2026-08-21T17:47:16Z,0.0,54.0,142.5,741.2,0,0,0,0.137,0
CAT-EQ-1005,2026-08-21T18:47:16Z,0.0,52.2,142.7,741.2,0,0,0,0.411,0
CAT-EQ-1005,2026-08-21T19:47:16Z,0.0,51.6,142.9,741.2,0,0,0,0.133,0
CAT-EQ-1005,2026-08-21T20:47:16Z,29.7,50.6,142.9,742.0,0,0,0,0.119,0
CAT-EQ-1005,2026-08-21T21:47:16Z,22.6,48.8,142.9,742.8,0,0,0,0.386,0
CAT-EQ-1005,2026-08-21T22:47:16Z,28.3,48.0,142.9,743.6,0,0,0,0.147,0
CAT-EQ-1005,2026-08-21T23:47:16Z,15.9,46.6,142.9,744.4,0,0,0,0.155,0
CAT-EQ-1005,2026-08-22T00:47:16Z,15.4,45.9,142.9,745.2,0,0,0,0.352,0
CAT-EQ-1005,2026-08-22T01:47:16Z,9.6,44.3,142.9,746.0,0,0,0,0.322,0
CAT-EQ-1005,2026-08-22T02:47:16Z,20.4,42.2,142.9,746.8,0,0,0,0.346,0
CAT-EQ-1005,2026-08-22T03:47:16Z,26.1,40.1,142.9,747.6,0,0,0,0.228,0
CAT-EQ-1005,2026-08-22T04:47:16Z,5.7,39.5,142.9,748.4,0,0,0,0.435,0
CAT-EQ-1005,2026-08-22T05:47:16Z,20.6,39.0,142.9,749.2,0,0,0,0.101,0
CAT-EQ-1005,2026-08-22T06:47:16Z,13.7,37.8,142.9,750.0,0,0,0,0.366,0
CAT-EQ-1005,2026-08-22T07:47:16Z,6.6,35.7,142.9,750.8,0,0,0,0.218,0
CAT-EQ-1005,2026-08-22T08:47:16Z,0.0,33.6,143.1,750.8,0,0,0,0.185,0
CAT-EQ-1005,2026-08-22T09:47:16Z,0.0,32.8,143.3,750.8,0,0,0,0.121,0
CAT-EQ-1005,2026-08-22T10:47:16Z,0.0,31.3,143.5,750.8,0,0,0,0.25,0
CAT-EQ-1005,2026-08-22T11:47:16Z,0.0,30.7,143.7,750.8,0,0,0,0.267,0
CAT-EQ-1005,2026-08-22T12:47:16Z,0.0,29.8,143.9,750.8,0,0,0,0.338,0
CAT-EQ-1005,2026-08-22T13:47:16Z,0.0,28.2,144.1,750.8,0,0,0,0.303,0
CAT-EQ-1005,2026-08-22T14:47:16Z,0.0,27.3,144.3,750.8,0,0,0,0.232,0
CAT-EQ-1005,2026-08-22T15:47:16Z,0.0,26.3,144.5,750.8,0,0,0,0.39,0
CAT-EQ-1005,2026-08-22T16:47:16Z,0.0,25.1,144.7,750.8,0,0,0,0.164,0
CAT-EQ-1005,2026-08-22T17:47:16Z,0.0,24.3,144.9,750.8,0,0,0,0.431,0
CAT-EQ-1005,2026-08-22T18:47:16Z,0.0,22.5,145.1,750.8,0,0,0,0.124,0
CAT-EQ-1005,2026-08-22T19:47:16Z,0.0,21.9,145.3,750.8,0,0,0,0.337,0
CAT-EQ-1005,2026-08-22T20:47:16Z,94.5,20.5,145.3,751.6,1,0,0,0.685,1
CAT-EQ-1005,2026-08-22T21:47:16Z,8.8,95.0,145.3,752.4,0,0,0,0.425,0
CAT-EQ-1005,2026-08-22T22:47:16Z,12.0,92.9,145.3,753.2,0,0,0,0.449,0
CAT-EQ-1005,2026-08-22T23:47:16Z,18.9,91.0,145.3,754.0,0,0,0,0.308,0
CAT-EQ-1005,2026-08-23T00:47:16Z,19.8,90.4,145.3,754.8,0,0,0,0.335,0
CAT-EQ-1005,2026-08-23T01:47:16Z,27.1,89.7,145.3,755.6,0,0,0,0.127,0
CAT-EQ-1005,2026-08-23T02:47:16Z,16.5,88.1,145.3,756.4,0,0,0,0.132,0
CAT-EQ-1005,2026-08-23T03:47:16Z,13.6,86.7,145.3,757.2,0,0,0,0.435,0
CAT-EQ-1005,2026-08-23T04:47:16Z,7.5,85.9,145.3,758.0,0,0,0,0.375,0
CAT-EQ-1005,2026-08-23T05:47:16Z,18.1,84.2,145.3,758.8,0,0,0,0.37,0
CAT-EQ-1005,2026-08-23T06:47:16Z,17.6,82.8,145.3,759.6,0,0,0,0.21,0
CAT-EQ-1005,2026-08-23T07:47:16Z,23.7,81.1,145.3,760.4,0,0,0,0.116,0
CAT-EQ-1005,2026-08-23T08:47:16Z,0.0,80.0,145.5,760.4,0,0,0,0.383,0
CAT-EQ-1005,2026-08-23T09:47:16Z,0.0,78.6,145.7,760.4,0,0,0,0.278,0
CAT-EQ-1005,2026-08-23T10:47:16Z,0.0,76.7,145.9,760.4,0,0,0,0.209,0
CAT-EQ-1005,2026-08-23T11:47:16Z,0.0,75.4,146.1,760.4,0,0,0,0.157,0
CAT-EQ-1005,2026-08-23T12:47:16Z,0.0,73.8,146.3,760.4,0,0,0,0.394,0
CAT-EQ-1005,2026-08-23T13:47:16Z,0.0,73.1,146.5,760.4,0,0,0,0.271,0
CAT-EQ-1005,2026-08-23T14:47:16Z,0.0,72.3,146.7,760.4,0,0,0,0.138,0
CAT-EQ-1005,2026-08-23T15:47:16Z,0.0,71.2,146.9,760.4,0,0,0,0.104,0
CAT-EQ-1005,2026-08-23T16:47:16Z,0.0,70.7,147.1,760.4,0,0,0,0.118,0
CAT-EQ-1005,2026-08-23T17:47:16Z,0.0,69.8,147.3,760.4,0,0,0,0.274,0
CAT-EQ-1005,2026-08-23T18:47:16Z,0.0,67.8,147.5,760.4,0,0,0,0.115,0
CAT-EQ-1005,2026-08-23T19:47:16Z,0.0,67.2,147.7,760.4,0,0,0,0.189,0
CAT-EQ-1005,2026-08-23T20:47:16Z,9.9,66.1,147.7,761.2,0,0,0,0.39,0
CAT-EQ-1005,2026-08-23T21:47:16Z,16.4,65.4,147.7,762.0,0,0,0,0.125,0
CAT-EQ-1005,2026-08-23T22:47:16Z,5.6,64.2,147.7,762.8,0,0,0,0.36,0
CAT-EQ-1005,2026-08-23T23:47:16Z,16.7,62.3,147.7,763.6,0,0,0,0.286,0
CAT-EQ-1005,2026-08-24T00:47:16Z,8.0,60.3,147.7,764.4,0,0,0,0.123,0
CAT-EQ-1005,2026-08-24T01:47:16Z,14.7,58.5,147.7,765.2,0,0,0,0.27,0
CAT-EQ-1005,2026-08-24T02:47:16Z,17.5,57.3,147.7,766.0,0,0,0,0.418,0
CAT-EQ-1005,2026-08-24T03:47:16Z,16.5,56.2,147.7,766.8,0,0,0,0.129,0
CAT-EQ-1005,2026-08-24T04:47:16Z,17.8,55.2,147.7,767.6,0,0,0,0.189,0
CAT-EQ-1005,2026-08-24T05:47:16Z,21.4,53.0,147.7,768.4,0,0,0,0.166,0
CAT-EQ-1005,2026-08-24T06:47:16Z,10.6,29.0,147.7,769.2,0,1,0,0.759,1
CAT-EQ-1005,2026-08-24T07:47:16Z,8.2,27.0,147.7,770.0,0,0,0,0.151,0
CAT-EQ-1005,2026-08-24T08:47:16Z,0.0,26.3,147.9,770.0,0,0,0,0.329,0
CAT-EQ-1005,2026-08-24T09:47:16Z,0.0,25.5,148.1,770.0,0,0,0,0.323,0
CAT-EQ-1005,2026-08-24T10:47:16Z,0.0,24.2,148.3,770.0,0,0,0,0.316,0
CAT-EQ-1005,2026-08-24T11:47:16Z,0.0,23.4,148.5,770.0,0,0,0,0.387,0
CAT-EQ-1005,2026-08-24T12:47:16Z,0.0,21.8,148.7,770.0,0,0,0,0.219,0
CAT-EQ-1005,2026-08-24T13:47:16Z,0.0,95.0,148.9,770.0,0,0,0,0.441,0
CAT-EQ-1005,2026-08-24T14:47:16Z,0.0,94.4,149.1,770.0,0,0,0,0.191,0
CAT-EQ-1005,2026-08-24T15:47:16Z,0.0,92.5,149.3,770.0,0,0,0,0.392,0
CAT-EQ-1005,2026-08-24T16:47:16Z,0.0,91.3,149.5,770.0,0,0,0,0.229,0
CAT-EQ-1005,2026-08-24T17:47:16Z,0.0,89.3,149.7,770.0,0,0,0,0.216,0
CAT-EQ-1005,2026-08-24T18:47:16Z,0.0,87.3,149.9,770.0,0,0,0,0.37,0
CAT-EQ-1005,2026-08-24T19:47:16Z,0.0,85.1,150.1,770.0,0,0,0,0.23,0
CAT-EQ-1005,2026-08-24T20:47:16Z,16.8,83.1,150.1,770.8,0,0,0,0.437,0
CAT-EQ-1005,2026-08-24T21:47:16Z,6.6,82.4,150.1,771.6,0,0,0,0.287,0
CAT-EQ-1005,2026-08-24T22:47:16Z,27.7,80.3,150.1,772.4,0,0,0,0.131,0
CAT-EQ-1005,2026-08-24T23:47:16Z,13.5,79.3,150.1,773.2,0,0,0,0.239,0
CAT-EQ-1005,2026-08-25T00:47:16Z,26.1,78.4,150.1,774.0,0,0,0,0.148,0
CAT-EQ-1005,2026-08-25T01:47:16Z,14.2,77.4,150.1,774.8,0,0,0,0.2,0
CAT-EQ-1005,2026-08-25T02:47:16Z,29.9,75.9,150.1,775.6,0,0,0,0.429,0
CAT-EQ-1005,2026-08-25T03:47:16Z,25.4,74.9,150.1,776.4,0,0,0,0.298,0
CAT-EQ-1005,2026-08-25T04:47:16Z,10.5,72.8,150.1,777.2,0,0,0,0.287,0
CAT-EQ-1005,2026-08-25T05:47:16Z,22.2,70.9,150.1,778.0,0,0,0,0.142,0
CAT-EQ-1005,2026-08-25T06:47:16Z,14.2,68.8,150.1,778.8,0,0,0,0.227,0
CAT-EQ-1005,2026-08-25T07:47:16Z,29.2,67.6,150.1,779.6,0,0,0,0.191,0
CAT-EQ-1005,2026-08-25T08:47:16Z,0.0,65.9,150.3,779.6,0,0,0,0.325,0
CAT-EQ-1005,2026-08-25T09:47:16Z,0.0,64.0,150.5,779.6,0,0,0,0.379,0
CAT-EQ-1005,2026-08-25T10:47:16Z,0.0,63.1,150.7,779.6,0,0,0,0.302,0
CAT-EQ-1005,2026-08-25T11:47:16Z,0.0,62.3,150.9,779.6,0,0,0,0.419,0
CAT-EQ-1005,2026-08-25T12:47:16Z,0.0,60.5,151.1,779.6,0,0,0,0.385,0
CAT-EQ-1005,2026-08-25T13:47:16Z,0.0,58.4,151.3,779.6,0,0,0,0.33,0
CAT-EQ-1005,2026-08-25T14:47:16Z,0.0,57.7,151.5,779.6,0,0,0,0.145,0
CAT-EQ-1005,2026-08-25T15:47:16Z,0.0,56.1,151.7,779.6,0,0,0,0.109,0
CAT-EQ-1005,2026-08-25T16:47:16Z,0.0,54.4,151.9,779.6,0,0,0,0.367,0
CAT-EQ-1005,2026-08-25T17:47:16Z,0.0,53.7,152.1,779.6,0,0,0,0.169,0
CAT-EQ-1005,2026-08-25T18:47:16Z,0.0,52.6,152.3,779.6,0,0,0,0.162,0
CAT-EQ-1005,2026-08-25T19:47:16Z,0.0,51.8,152.5,779.6,0,0,0,0.374,0
CAT-EQ-1005,2026-08-25T20:47:16Z,13.6,50.7,152.5,780.4,0,0,0,0.175,0
CAT-EQ-1005,2026-08-25T21:47:16Z,10.9,48.9,152.5,781.2,0,0,0,0.167,0
CAT-EQ-1005,2026-08-25T22:47:16Z,18.1,24.9,152.5,782.0,0,1,0,0.843,1
CAT-EQ-1005,2026-08-25T23:47:16Z,27.4,24.0,152.5,782.8,0,0,0,0.278,0
CAT-EQ-1005,2026-08-26T00:47:16Z,29.3,23.4,152.5,783.6,0,0,0,0.166,0
CAT-EQ-1005,2026-08-26T01:47:16Z,20.2,22.1,152.5,784.4,0,0,0,0.233,0
CAT-EQ-1005,2026-08-26T02:47:16Z,7.5,21.4,152.5,785.2,0,0,0,0.443,0
CAT-EQ-1005,2026-08-26T03:47:16Z,10.6,95.0,152.5,786.0,0,0,0,0.401,0
CAT-EQ-1005,2026-08-26T04:47:16Z,21.7,93.3,152.5,786.8,0,0,0,0.373,0
CAT-EQ-1005,2026-08-26T05:47:16Z,17.0,92.6,152.5,787.6,0,0,0,0.176,0
CAT-EQ-1005,2026-08-26T06:47:16Z,22.3,90.5,152.5,788.4,0,0,0,0.364,0
CAT-EQ-1005,2026-08-26T07:47:16Z,12.3,88.3,152.5,789.2,0,0,0,0.351,0
CAT-EQ-1005,2026-08-26T08:47:16Z,0.0,86.4,152.7,789.2,0,0,0,0.242,0
CAT-EQ-1005,2026-08-26T09:47:16Z,0.0,84.8,152.9,789.2,0,0,0,0.33,0
CAT-EQ-1005,2026-08-26T10:47:16Z,0.0,82.8,153.1,789.2,0,0,0,0.38,0
CAT-EQ-1005,2026-08-26T11:47:16Z,0.0,81.4,153.3,789.2,0,0,0,0.272,0
CAT-EQ-1005,2026-08-26T12:47:16Z,0.0,80.1,153.5,789.2,0,0,0,0.432,0
CAT-EQ-1005,2026-08-26T13:47:16Z,0.0,79.0,153.7,789.2,0,0,0,0.177,0
CAT-EQ-1005,2026-08-26T14:47:16Z,0.0,78.4,153.9,789.2,0,0,0,0.18,0
CAT-EQ-1005,2026-08-26T15:47:16Z,0.0,77.3,154.1,789.2,0,0,0,0.377,0
CAT-EQ-1005,2026-08-26T16:47:16Z,0.0,75.8,154.3,789.2,0,0,0,0.331,0
CAT-EQ-1005,2026-08-26T17:47:16Z,0.0,74.1,154.5,789.2,0,0,0,0.421,0
CAT-EQ-1005,2026-08-26T18:47:16Z,0.0,73.6,154.7,789.2,0,0,0,0.352,0
CAT-EQ-1005,2026-08-26T19:47:16Z,0.0,72.5,154.9,789.2,0,0,0,0.165,0
CAT-EQ-1005,2026-08-26T20:47:16Z,94.5,71.6,154.9,790.0,1,0,0,0.605,1
CAT-EQ-1005,2026-08-26T21:47:16Z,20.6,69.9,154.9,790.8,0,0,0,0.429,0
CAT-EQ-1005,2026-08-26T22:47:16Z,19.3,67.7,154.9,791.6,0,0,0,0.327,0
CAT-EQ-1005,2026-08-26T23:47:16Z,15.1,66.9,154.9,792.4,0,0,0,0.269,0
CAT-EQ-1005,2026-08-27T00:47:16Z,7.0,66.2,154.9,793.2,0,0,0,0.11,0
CAT-EQ-1005,2026-08-27T01:47:16Z,29.0,64.7,154.9,794.0,0,0,0,0.223,0
CAT-EQ-1005,2026-08-27T02:47:16Z,26.0,63.1,154.9,794.8,0,0,0,0.208,0
CAT-EQ-1005,2026-08-27T03:47:16Z,7.9,62.0,154.9,795.6,0,0,0,0.335,0
CAT-EQ-1005,2026-08-27T04:47:16Z,24.6,61.3,154.9,796.4,0,0,0,0.124,0
CAT-EQ-1005,2026-08-27T05:47:16Z,26.1,60.2,154.9,797.2,0,0,0,0.26,0
CAT-EQ-1005,2026-08-27T06:47:16Z,28.0,59.7,154.9,798.0,0,0,0,0.238,0
CAT-EQ-1005,2026-08-27T07:47:16Z,12.7,58.5,154.9,798.8,0,0,0,0.423,0
CAT-EQ-1005,2026-08-27T08:47:16Z,0.0,56.6,155.1,798.8,0,0,0,0.342,0
CAT-EQ-1005,2026-08-27T09:47:16Z,0.0,56.0,155.3,798.8,0,0,0,0.345,0
CAT-EQ-1005,2026-08-27T10:47:16Z,0.0,54.3,155.5,798.8,0,0,0,0.316,0
CAT-EQ-1005,2026-08-27T11:47:16Z,0.0,53.6,155.7,798.8,0,0,0,0.148,0
CAT-EQ-1005,2026-08-27T12:47:16Z,0.0,52.7,155.9,798.8,0,0,0,0.352,0
CAT-EQ-1005,2026-08-27T13:47:16Z,0.0,52.0,156.1,798.8,0,0,0,0.172,0
CAT-EQ-1005,2026-08-27T14:47:16Z,0.0,50.0,156.3,798.8,0,0,0,0.317,0
CAT-EQ-1005,2026-08-27T15:47:16Z,0.0,49.0,156.5,798.8,0,0,0,0.245,0
CAT-EQ-1005,2026-08-27T16:47:16Z,0.0,47.9,156.7,798.8,0,0,0,0.423,0
CAT-EQ-1005,2026-08-27T17:47:16Z,0.0,47.0,156.9,798.8,0,0,0,0.314,0
CAT-EQ-1005,2026-08-27T18:47:16Z,0.0,45.5,157.1,798.8,0,0,0,0.347,0
CAT-EQ-1005,2026-08-27T19:47:16Z,0.0,44.2,157.3,798.8,0,0,0,0.407,0
CAT-EQ-1005,2026-08-27T20:47:16Z,11.6,42.6,157.3,799.6,0,0,0,0.117,0
CAT-EQ-1005,2026-08-27T21:47:16Z,13.2,41.3,157.3,800.4,0,0,0,0.334,0
CAT-EQ-1005,2026-08-27T22:47:16Z,18.3,39.3,157.3,801.2,0,0,0,0.136,0
CAT-EQ-1005,2026-08-27T23:47:16Z,5.2,38.6,157.3,802.0,0,0,0,0.268,0
CAT-EQ-1005,2026-08-28T00:47:16Z,6.1,37.2,157.3,802.8,0,0,0,0.375,0
CAT-EQ-1005,2026-08-28T01:47:16Z,14.3,35.2,157.3,803.6,0,0,0,0.115,0
CAT-EQ-1005,2026-08-28T02:47:16Z,12.0,33.2,157.3,804.4,0,0,0,0.298,0
CAT-EQ-1005,2026-08-28T03:47:16Z,25.6,32.1,157.3,805.2,0,0,0,0.357,0
CAT-EQ-1005,2026-08-28T04:47:16Z,16.5,30.7,157.3,806.0,0,0,0,0.304,0
CAT-EQ-1005,2026-08-28T05:47:16Z,20.7,29.2,157.3,806.8,0,0,0,0.423,0
CAT-EQ-1005,2026-08-28T06:47:16Z,20.2,28.1,157.3,807.6,0,0,0,0.215,0
CAT-EQ-1005,2026-08-28T07:47:16Z,14.7,26.7,157.3,808.4,0,0,0,0.204,0
CAT-EQ-1005,2026-08-28T08:47:16Z,0.0,25.9,157.5,808.4,0,0,0,0.4,0
CAT-EQ-1005,2026-08-28T09:47:16Z,0.0,25.1,157.7,808.4,0,0,0,0.107,0
CAT-EQ-1005,2026-08-28T10:47:16Z,0.0,23.6,157.9,808.4,0,0,0,0.38,0
CAT-EQ-1005,2026-08-28T11:47:16Z,0.0,21.7,158.1,808.4,0,0,0,0.446,0
CAT-EQ-1005,2026-08-28T12:47:16Z,0.0,95.0,158.3,808.4,0,0,0,0.364,0
CAT-EQ-1005,2026-08-28T13:47:16Z,0.0,93.1,158.5,808.4,0,0,0,0.271,0
CAT-EQ-1005,2026-08-28T14:47:16Z,0.0,92.2,158.7,808.4,0,0,0,0.395,0
CAT-EQ-1005,2026-08-28T15:47:16Z,0.0,90.3,158.9,808.4,0,0,0,0.157,0
CAT-EQ-1005,2026-08-28T16:47:16Z,0.0,89.4,159.1,808.4,0,0,0,0.363,0
CAT-EQ-1005,2026-08-28T17:47:16Z,0.0,87.6,159.3,808.4,0,0,0,0.448,0
CAT-EQ-1005,2026-08-28T18:47:16Z,0.0,86.8,159.5,808.4,0,0,0,0.447,0
CAT-EQ-1005,2026-08-28T19:47:16Z,0.0,85.9,159.7,808.4,0,0,0,0.264,0
CAT-EQ-1005,2026-08-28T20:47:16Z,6.7,84.7,159.7,809.2,0,0,0,0.104,0
CAT-EQ-1005,2026-08-28T21:47:16Z,26.4,83.2,159.7,810.0,0,0,0,0.415,0
CAT-EQ-1005,2026-08-28T22:47:16Z,6.4,82.6,159.7,810.8,0,0,0,0.181,0
CAT-EQ-1005,2026-08-28T23:47:16Z,19.5,81.8,159.7,811.6,0,0,0,0.421,0
CAT-EQ-1005,2026-08-29T00:47:16Z,24.8,80.5,159.7,812.4,0,0,0,0.383,0
CAT-EQ-1005,2026-08-29T01:47:16Z,24.9,79.2,159.7,813.2,0,0,0,0.379,0
CAT-EQ-1005,2026-08-29T02:47:16Z,12.3,77.4,159.7,814.0,0,0,0,0.191,0
CAT-EQ-1005,2026-08-29T03:47:16Z,27.1,76.7,159.7,814.8,0,0,0,0.342,0
CAT-EQ-1005,2026-08-29T04:47:16Z,13.0,74.9,159.7,815.6,0,0,0,0.424,0
CAT-EQ-1005,2026-08-29T05:47:16Z,6.3,73.4,159.7,816.4,0,0,0,0.337,0
CAT-EQ-1005,2026-08-29T06:47:16Z,20.7,72.8,159.7,817.2,0,0,0,0.381,0
CAT-EQ-1005,2026-08-29T07:47:16Z,19.6,71.0,159.7,818.0,0,0,0,0.277,0
CAT-EQ-1005,2026-08-29T08:47:16Z,0.0,69.7,159.9,818.0,0,0,0,0.369,0
CAT-EQ-1005,2026-08-29T09:47:16Z,0.0,69.0,160.1,818.0,0,0,0,0.286,0
CAT-EQ-1005,2026-08-29T10:47:16Z,0.0,67.3,160.3,818.0,0,0,0,0.383,0
CAT-EQ-1005,2026-08-29T11:47:16Z,0.0,65.3,160.5,818.0,0,0,0,0.399,0
CAT-EQ-1005,2026-08-29T12:47:16Z,0.0,63.6,160.7,818.0,0,0,0,0.309,0
CAT-EQ-1005,2026-08-29T13:47:16Z,0.0,62.0,160.9,818.0,0,0,0,0.309,0
CAT-EQ-1005,2026-08-29T14:47:16Z,0.0,61.3,161.1,818.0,0,0,0,0.417,0
CAT-EQ-1005,2026-08-29T15:47:16Z,0.0,60.4,161.3,818.0,0,0,0,0.108,0
CAT-EQ-1005,2026-08-29T16:47:16Z,0.0,59.7,161.5,818.0,0,0,0,0.34,0
CAT-EQ-1005,2026-08-29T17:47:16Z,0.0,58.6,161.7,818.0,0,0,0,0.359,0
CAT-EQ-1005,2026-08-29T18:47:16Z,0.0,57.7,161.9,818.0,0,0,0,0.255,0
CAT-EQ-1005,2026-08-29T19:47:16Z,0.0,56.4,162.1,818.0,0,0,0,0.303,0
CAT-EQ-1005,2026-08-29T20:47:16Z,13.3,55.6,162.1,818.8,0,0,0,0.232,0
CAT-EQ-1005,2026-08-29T21:47:16Z,17.7,53.6,162.1,819.6,0,0,0,0.274,0
CAT-EQ-1005,2026-08-29T22:47:16Z,20.6,52.0,162.1,820.4,0,0,0,0.309,0
CAT-EQ-1005,2026-08-29T23:47:16Z,12.9,50.0,162.1,821.2,0,0,0,0.156,0
CAT-EQ-1005,2026-08-30T00:47:16Z,14.0,48.0,162.1,822.0,0,0,0,0.383,0
CAT-EQ-1005,2026-08-30T01:47:16Z,8.3,45.9,162.1,822.8,0,0,0,0.125,0
CAT-EQ-1005,2026-08-30T02:47:16Z,28.1,45.0,162.1,823.6,0,0,0,0.365,0
CAT-EQ-1005,2026-08-30T03:47:16Z,22.5,43.7,162.1,824.4,0,0,0,0.243,0
CAT-EQ-1005,2026-08-30T04:47:16Z,25.7,41.6,162.1,825.2,0,0,0,0.217,0
CAT-EQ-1005,2026-08-30T05:47:16Z,11.5,40.2,162.1,826.0,0,0,0,0.137,0
CAT-EQ-1005,2026-08-30T06:47:16Z,21.4,39.2,162.1,826.8,0,0,0,0.347,0
CAT-EQ-1005,2026-08-30T07:47:16Z,8.9,37.3,162.1,827.6,0,0,0,0.374,0
CAT-EQ-1005,2026-08-30T08:47:16Z,0.0,35.6,162.3,827.6,0,0,0,0.288,0
CAT-EQ-1005,2026-08-30T09:47:16Z,0.0,34.2,162.5,827.6,0,0,0,0.103,0
CAT-EQ-1005,2026-08-30T10:47:16Z,0.0,33.2,162.7,827.6,0,0,0,0.208,0
CAT-EQ-1005,2026-08-30T11:47:16Z,0.0,31.2,162.9,827.6,0,0,0,0.162,0
CAT-EQ-1005,2026-08-30T12:47:16Z,0.0,29.9,163.1,827.6,0,0,0,0.391,0
CAT-EQ-1005,2026-08-30T13:47:16Z,0.0,27.8,163.3,827.6,0,0,0,0.405,0
CAT-EQ-1005,2026-08-30T14:47:16Z,0.0,27.1,163.5,827.6,0,0,0,0.204,0
CAT-EQ-1005,2026-08-30T15:47:16Z,0.0,25.3,163.7,827.6,0,0,0,0.126,0
CAT-EQ-1005,2026-08-30T16:47:16Z,0.0,24.7,163.9,827.6,0,0,0,0.286,0
CAT-EQ-1005,2026-08-30T17:47:16Z,0.0,23.0,164.1,827.6,0,0,0,0.299,0
CAT-EQ-1005,2026-08-30T18:47:16Z,0.0,22.3,164.3,827.6,0,0,0,0.389,0
CAT-EQ-1005,2026-08-30T19:47:16Z,0.0,20.2,164.5,827.6,0,0,0,0.134,0
CAT-EQ-1005,2026-08-30T20:47:16Z,9.0,95.0,164.5,828.4,0,0,0,0.248,0
CAT-EQ-1005,2026-08-30T21:47:16Z,5.5,94.5,164.5,829.2,0,0,0,0.362,0
CAT-EQ-1005,2026-08-30T22:47:16Z,18.5,92.5,164.5,830.0,0,0,0,0.214,0
CAT-EQ-1005,2026-08-30T23:47:16Z,9.5,91.6,164.5,830.8,0,0,0,0.294,0
CAT-EQ-1005,2026-08-31T00:47:16Z,9.0,90.8,164.5,831.6,0,0,0,0.122,0
CAT-EQ-1005,2026-08-31T01:47:16Z,16.3,88.9,164.5,832.4,0,0,0,0.4,0
CAT-EQ-1005,2026-08-31T02:47:16Z,9.4,86.9,164.5,833.2,0,0,0,0.336,0
CAT-EQ-1005,2026-08-31T03:47:16Z,27.1,85.7,164.5,834.0,0,0,0,0.322,0
CAT-EQ-1005,2026-08-31T04:47:16Z,27.1,84.0,164.5,834.8,0,0,0,0.259,0
CAT-EQ-1005,2026-08-31T05:47:16Z,11.2,83.3,164.5,835.6,0,0,0,0.332,0
CAT-EQ-1005,2026-08-31T06:47:16Z,24.8,81.7,164.5,836.4,0,0,0,0.278,0
CAT-EQ-1005,2026-08-31T07:47:16Z,29.3,80.0,164.5,837.2,0,0,0,0.267,0
CAT-EQ-1005,2026-08-31T08:47:16Z,0.0,77.9,164.7,837.2,0,0,0,0.269,0
CAT-EQ-1005,2026-08-31T09:47:16Z,0.0,76.7,164.9,837.2,0,0,0,0.304,0
CAT-EQ-1005,2026-08-31T10:47:16Z,0.0,75.3,165.1,837.2,0,0,0,0.193,0
CAT-EQ-1005,2026-08-31T11:47:16Z,0.0,74.0,165.3,837.2,0,0,0,0.261,0
CAT-EQ-1005,2026-08-31T12:47:16Z,0.0,71.8,165.5,837.2,0,0,0,0.325,0
CAT-EQ-1005,2026-08-31T13:47:16Z,0.0,70.2,165.7,837.2,0,0,0,0.447,0
CAT-EQ-1005,2026-08-31T14:47:16Z,0.0,69.0,165.9,837.2,0,0,0,0.24,0
CAT-EQ-1005,2026-08-31T15:47:16Z,0.0,67.0,166.1,837.2,0,0,0,0.213,0
CAT-EQ-1005,2026-08-31T16:47:16Z,0.0,65.5,166.3,837.2,0,0,0,0.214,0
CAT-EQ-1005,2026-08-31T17:47:16Z,0.0,64.0,166.5,837.2,0,0,0,0.204,0
CAT-EQ-1005,2026-08-31T18:47:16Z,0.0,63.4,166.7,837.2,0,0,0,0.368,0
CAT-EQ-1005,2026-08-31T19:47:16Z,0.0,61.2,166.9,837.2,0,0,0,0.317,0
CAT-EQ-1005,2026-08-31T20:47:16Z,17.1,59.7,166.9,838.0,0,0,0,0.189,0
CAT-EQ-1005,2026-08-31T21:47:16Z,13.8,58.5,166.9,838.8,0,0,0,0.381,0
CAT-EQ-1005,2026-08-31T22:47:16Z,25.0,57.2,166.9,839.6,0,0,0,0.43,0
CAT-EQ-1005,2026-08-31T23:47:16Z,13.6,55.4,166.9,840.4,0,0,0,0.372,0
CAT-EQ-1005,2026-09-01T00:47:16Z,18.3,53.5,166.9,841.2,0,0,0,0.382,0
CAT-EQ-1005,2026-09-01T01:47:16Z,26.9,51.6,166.9,842.0,0,0,0,0.149,0
CAT-EQ-1005,2026-09-01T02:47:16Z,16.5,50.1,166.9,842.8,0,0,0,0.163,0
CAT-EQ-1005,2026-09-01T03:47:16Z,18.4,48.3,166.9,843.6,0,0,0,0.301,0
CAT-EQ-1005,2026-09-01T04:47:16Z,9.7,47.0,166.9,844.4,0,0,0,0.183,0
CAT-EQ-1005,2026-09-01T05:47:16Z,19.9,45.2,166.9,845.2,0,0,0,0.444,0
CAT-EQ-1005,2026-09-01T06:47:16Z,10.9,43.3,166.9,846.0,0,0,0,0.174,0
CAT-EQ-1005,2026-09-01T07:47:16Z,22.0,42.2,166.9,846.8,0,0,0,0.309,0
CAT-EQ-1005,2026-09-01T08:47:16Z,0.0,40.0,167.1,846.8,0,0,0,0.295,0
CAT-EQ-1005,2026-09-01T09:47:16Z,0.0,38.8,167.3,846.8,0,0,0,0.447,0
CAT-EQ-1005,2026-09-01T10:47:16Z,0.0,37.4,167.5,846.8,0,0,0,0.107,0
CAT-EQ-1005,2026-09-01T11:47:16Z,0.0,36.2,167.7,846.8,0,0,0,0.14,0
CAT-EQ-1005,2026-09-01T12:47:16Z,0.0,34.2,167.9,846.8,0,0,0,0.422,0
CAT-EQ-1005,2026-09-01T13:47:16Z,0.0,33.5,168.1,846.8,0,0,0,0.269,0
CAT-EQ-1005,2026-09-01T14:47:16Z,0.0,32.0,168.3,846.8,0,0,0,0.231,0
CAT-EQ-1005,2026-09-01T15:47:16Z,0.0,31.3,168.5,846.8,0,0,0,0.419,0
CAT-EQ-1005,2026-09-01T16:47:16Z,0.0,30.0,168.7,846.8,0,0,0,0.162,0
CAT-EQ-1005,2026-09-01T17:47:16Z,0.0,28.4,168.9,846.8,0,0,0,0.322,0
CAT-EQ-1005,2026-09-01T18:47:16Z,0.0,27.9,169.1,846.8,0,0,0,0.236,0
CAT-EQ-1005,2026-09-01T19:47:16Z,0.0,26.8,169.3,846.8,0,0,0,0.214,0
CAT-EQ-1005,2026-09-01T20:47:16Z,7.4,26.0,169.3,847.6,0,0,0,0.439,0
CAT-EQ-1005,2026-09-01T21:47:16Z,12.2,25.2,169.3,848.4,0,0,0,0.12,0
CAT-EQ-1005,2026-09-01T22:47:16Z,23.5,23.1,169.3,849.2,0,0,0,0.351,0
CAT-EQ-1005,2026-09-01T23:47:16Z,16.8,21.5,169.3,850.0,0,0,0,0.37,0
CAT-EQ-1005,2026-09-02T00:47:16Z,18.4,20.4,169.3,850.8,0,0,0,0.294,0
CAT-EQ-1005,2026-09-02T01:47:16Z,9.3,95.0,169.3,851.6,0,0,0,0.209,0
CAT-EQ-1005,2026-09-02T02:47:16Z,15.2,93.9,169.3,852.4,0,0,0,0.218,0
CAT-EQ-1005,2026-09-02T03:47:16Z,6.3,92.8,169.3,853.2,0,0,0,0.208,0
CAT-EQ-1005,2026-09-02T04:47:16Z,16.8,91.7,169.3,854.0,0,0,0,0.285,0
CAT-EQ-1005,2026-09-02T05:47:16Z,23.6,89.9,169.3,854.8,0,0,0,0.205,0
CAT-EQ-1005,2026-09-02T06:47:16Z,25.1,88.9,169.3,855.6,0,0,0,0.217,0
CAT-EQ-1005,2026-09-02T07:47:16Z,17.2,88.2,169.3,856.4,0,0,0,0.376,0
CAT-EQ-1005,2026-09-02T08:47:16Z,0.0,86.6,169.5,856.4,0,0,0,0.249,0
CAT-EQ-1005,2026-09-02T09:47:16Z,0.0,85.2,169.7,856.4,0,0,0,0.124,0
CAT-EQ-1005,2026-09-02T10:47:16Z,0.0,83.9,169.9,856.4,0,0,0,0.252,0
CAT-EQ-1005,2026-09-02T11:47:16Z,0.0,83.1,170.1,856.4,0,0,0,0.214,0
CAT-EQ-1005,2026-09-02T12:47:16Z,0.0,81.3,170.3,856.4,0,0,0,0.279,0
CAT-EQ-1006,2026-08-19T13:47:16Z,0.0,93.7,97.9,542.1,0,0,0,0.274,0
CAT-EQ-1006,2026-08-19T14:47:16Z,0.0,92.5,98.1,542.1,0,0,0,0.306,0
CAT-EQ-1006,2026-08-19T15:47:16Z,0.0,91.7,98.3,542.1,0,0,0,0.301,0
CAT-EQ-1006,2026-08-19T16:47:16Z,0.0,90.5,98.5,542.1,0,0,0,0.313,0
CAT-EQ-1006,2026-08-19T17:47:16Z,0.0,88.8,98.7,542.1,0,0,0,0.294,0
CAT-EQ-1006,2026-08-19T18:47:16Z,0.0,87.4,98.9,542.1,0,0,0,0.348,0
CAT-EQ-1006,2026-08-19T19:47:16Z,0.0,86.0,99.1,542.1,0,0,0,0.417,0
CAT-EQ-1006,2026-08-19T20:47:16Z,9.3,83.9,99.1,542.9,0,0,0,0.363,0
CAT-EQ-1006,2026-08-19T21:47:16Z,27.5,82.4,99.1,543.7,0,0,0,0.407,0
CAT-EQ-1006,2026-08-19T22:47:16Z,25.6,80.7,99.1,544.5,0,0,0,0.431,0
CAT-EQ-1006,2026-08-19T23:47:16Z,23.5,79.9,99.1,545.3,0,0,0,0.356,0
CAT-EQ-1006,2026-08-20T00:47:16Z,20.2,78.0,99.1,546.1,0,0,0,0.289,0
CAT-EQ-1006,2026-08-20T01:47:16Z,21.0,77.4,99.1,546.9,0,0,0,0.303,0
CAT-EQ-1006,2026-08-20T02:47:16Z,12.5,75.5,99.1,547.7,0,0,0,0.172,0
CAT-EQ-1006,2026-08-20T03:47:16Z,17.4,74.3,99.1,548.5,0,0,0,0.354,0
CAT-EQ-1006,2026-08-20T04:47:16Z,21.0,72.5,99.1,549.3,0,0,0,0.129,0
CAT-EQ-1006,2026-08-20T05:47:16Z,11.1,71.1,99.1,550.1,0,0,0,0.302,0
CAT-EQ-1006,2026-08-20T06:47:16Z,27.2,69.5,99.1,550.9,0,0,0,0.301,0
CAT-EQ-1006,2026-08-20T07:47:16Z,26.1,68.0,99.1,551.7,0,0,0,0.402,0
CAT-EQ-1006,2026-08-20T08:47:16Z,0.0,67.1,99.3,551.7,0,0,0,0.39,0
CAT-EQ-1006,2026-08-20T09:47:16Z,0.0,65.4,99.5,551.7,0,0,0,0.362,0
CAT-EQ-1006,2026-08-20T10:47:16Z,0.0,64.5,99.7,551.7,0,0,0,0.361,0
CAT-EQ-1006,2026-08-20T11:47:16Z,0.0,63.0,99.9,551.7,0,0,0,0.286,0
CAT-EQ-1006,2026-08-20T12:47:16Z,0.0,62.0,100.1,551.7,0,0,0,0.142,0
CAT-EQ-1006,2026-08-20T13:47:16Z,0.0,61.4,100.3,551.7,0,0,0,0.379,0
CAT-EQ-1006,2026-08-20T14:47:16Z,0.0,60.9,100.5,551.7,0,0,0,0.205,0
CAT-EQ-1006,2026-08-20T15:47:16Z,0.0,60.2,100.7,551.7,0,0,0,0.375,0
CAT-EQ-1006,2026-08-20T16:47:16Z,0.0,59.0,100.9,551.7,0,0,0,0.342,0
CAT-EQ-1006,2026-08-20T17:47:16Z,0.0,57.6,101.1,551.7,0,0,0,0.317,0
CAT-EQ-1006,2026-08-20T18:47:16Z,0.0,56.2,101.3,551.7,0,0,0,0.395,0
CAT-EQ-1006,2026-08-20T19:47:16Z,0.0,54.0,101.5,551.7,0,0,0,0.328,0
CAT-EQ-1006,2026-08-20T20:47:16Z,26.5,52.7,101.5,552.5,0,0,0,0.407,0
CAT-EQ-1006,2026-08-20T21:47:16Z,7.5,51.1,101.5,553.3,0,0,0,0.278,0
CAT-EQ-1006,2026-08-20T22:47:16Z,11.0,49.1,101.5,554.1,0,0,0,0.368,0
CAT-EQ-1006,2026-08-20T23:47:16Z,94.5,48.1,101.5,554.9,1,0,0,0.689,1
CAT-EQ-1006,2026-08-21T00:47:16Z,6.7,47.5,101.5,555.7,0,0,0,0.262,0
CAT-EQ-1006,2026-08-21T01:47:16Z,28.7,46.1,101.5,556.5,0,0,0,0.243,0
CAT-EQ-1006,2026-08-21T02:47:16Z,11.6,45.6,101.5,557.3,0,0,0,0.147,0
CAT-EQ-1006,2026-08-21T03:47:16Z,94.5,44.3,101.5,558.1,1,0,0,0.778,1
CAT-EQ-1006,2026-08-21T04:47:16Z,7.6,43.1,101.5,558.9,0,0,0,0.307,0
CAT-EQ-1006,2026-08-21T05:47:16Z,24.9,41.6,101.5,559.7,0,0,0,0.191,0
CAT-EQ-1006,2026-08-21T06:47:16Z,23.9,40.0,101.5,560.5,0,0,0,0.161,0
CAT-EQ-1006,2026-08-21T07:47:16Z,17.6,38.5,101.5,561.3,0,0,0,0.212,0
CAT-EQ-1006,2026-08-21T08:47:16Z,0.0,36.8,101.7,561.3,0,0,0,0.288,0
CAT-EQ-1006,2026-08-21T09:47:16Z,0.0,35.5,101.9,561.3,0,0,0,0.107,0
CAT-EQ-1006,2026-08-21T10:47:16Z,0.0,33.3,102.1,561.3,0,0,0,0.365,0
CAT-EQ-1006,2026-08-21T11:47:16Z,0.0,31.5,102.3,561.3,0,0,0,0.207,0
CAT-EQ-1006,2026-08-21T12:47:16Z,0.0,30.1,102.5,561.3,0,0,0,0.292,0
CAT-EQ-1006,2026-08-21T13:47:16Z,0.0,28.0,102.7,561.3,0,0,0,0.242,0
CAT-EQ-1006,2026-08-21T14:47:16Z,0.0,26.1,102.9,561.3,0,0,0,0.312,0
CAT-EQ-1006,2026-08-21T15:47:16Z,0.0,24.0,103.1,561.3,0,0,0,0.406,0
CAT-EQ-1006,2026-08-21T16:47:16Z,0.0,23.2,103.3,561.3,0,0,0,0.158,0
CAT-EQ-1006,2026-08-21T17:47:16Z,0.0,21.6,103.5,561.3,0,0,0,0.413,0
CAT-EQ-1006,2026-08-21T18:47:16Z,0.0,20.5,103.7,561.3,0,0,0,0.365,0
CAT-EQ-1006,2026-08-21T19:47:16Z,0.0,95.0,103.9,561.3,0,0,0,0.195,0
CAT-EQ-1006,2026-08-21T20:47:16Z,19.1,93.2,103.9,562.1,0,0,0,0.121,0
CAT-EQ-1006,2026-08-21T21:47:16Z,17.1,91.6,103.9,562.9,0,0,0,0.29,0
CAT-EQ-1006,2026-08-21T22:47:16Z,16.6,90.3,103.9,563.7,0,0,0,0.403,0
CAT-EQ-1006,2026-08-21T23:47:16Z,19.4,89.7,103.9,564.5,0,0,0,0.15,0
CAT-EQ-1006,2026-08-22T00:47:16Z,12.2,88.1,103.9,565.3,0,0,0,0.138,0
CAT-EQ-1006,2026-08-22T01:47:16Z,25.7,86.9,103.9,566.1,0,0,0,0.175,0
CAT-EQ-1006,2026-08-22T02:47:16Z,16.9,85.2,103.9,566.9,0,0,0,0.153,0
CAT-EQ-1006,2026-08-22T03:47:16Z,5.9,84.3,103.9,567.7,0,0,0,0.147,0
CAT-EQ-1006,2026-08-22T04:47:16Z,19.3,82.8,103.9,568.5,0,0,0,0.312,0
CAT-EQ-1006,2026-08-22T05:47:16Z,5.8,81.8,103.9,569.3,0,0,0,0.109,0
CAT-EQ-1006,2026-08-22T06:47:16Z,16.5,80.0,103.9,570.1,0,0,0,0.156,0
CAT-EQ-1006,2026-08-22T07:47:16Z,7.7,79.4,103.9,570.9,0,0,0,0.329,0
CAT-EQ-1006,2026-08-22T08:47:16Z,0.0,78.9,104.1,570.9,0,0,0,0.423,0
CAT-EQ-1006,2026-08-22T09:47:16Z,0.0,77.0,104.3,570.9,0,0,0,0.159,0
CAT-EQ-1006,2026-08-22T10:47:16Z,0.0,75.7,104.5,570.9,0,0,0,0.186,0
CAT-EQ-1006,2026-08-22T11:47:16Z,0.0,73.8,104.7,570.9,0,0,0,0.375,0
CAT-EQ-1006,2026-08-22T12:47:16Z,0.0,73.1,104.9,570.9,0,0,0,0.22,0
CAT-EQ-1006,2026-08-22T13:47:16Z,0.0,71.3,105.1,570.9,0,0,0,0.428,0
CAT-EQ-1006,2026-08-22T14:47:16Z,0.0,70.3,105.3,570.9,0,0,0,0.266,0
CAT-EQ-1006,2026-08-22T15:47:16Z,0.0,69.4,105.5,570.9,0,0,0,0.224,0
CAT-EQ-1006,2026-08-22T16:47:16Z,0.0,68.1,105.7,570.9,0,0,0,0.386,0
CAT-EQ-1006,2026-08-22T17:47:16Z,0.0,66.0,105.9,570.9,0,0,0,0.39,0
CAT-EQ-1006,2026-08-22T18:47:16Z,0.0,65.3,106.1,570.9,0,0,0,0.301,0
CAT-EQ-1006,2026-08-22T19:47:16Z,0.0,63.9,106.3,570.9,0,0,0,0.382,0
CAT-EQ-1006,2026-08-22T20:47:16Z,18.5,62.9,106.3,571.7,0,0,0,0.245,0
CAT-EQ-1006,2026-08-22T21:47:16Z,17.0,60.7,106.3,572.5,0,0,0,0.262,0
CAT-EQ-1006,2026-08-22T22:47:16Z,30.0,59.8,106.3,573.3,0,0,0,0.362,0
CAT-EQ-1006,2026-08-22T23:47:16Z,16.0,57.6,106.3,574.1,0,0,0,0.202,0
CAT-EQ-1006,2026-08-23T00:47:16Z,26.2,57.0,106.3,574.9,0,0,0,0.367,0
CAT-EQ-1006,2026-08-23T01:47:16Z,28.3,56.2,106.3,575.7,0,0,0,0.145,0
CAT-EQ-1006,2026-08-23T02:47:16Z,9.9,54.8,106.3,576.5,0,0,0,0.431,0
CAT-EQ-1006,2026-08-23T03:47:16Z,6.0,52.6,106.3,577.3,0,0,0,0.166,0
CAT-EQ-1006,2026-08-23T04:47:16Z,94.5,51.8,106.3,578.1,1,0,0,0.929,1
CAT-EQ-1006,2026-08-23T05:47:16Z,94.5,51.3,106.3,578.9,1,0,0,0.621,1
CAT-EQ-1006,2026-08-23T06:47:16Z,5.5,50.3,106.3,579.7,0,0,0,0.184,0
CAT-EQ-1006,2026-08-23T07:47:16Z,94.5,48.9,106.3,580.5,1,0,0,0.642,1
CAT-EQ-1006,2026-08-23T08:47:16Z,0.0,48.3,106.5,580.5,0,0,0,0.235,0
CAT-EQ-1006,2026-08-23T09:47:16Z,0.0,46.4,106.7,580.5,0,0,0,0.427,0
CAT-EQ-1006,2026-08-23T10:47:16Z,0.0,45.0,106.9,580.5,0,0,0,0.359,0
CAT-EQ-1006,2026-08-23T11:47:16Z,0.0,43.6,107.1,580.5,0,0,0,0.446,0
CAT-EQ-1006,2026-08-23T12:47:16Z,0.0,41.6,107.3,580.5,0,0,0,0.19,0
CAT-EQ-1006,2026-08-23T13:47:16Z,0.0,39.6,107.5,580.5,0,0,0,0.28,0
CAT-EQ-1006,2026-08-23T14:47:16Z,0.0,38.9,107.7,580.5,0,0,0,0.434,0
CAT-EQ-1006,2026-08-23T15:47:16Z,0.0,36.9,107.9,580.5,0,0,0,0.294,0
CAT-EQ-1006,2026-08-23T16:47:16Z,0.0,35.5,108.1,580.5,0,0,0,0.208,0
CAT-EQ-1006,2026-08-23T17:47:16Z,0.0,34.6,108.3,580.5,0,0,0,0.227,0
CAT-EQ-1006,2026-08-23T18:47:16Z,0.0,33.4,108.5,580.5,0,0,0,0.43,0
CAT-EQ-1006,2026-08-23T19:47:16Z,0.0,31.9,108.7,580.5,0,0,0,0.251,0
CAT-EQ-1006,2026-08-23T20:47:16Z,8.7,31.1,108.7,581.3,0,0,0,0.384,0
CAT-EQ-1006,2026-08-23T21:47:16Z,22.7,29.8,108.7,582.1,0,0,0,0.28,0
CAT-EQ-1006,2026-08-23T22:47:16Z,19.9,29.0,108.7,582.9,0,0,0,0.286,0
CAT-EQ-1006,2026-08-23T23:47:16Z,17.5,28.0,108.7,583.7,0,0,0,0.419,0
CAT-EQ-1006,2026-08-24T00:47:16Z,20.9,25.9,108.7,584.5,0,0,0,0.106,0
CAT-EQ-1006,2026-08-24T01:47:16Z,12.4,24.0,108.7,585.3,0,0,0,0.216,0
CAT-EQ-1006,2026-08-24T02:47:16Z,18.7,22.5,108.7,586.1,0,0,0,0.221,0
CAT-EQ-1006,2026-08-24T03:47:16Z,5.4,21.8,108.7,586.9,0,0,0,0.161,0
CAT-EQ-1006,2026-08-24T04:47:16Z,6.4,21.1,108.7,587.7,0,0,0,0.26,0
CAT-EQ-1006,2026-08-24T05:47:16Z,5.7,20.3,108.7,588.5,0,0,0,0.357,0
CAT-EQ-1006,2026-08-24T06:47:16Z,28.1,95.0,108.7,589.3,0,0,0,0.286,0
CAT-EQ-1006,2026-08-24T07:47:16Z,14.4,93.2,108.7,590.1,0,0,0,0.412,0
CAT-EQ-1006,2026-08-24T08:47:16Z,0.0,92.2,108.9,590.1,0,0,0,0.207,0
CAT-EQ-1006,2026-08-24T09:47:16Z,0.0,90.9,109.1,590.1,0,0,0,0.205,0
CAT-EQ-1006,2026-08-24T10:47:16Z,0.0,89.4,109.3,590.1,0,0,0,0.275,0
CAT-EQ-1006,2026-08-24T11:47:16Z,0.0,88.5,109.5,590.1,0,0,0,0.152,0
CAT-EQ-1006,2026-08-24T12:47:16Z,0.0,87.3,109.7,590.1,0,0,0,0.159,0
CAT-EQ-1006,2026-08-24T13:47:16Z,0.0,85.5,109.9,590.1,0,0,0,0.433,0
CAT-EQ-1006,2026-08-24T14:47:16Z,0.0,84.2,110.1,590.1,0,0,0,0.236,0
CAT-EQ-1006,2026-08-24T15:47:16Z,0.0,83.0,110.3,590.1,0,0,0,0.444,0
CAT-EQ-1006,2026-08-24T16:47:16Z,0.0,81.7,110.5,590.1,0,0,0,0.255,0
CAT-EQ-1006,2026-08-24T17:47:16Z,0.0,80.2,110.7,590.1,0,0,0,0.332,0
CAT-EQ-1006,2026-08-24T18:47:16Z,0.0,79.1,110.9,590.1,0,0,0,0.138,0
CAT-EQ-1006,2026-08-24T19:47:16Z,0.0,77.8,111.1,590.1,0,0,0,0.182,0
CAT-EQ-1006,2026-08-24T20:47:16Z,26.6,76.7,111.1,590.9,0,0,0,0.232,0
CAT-EQ-1006,2026-08-24T21:47:16Z,8.8,74.9,111.1,591.7,0,0,0,0.358,0
CAT-EQ-1006,2026-08-24T22:47:16Z,13.9,74.1,111.1,592.5,0,0,0,0.197,0
CAT-EQ-1006,2026-08-24T23:47:16Z,12.1,73.4,111.1,593.3,0,0,0,0.168,0
CAT-EQ-1006,2026-08-25T00:47:16Z,18.8,72.9,111.1,594.1,0,0,0,0.179,0
CAT-EQ-1006,2026-08-25T01:47:16Z,21.9,70.9,111.1,594.9,0,0,0,0.285,0
CAT-EQ-1006,2026-08-25T02:47:16Z,11.9,68.8,111.1,595.7,0,0,0,0.106,0
CAT-EQ-1006,2026-08-25T03:47:16Z,26.2,68.0,111.1,596.5,0,0,0,0.209,0
CAT-EQ-1006,2026-08-25T04:47:16Z,21.4,67.1,111.1,597.3,0,0,0,0.241,0
CAT-EQ-1006,2026-08-25T05:47:16Z,12.8,66.6,111.1,598.1,0,0,0,0.135,0
CAT-EQ-1006,2026-08-25T06:47:16Z,23.2,64.4,111.1,598.9,0,0,0,0.345,0
CAT-EQ-1006,2026-08-25T07:47:16Z,7.6,62.9,111.1,599.7,0,0,0,0.131,0
CAT-EQ-1006,2026-08-25T08:47:16Z,0.0,62.0,111.3,599.7,0,0,0,0.141,0
CAT-EQ-1006,2026-08-25T09:47:16Z,0.0,60.3,111.5,599.7,0,0,0,0.328,0
CAT-EQ-1006,2026-08-25T10:47:16Z,0.0,59.6,111.7,599.7,0,0,0,0.425,0
CAT-EQ-1006,2026-08-25T11:47:16Z,0.0,57.9,111.9,599.7,0,0,0,0.118,0
CAT-EQ-1006,2026-08-25T12:47:16Z,0.0,56.3,112.1,599.7,0,0,0,0.388,0
CAT-EQ-1006,2026-08-25T13:47:16Z,0.0,55.8,112.3,599.7,0,0,0,0.253,0
CAT-EQ-1006,2026-08-25T14:47:16Z,0.0,54.1,112.5,599.7,0,0,0,0.295,0
CAT-EQ-1006,2026-08-25T15:47:16Z,0.0,52.7,112.7,599.7,0,0,0,0.264,0
CAT-EQ-1006,2026-08-25T16:47:16Z,0.0,51.4,112.9,599.7,0,0,0,0.11,0
CAT-EQ-1006,2026-08-25T17:47:16Z,0.0,49.9,113.1,599.7,0,0,0,0.413,0
CAT-EQ-1006,2026-08-25T18:47:16Z,0.0,48.4,113.3,599.7,0,0,0,0.272,0
CAT-EQ-1006,2026-08-25T19:47:16Z,0.0,47.3,113.5,599.7,0,0,0,0.247,0
CAT-EQ-1006,2026-08-25T20:47:16Z,26.6,23.3,113.5,600.5,0,1,0,0.836,1
CAT-EQ-1006,2026-08-25T21:47:16Z,22.9,21.3,113.5,601.3,0,0,0,0.328,0
CAT-EQ-1006,2026-08-25T22:47:16Z,21.7,20.6,113.5,602.1,0,0,0,0.157,0
CAT-EQ-1006,2026-08-25T23:47:16Z,25.6,95.0,113.5,602.9,0,0,0,0.293,0
CAT-EQ-1006,2026-08-26T00:47:16Z,26.2,94.5,113.5,603.7,0,0,0,0.225,0
CAT-EQ-1006,2026-08-26T01:47:16Z,15.9,92.5,113.5,604.5,0,0,0,0.362,0
CAT-EQ-1006,2026-08-26T02:47:16Z,26.9,90.8,113.5,605.3,0,0,0,0.388,0
CAT-EQ-1006,2026-08-26T03:47:16Z,94.5,89.9,113.5,606.1,1,0,0,0.934,1
CAT-EQ-1006,2026-08-26T04:47:16Z,21.2,89.1,113.5,606.9,0,0,0,0.343,0
CAT-EQ-1006,2026-08-26T05:47:16Z,20.5,88.1,113.5,607.7,0,0,0,0.177,0
CAT-EQ-1006,2026-08-26T06:47:16Z,5.3,86.6,113.5,608.5,0,0,0,0.211,0
CAT-EQ-1006,2026-08-26T07:47:16Z,10.7,86.0,113.5,609.3,0,0,0,0.383,0
CAT-EQ-1006,2026-08-26T08:47:16Z,0.0,85.0,113.7,609.3,0,0,0,0.334,0
CAT-EQ-1006,2026-08-26T09:47:16Z,0.0,84.1,113.9,609.3,0,0,0,0.214,0
CAT-EQ-1006,2026-08-26T10:47:16Z,0.0,83.1,114.1,609.3,0,0,0,0.448,0
CAT-EQ-1006,2026-08-26T11:47:16Z,0.0,81.6,114.3,609.3,0,0,0,0.212,0
CAT-EQ-1006,2026-08-26T12:47:16Z,0.0,79.9,114.5,609.3,0,0,0,0.291,0
CAT-EQ-1006,2026-08-26T13:47:16Z,0.0,78.5,114.7,609.3,0,0,0,0.307,0
CAT-EQ-1006,2026-08-26T14:47:16Z,0.0,77.9,114.9,609.3,0,0,0,0.399,0
CAT-EQ-1006,2026-08-26T15:47:16Z,0.0,76.0,115.1,609.3,0,0,0,0.234,0
CAT-EQ-1006,2026-08-26T16:47:16Z,0.0,74.8,115.3,609.3,0,0,0,0.37,0
CAT-EQ-1006,2026-08-26T17:47:16Z,0.0,74.0,115.5,609.3,0,0,0,0.11,0
CAT-EQ-1006,2026-08-26T18:47:16Z,0.0,72.7,115.7,609.3,0,0,0,0.364,0
CAT-EQ-1006,2026-08-26T19:47:16Z,0.0,70.9,115.9,609.3,0,0,0,0.176,0
CAT-EQ-1006,2026-08-26T20:47:16Z,17.2,70.4,115.9,610.1,0,0,0,0.387,0
CAT-EQ-1006,2026-08-26T21:47:16Z,26.0,69.1,115.9,610.9,0,0,0,0.297,0
CAT-EQ-1006,2026-08-26T22:47:16Z,13.3,67.7,115.9,611.7,0,0,0,0.165,0
CAT-EQ-1006,2026-08-26T23:47:16Z,17.9,66.5,115.9,612.5,0,0,0,0.328,0
CAT-EQ-1006,2026-08-27T00:47:16Z,14.4,65.9,115.9,613.3,0,0,0,0.218,0
CAT-EQ-1006,2026-08-27T01:47:16Z,23.2,64.7,115.9,614.1,0,0,0,0.176,0
CAT-EQ-1006,2026-08-27T02:47:16Z,18.2,63.2,115.9,614.9,0,0,0,0.111,0
CAT-EQ-1006,2026-08-27T03:47:16Z,11.6,62.0,115.9,615.7,0,0,0,0.343,0
CAT-EQ-1006,2026-08-27T04:47:16Z,24.5,60.9,115.9,616.5,0,0,0,0.392,0
CAT-EQ-1006,2026-08-27T05:47:16Z,24.3,59.2,115.9,617.3,0,0,0,0.399,0
CAT-EQ-1006,2026-08-27T06:47:16Z,15.7,35.2,115.9,618.1,0,1,0,0.713,1
CAT-EQ-1006,2026-08-27T07:47:16Z,16.3,33.2,115.9,618.9,0,0,0,0.189,0
CAT-EQ-1006,2026-08-27T08:47:16Z,0.0,31.5,116.1,618.9,0,0,0,0.284,0
CAT-EQ-1006,2026-08-27T09:47:16Z,0.0,30.6,116.3,618.9,0,0,0,0.259,0
CAT-EQ-1006,2026-08-27T10:47:16Z,0.0,29.8,116.5,618.9,0,0,0,0.136,0
CAT-EQ-1006,2026-08-27T11:47:16Z,0.0,27.9,116.7,618.9,0,0,0,0.312,0
CAT-EQ-1006,2026-08-27T12:47:16Z,0.0,27.1,116.9,618.9,0,0,0,0.409,0
CAT-EQ-1006,2026-08-27T13:47:16Z,0.0,25.2,117.1,618.9,0,0,0,0.111,0
CAT-EQ-1006,2026-08-27T14:47:16Z,0.0,24.0,117.3,618.9,0,0,0,0.4,0
CAT-EQ-1006,2026-08-27T15:47:16Z,0.0,23.2,117.5,618.9,0,0,0,0.299,0
CAT-EQ-1006,2026-08-27T16:47:16Z,0.0,21.0,117.7,618.9,0,0,0,0.194,0
CAT-EQ-1006,2026-08-27T17:47:16Z,0.0,95.0,117.9,618.9,0,0,0,0.409,0
CAT-EQ-1006,2026-08-27T18:47:16Z,0.0,93.1,118.1,618.9,0,0,0,0.256,0
CAT-EQ-1006,2026-08-27T19:47:16Z,0.0,91.5,118.3,618.9,0,0,0,0.169,0
CAT-EQ-1006,2026-08-27T20:47:16Z,9.6,89.4,118.3,619.7,0,0,0,0.14,0
CAT-EQ-1006,2026-08-27T21:47:16Z,25.2,88.2,118.3,620.5,0,0,0,0.102,0
CAT-EQ-1006,2026-08-27T22:47:16Z,10.6,86.4,118.3,621.3,0,0,0,0.408,0
CAT-EQ-1006,2026-08-27T23:47:16Z,20.4,85.3,118.3,622.1,0,0,0,0.312,0
CAT-EQ-1006,2026-08-28T00:47:16Z,8.2,84.0,118.3,622.9,0,0,0,0.413,0
CAT-EQ-1006,2026-08-28T01:47:16Z,7.9,83.4,118.3,623.7,0,0,0,0.25,0
CAT-EQ-1006,2026-08-28T02:47:16Z,8.1,82.2,118.3,624.5,0,0,0,0.402,0
CAT-EQ-1006,2026-08-28T03:47:16Z,18.8,80.7,118.3,625.3,0,0,0,0.305,0
CAT-EQ-1006,2026-08-28T04:47:16Z,5.6,79.3,118.3,626.1,0,0,0,0.362,0
CAT-EQ-1006,2026-08-28T05:47:16Z,29.8,78.8,118.3,626.9,0,0,0,0.35,0
CAT-EQ-1006,2026-08-28T06:47:16Z,7.6,77.2,118.3,627.7,0,0,0,0.416,0
CAT-EQ-1006,2026-08-28T07:47:16Z,24.4,76.3,118.3,628.5,0,0,0,0.3,0
CAT-EQ-1006,2026-08-28T08:47:16Z,0.0,74.3,118.5,628.5,0,0,0,0.172,0
CAT-EQ-1006,2026-08-28T09:47:16Z,0.0,73.2,118.7,628.5,0,0,0,0.417,0
CAT-EQ-1006,2026-08-28T10:47:16Z,0.0,71.1,118.9,628.5,0,0,0,0.179,0
CAT-EQ-1006,2026-08-28T11:47:16Z,0.0,69.3,119.1,628.5,0,0,0,0.242,0
CAT-EQ-1006,2026-08-28T12:47:16Z,0.0,67.9,119.3,628.5,0,0,0,0.168,0
CAT-EQ-1006,2026-08-28T13:47:16Z,0.0,67.1,119.5,628.5,0,0,0,0.157,0
CAT-EQ-1006,2026-08-28T14:47:16Z,0.0,43.1,119.7,628.5,0,1,0,0.861,1
CAT-EQ-1006,2026-08-28T15:47:16Z,0.0,42.4,119.9,628.5,0,0,0,0.363,0
CAT-EQ-1006,2026-08-28T16:47:16Z,0.0,41.8,120.1,628.5,0,0,0,0.237,0
CAT-EQ-1006,2026-08-28T17:47:16Z,0.0,40.3,120.3,628.5,0,0,0,0.185,0
CAT-EQ-1006,2026-08-28T18:47:16Z,0.0,38.9,120.5,628.5,0,0,0,0.156,0
CAT-EQ-1006,2026-08-28T19:47:16Z,0.0,37.4,120.7,628.5,0,0,0,0.298,0
CAT-EQ-1006,2026-08-28T20:47:16Z,27.5,36.8,120.7,629.3,0,0,0,0.127,0
CAT-EQ-1006,2026-08-28T21:47:16Z,10.7,35.6,120.7,630.1,0,0,0,0.196,0
CAT-EQ-1006,2026-08-28T22:47:16Z,13.0,33.5,120.7,630.9,0,0,0,0.417,0
CAT-EQ-1006,2026-08-28T23:47:16Z,22.5,32.3,120.7,631.7,0,0,0,0.3,0
CAT-EQ-1006,2026-08-29T00:47:16Z,9.0,31.3,120.7,632.5,0,0,0,0.167,0
CAT-EQ-1006,2026-08-29T01:47:16Z,22.6,29.3,120.7,633.3,0,0,0,0.195,0
CAT-EQ-1006,2026-08-29T02:47:16Z,23.0,28.7,120.7,634.1,0,0,0,0.281,0
CAT-EQ-1006,2026-08-29T03:47:16Z,16.0,27.9,120.7,634.9,0,0,0,0.231,0
CAT-EQ-1006,2026-08-29T04:47:16Z,23.5,27.3,120.7,635.7,0,0,0,0.189,0
CAT-EQ-1006,2026-08-29T05:47:16Z,24.9,25.4,120.7,636.5,0,0,0,0.439,0
CAT-EQ-1006,2026-08-29T06:47:16Z,12.6,24.2,120.7,637.3,0,0,0,0.169,0
CAT-EQ-1006,2026-08-29T07:47:16Z,10.2,22.7,120.7,638.1,0,0,0,0.225,0
CAT-EQ-1006,2026-08-29T08:47:16Z,0.0,21.6,120.9,638.1,0,0,0,0.436,0
CAT-EQ-1006,2026-08-29T09:47:16Z,0.0,20.5,121.1,638.1,0,0,0,0.357,0
CAT-EQ-1006,2026-08-29T10:47:16Z,0.0,95.0,121.3,638.1,0,0,0,0.253,0
CAT-EQ-1006,2026-08-29T11:47:16Z,0.0,93.2,121.5,638.1,0,0,0,0.239,0
CAT-EQ-1006,2026-08-29T12:47:16Z,0.0,92.4,121.7,638.1,0,0,0,0.373,0
CAT-EQ-1006,2026-08-29T13:47:16Z,0.0,91.7,121.9,638.1,0,0,0,0.156,0
CAT-EQ-1006,2026-08-29T14:47:16Z,0.0,90.0,122.1,638.1,0,0,0,0.379,0
CAT-EQ-1006,2026-08-29T15:47:16Z,0.0,88.2,122.3,638.1,0,0,0,0.293,0
CAT-EQ-1006,2026-08-29T16:47:16Z,0.0,86.2,122.5,638.1,0,0,0,0.431,0
CAT-EQ-1006,2026-08-29T17:47:16Z,0.0,85.2,122.7,638.1,0,0,0,0.308,0
CAT-EQ-1006,2026-08-29T18:47:16Z,0.0,83.6,122.9,638.1,0,0,0,0.255,0
CAT-EQ-1006,2026-08-29T19:47:16Z,0.0,82.6,123.1,638.1,0,0,0,0.394,0
CAT-EQ-1006,2026-08-29T20:47:16Z,29.1,82.0,123.1,638.9,0,0,0,0.107,0
CAT-EQ-1006,2026-08-29T21:47:16Z,10.8,81.4,123.1,639.7,0,0,0,0.17,0
CAT-EQ-1006,2026-08-29T22:47:16Z,20.5,80.1,123.1,640.5,0,0,0,0.234,0
CAT-EQ-1006,2026-08-29T23:47:16Z,5.1,78.0,123.1,641.3,0,0,0,0.113,0
CAT-EQ-1006,2026-08-30T00:47:16Z,15.0,76.2,123.1,642.1,0,0,0,0.441,0
CAT-EQ-1006,2026-08-30T01:47:16Z,26.8,74.8,123.1,642.9,0,0,0,0.3,0
CAT-EQ-1006,2026-08-30T02:47:16Z,10.7,74.2,123.1,643.7,0,0,0,0.4,0
CAT-EQ-1006,2026-08-30T03:47:16Z,21.8,73.4,123.1,644.5,0,0,0,0.428,0
CAT-EQ-1006,2026-08-30T04:47:16Z,20.4,72.1,123.1,645.3,0,0,0,0.135,0
CAT-EQ-1006,2026-08-30T05:47:16Z,13.7,70.1,123.1,646.1,0,0,0,0.264,0
CAT-EQ-1006,2026-08-30T06:47:16Z,27.4,68.8,123.1,646.9,0,0,0,0.401,0
CAT-EQ-1006,2026-08-30T07:47:16Z,10.2,67.3,123.1,647.7,0,0,0,0.25,0
CAT-EQ-1006,2026-08-30T08:47:16Z,0.0,66.2,123.3,647.7,0,0,0,0.449,0
CAT-EQ-1006,2026-08-30T09:47:16Z,0.0,64.7,123.5,647.7,0,0,0,0.164,0
CAT-EQ-1006,2026-08-30T10:47:16Z,0.0,63.8,123.7,647.7,0,0,0,0.127,0
CAT-EQ-1006,2026-08-30T11:47:16Z,0.0,62.7,123.9,647.7,0,0,0,0.275,0
CAT-EQ-1006,2026-08-30T12:47:16Z,0.0,61.2,124.1,647.7,0,0,0,0.406,0
CAT-EQ-1006,2026-08-30T13:47:16Z,0.0,60.4,124.3,647.7,0,0,0,0.296,0
CAT-EQ-1006,2026-08-30T14:47:16Z,0.0,59.6,124.5,647.7,0,0,0,0.193,0
CAT-EQ-1006,2026-08-30T15:47:16Z,0.0,59.1,124.7,647.7,0,0,0,0.218,0
CAT-EQ-1006,2026-08-30T16:47:16Z,0.0,56.9,124.9,647.7,0,0,0,0.197,0
CAT-EQ-1006,2026-08-30T17:47:16Z,0.0,56.4,125.1,647.7,0,0,0,0.177,0
CAT-EQ-1006,2026-08-30T18:47:16Z,0.0,55.2,125.3,647.7,0,0,0,0.322,0
CAT-EQ-1006,2026-08-30T19:47:16Z,0.0,53.9,125.5,647.7,0,0,0,0.197,0
CAT-EQ-1006,2026-08-30T20:47:16Z,16.4,52.5,125.5,648.5,0,0,0,0.4,0
CAT-EQ-1006,2026-08-30T21:47:16Z,27.0,51.2,125.5,649.3,0,0,0,0.182,0
CAT-EQ-1006,2026-08-30T22:47:16Z,18.8,50.6,125.5,650.1,0,0,0,0.13,0
CAT-EQ-1006,2026-08-30T23:47:16Z,14.3,50.0,125.5,650.9,0,0,0,0.424,0
CAT-EQ-1006,2026-08-31T00:47:16Z,9.2,26.0,125.5,651.7,0,1,0,0.844,1
CAT-EQ-1006,2026-08-31T01:47:16Z,21.2,25.0,125.5,652.5,0,0,0,0.409,0
CAT-EQ-1006,2026-08-31T02:47:16Z,5.8,24.1,125.5,653.3,0,0,0,0.278,0
CAT-EQ-1006,2026-08-31T03:47:16Z,10.3,22.5,125.5,654.1,0,0,0,0.345,0
CAT-EQ-1006,2026-08-31T04:47:16Z,27.2,21.7,125.5,654.9,0,0,0,0.4,0
CAT-EQ-1006,2026-08-31T05:47:16Z,27.8,20.1,125.5,655.7,0,0,0,0.326,0
CAT-EQ-1006,2026-08-31T06:47:16Z,15.8,95.0,125.5,656.5,0,0,0,0.265,0
CAT-EQ-1006,2026-08-31T07:47:16Z,10.1,93.1,125.5,657.3,0,0,0,0.404,0
CAT-EQ-1006,2026-08-31T08:47:16Z,0.0,91.9,125.7,657.3,0,0,0,0.448,0
CAT-EQ-1006,2026-08-31T09:47:16Z,0.0,90.3,125.9,657.3,0,0,0,0.39,0
CAT-EQ-1006,2026-08-31T10:47:16Z,0.0,88.7,126.1,657.3,0,0,0,0.368,0
CAT-EQ-1006,2026-08-31T11:47:16Z,0.0,87.0,126.3,657.3,0,0,0,0.165,0
CAT-EQ-1006,2026-08-31T12:47:16Z,0.0,85.2,126.5,657.3,0,0,0,0.414,0
CAT-EQ-1006,2026-08-31T13:47:16Z,0.0,83.3,126.7,657.3,0,0,0,0.278,0
CAT-EQ-1006,2026-08-31T14:47:16Z,0.0,81.8,126.9,657.3,0,0,0,0.142,0
CAT-EQ-1006,2026-08-31T15:47:16Z,0.0,79.7,127.1,657.3,0,0,0,0.182,0
CAT-EQ-1006,2026-08-31T16:47:16Z,0.0,77.6,127.3,657.3,0,0,0,0.208,0
CAT-EQ-1006,2026-08-31T17:47:16Z,0.0,76.6,127.5,657.3,0,0,0,0.307,0
CAT-EQ-1006,2026-08-31T18:47:16Z,0.0,74.5,127.7,657.3,0,0,0,0.435,0
CAT-EQ-1006,2026-08-31T19:47:16Z,0.0,72.9,127.9,657.3,0,0,0,0.371,0
CAT-EQ-1006,2026-08-31T20:47:16Z,20.3,71.8,127.9,658.1,0,0,0,0.387,0
CAT-EQ-1006,2026-08-31T21:47:16Z,94.5,70.3,127.9,658.9,1,0,0,0.681,1
CAT-EQ-1006,2026-08-31T22:47:16Z,27.8,68.4,127.9,659.7,0,0,0,0.374,0
CAT-EQ-1006,2026-08-31T23:47:16Z,22.3,66.7,127.9,660.5,0,0,0,0.401,0
CAT-EQ-1006,2026-09-01T00:47:16Z,5.1,65.7,127.9,661.3,0,0,0,0.409,0
CAT-EQ-1006,2026-09-01T01:47:16Z,18.2,63.7,127.9,662.1,0,0,0,0.188,0
CAT-EQ-1006,2026-09-01T02:47:16Z,24.3,61.6,127.9,662.9,0,0,0,0.101,0
CAT-EQ-1006,2026-09-01T03:47:16Z,28.5,61.0,127.9,663.7,0,0,0,0.321,0
CAT-EQ-1006,2026-09-01T04:47:16Z,6.1,59.7,127.9,664.5,0,0,0,0.414,0
CAT-EQ-1006,2026-09-01T05:47:16Z,29.0,58.9,127.9,665.3,0,0,0,0.293,0
CAT-EQ-1006,2026-09-01T06:47:16Z,21.3,57.0,127.9,666.1,0,0,0,0.331,0
CAT-EQ-1006,2026-09-01T07:47:16Z,5.5,55.5,127.9,666.9,0,0,0,0.325,0
CAT-EQ-1006,2026-09-01T08:47:16Z,0.0,54.9,128.1,666.9,0,0,0,0.307,0
CAT-EQ-1006,2026-09-01T09:47:16Z,0.0,52.9,128.3,666.9,0,0,0,0.265,0
CAT-EQ-1006,2026-09-01T10:47:16Z,0.0,52.3,128.5,666.9,0,0,0,0.319,0
CAT-EQ-1006,2026-09-01T11:47:16Z,0.0,50.4,128.7,666.9,0,0,0,0.335,0
CAT-EQ-1006,2026-09-01T12:47:16Z,0.0,49.6,128.9,666.9,0,0,0,0.328,0
CAT-EQ-1006,2026-09-01T13:47:16Z,0.0,48.2,129.1,666.9,0,0,0,0.102,0
CAT-EQ-1006,2026-09-01T14:47:16Z,0.0,47.2,129.3,666.9,0,0,0,0.204,0
CAT-EQ-1006,2026-09-01T15:47:16Z,0.0,46.0,129.5,666.9,0,0,0,0.424,0
CAT-EQ-1006,2026-09-01T16:47:16Z,0.0,45.1,129.7,666.9,0,0,0,0.299,0
CAT-EQ-1006,2026-09-01T17:47:16Z,0.0,43.4,129.9,666.9,0,0,0,0.366,0
CAT-EQ-1006,2026-09-01T18:47:16Z,0.0,42.4,130.1,666.9,0,0,0,0.368,0
CAT-EQ-1006,2026-09-01T19:47:16Z,0.0,41.3,130.3,666.9,0,0,0,0.275,0
CAT-EQ-1006,2026-09-01T20:47:16Z,7.0,40.1,130.3,667.7,0,0,0,0.44,0
CAT-EQ-1006,2026-09-01T21:47:16Z,26.8,38.1,130.3,668.5,0,0,0,0.223,0
CAT-EQ-1006,2026-09-01T22:47:16Z,22.9,36.8,130.3,669.3,0,0,0,0.244,0
CAT-EQ-1006,2026-09-01T23:47:16Z,30.0,36.2,130.3,670.1,0,0,0,0.371,0
CAT-EQ-1006,2026-09-02T00:47:16Z,29.3,35.5,130.3,670.9,0,0,0,0.27,0
CAT-EQ-1006,2026-09-02T01:47:16Z,27.8,34.7,130.3,671.7,0,0,0,0.312,0
CAT-EQ-1006,2026-09-02T02:47:16Z,14.7,33.2,130.3,672.5,0,0,0,0.125,0
CAT-EQ-1006,2026-09-02T03:47:16Z,16.3,32.4,130.3,673.3,0,0,0,0.445,0
CAT-EQ-1006,2026-09-02T04:47:16Z,27.7,31.6,130.3,674.1,0,0,0,0.433,0
CAT-EQ-1006,2026-09-02T05:47:16Z,18.7,29.9,130.3,674.9,0,0,0,0.28,0
CAT-EQ-1006,2026-09-02T06:47:16Z,22.8,27.8,130.3,675.7,0,0,0,0.186,0
CAT-EQ-1006,2026-09-02T07:47:16Z,18.1,25.9,130.3,676.5,0,0,0,0.133,0
CAT-EQ-1006,2026-09-02T08:47:16Z,0.0,25.1,130.5,676.5,0,0,0,0.447,0
CAT-EQ-1006,2026-09-02T09:47:16Z,0.0,23.1,130.7,676.5,0,0,0,0.443,0
CAT-EQ-1006,2026-09-02T10:47:16Z,0.0,22.4,130.9,676.5,0,0,0,0.124,0
CAT-EQ-1006,2026-09-02T11:47:16Z,0.0,20.7,131.1,676.5,0,0,0,0.356,0
CAT-EQ-1006,2026-09-02T12:47:16Z,0.0,20.0,131.3,676.5,0,0,0,0.273,0
CAT-EQ-1007,2026-08-19T13:47:16Z,0.0,93.5,106.5,613.2,0,0,0,0.391,0
CAT-EQ-1007,2026-08-19T14:47:16Z,0.0,91.7,106.7,613.2,0,0,0,0.418,0
CAT-EQ-1007,2026-08-19T15:47:16Z,0.0,90.1,106.9,613.2,0,0,0,0.218,0
CAT-EQ-1007,2026-08-19T16:47:16Z,0.0,88.7,107.1,613.2,0,0,0,0.38,0
CAT-EQ-1007,2026-08-19T17:47:16Z,0.0,86.7,107.3,613.2,0,0,0,0.299,0
CAT-EQ-1007,2026-08-19T18:47:16Z,0.0,84.6,107.5,613.2,0,0,0,0.446,0
CAT-EQ-1007,2026-08-19T19:47:16Z,0.0,82.6,107.7,613.2,0,0,0,0.186,0
CAT-EQ-1007,2026-08-19T20:47:16Z,28.4,82.0,107.7,614.0,0,0,0,0.442,0
CAT-EQ-1007,2026-08-19T21:47:16Z,8.8,80.4,107.7,614.8,0,0,0,0.102,0
CAT-EQ-1007,2026-08-19T22:47:16Z,11.2,79.7,107.7,615.6,0,0,0,0.125,0
CAT-EQ-1007,2026-08-19T23:47:16Z,9.9,78.5,107.7,616.4,0,0,0,0.274,0
CAT-EQ-1007,2026-08-20T00:47:16Z,21.1,77.4,107.7,617.2,0,0,0,0.301,0
CAT-EQ-1007,2026-08-20T01:47:16Z,21.6,76.3,107.7,618.0,0,0,0,0.309,0
CAT-EQ-1007,2026-08-20T02:47:16Z,6.8,75.5,107.7,618.8,0,0,0,0.164,0
CAT-EQ-1007,2026-08-20T03:47:16Z,12.3,74.2,107.7,619.6,0,0,0,0.195,0
CAT-EQ-1007,2026-08-20T04:47:16Z,15.8,73.0,107.7,620.4,0,0,0,0.445,0
CAT-EQ-1007,2026-08-20T05:47:16Z,28.1,71.7,107.7,621.2,0,0,0,0.313,0
CAT-EQ-1007,2026-08-20T06:47:16Z,24.7,70.0,107.7,622.0,0,0,0,0.131,0
CAT-EQ-1007,2026-08-20T07:47:16Z,22.4,68.6,107.7,622.8,0,0,0,0.234,0
CAT-EQ-1007,2026-08-20T08:47:16Z,0.0,66.7,107.9,622.8,0,0,0,0.101,0
CAT-EQ-1007,2026-08-20T09:47:16Z,0.0,65.0,108.1,622.8,0,0,0,0.392,0
CAT-EQ-1007,2026-08-20T10:47:16Z,0.0,63.4,108.3,622.8,0,0,0,0.333,0
CAT-EQ-1007,2026-08-20T11:47:16Z,0.0,62.1,108.5,622.8,0,0,0,0.104,0
CAT-EQ-1007,2026-08-20T12:47:16Z,0.0,61.6,108.7,622.8,0,0,0,0.141,0
CAT-EQ-1007,2026-08-20T13:47:16Z,0.0,59.8,108.9,622.8,0,0,0,0.291,0
CAT-EQ-1007,2026-08-20T14:47:16Z,0.0,59.2,109.1,622.8,0,0,0,0.369,0
CAT-EQ-1007,2026-08-20T15:47:16Z,0.0,58.7,109.3,622.8,0,0,0,0.29,0
CAT-EQ-1007,2026-08-20T16:47:16Z,0.0,57.1,109.5,622.8,0,0,0,0.256,0
CAT-EQ-1007,2026-08-20T17:47:16Z,0.0,56.1,109.7,622.8,0,0,0,0.44,0
CAT-EQ-1007,2026-08-20T18:47:16Z,0.0,54.3,109.9,622.8,0,0,0,0.183,0
CAT-EQ-1007,2026-08-20T19:47:16Z,0.0,53.8,110.1,622.8,0,0,0,0.205,0
CAT-EQ-1007,2026-08-20T20:47:16Z,26.3,53.2,110.1,623.6,0,0,0,0.115,0
CAT-EQ-1007,2026-08-20T21:47:16Z,23.0,51.0,110.1,624.4,0,0,0,0.338,0
CAT-EQ-1007,2026-08-20T22:47:16Z,7.9,49.1,110.1,625.2,0,0,0,0.443,0
CAT-EQ-1007,2026-08-20T23:47:16Z,26.6,47.1,110.1,626.0,0,0,0,0.135,0
CAT-EQ-1007,2026-08-21T00:47:16Z,13.4,46.6,110.1,626.8,0,0,0,0.165,0
CAT-EQ-1007,2026-08-21T01:47:16Z,8.0,45.6,110.1,627.6,0,0,0,0.446,0
CAT-EQ-1007,2026-08-21T02:47:16Z,8.7,44.3,110.1,628.4,0,0,0,0.195,0
CAT-EQ-1007,2026-08-21T03:47:16Z,22.8,42.1,110.1,629.2,0,0,0,0.412,0
CAT-EQ-1007,2026-08-21T04:47:16Z,24.3,41.5,110.1,630.0,0,0,0,0.361,0
CAT-EQ-1007,2026-08-21T05:47:16Z,25.6,40.0,110.1,630.8,0,0,0,0.381,0
CAT-EQ-1007,2026-08-21T06:47:16Z,29.9,39.1,110.1,631.6,0,0,0,0.423,0
CAT-EQ-1007,2026-08-21T07:47:16Z,14.1,37.9,110.1,632.4,0,0,0,0.145,0
CAT-EQ-1007,2026-08-21T08:47:16Z,0.0,36.7,110.3,632.4,0,0,0,0.24,0
CAT-EQ-1007,2026-08-21T09:47:16Z,0.0,35.5,110.5,632.4,0,0,0,0.252,0
CAT-EQ-1007,2026-08-21T10:47:16Z,0.0,33.8,110.7,632.4,0,0,0,0.322,0
CAT-EQ-1007,2026-08-21T11:47:16Z,0.0,95.0,110.9,632.4,0,1,0,0.901,1
CAT-EQ-1007,2026-08-21T12:47:16Z,0.0,92.8,111.1,632.4,0,0,0,0.324,0
CAT-EQ-1007,2026-08-21T13:47:16Z,0.0,91.3,111.3,632.4,0,0,0,0.369,0
CAT-EQ-1007,2026-08-21T14:47:16Z,0.0,90.0,111.5,632.4,0,0,0,0.139,0
CAT-EQ-1007,2026-08-21T15:47:16Z,0.0,88.8,111.7,632.4,0,0,0,0.251,0
CAT-EQ-1007,2026-08-21T16:47:16Z,0.0,87.7,111.9,632.4,0,0,0,0.203,0
CAT-EQ-1007,2026-08-21T17:47:16Z,0.0,85.6,112.1,632.4,0,0,0,0.212,0
CAT-EQ-1007,2026-08-21T18:47:16Z,0.0,84.6,112.3,632.4,0,0,0,0.28,0
CAT-EQ-1007,2026-08-21T19:47:16Z,0.0,83.1,112.5,632.4,0,0,0,0.222,0
CAT-EQ-1007,2026-08-21T20:47:16Z,13.8,81.2,112.5,633.2,0,0,0,0.242,0
CAT-EQ-1007,2026-08-21T21:47:16Z,26.7,80.4,112.5,634.0,0,0,0,0.21,0
CAT-EQ-1007,2026-08-21T22:47:16Z,94.5,79.2,112.5,634.8,1,0,0,0.708,1
CAT-EQ-1007,2026-08-21T23:47:16Z,15.6,77.3,112.5,635.6,0,0,0,0.423,0
CAT-EQ-1007,2026-08-22T00:47:16Z,5.4,76.7,112.5,636.4,0,0,0,0.231,0
CAT-EQ-1007,2026-08-22T01:47:16Z,94.5,75.0,112.5,637.2,1,0,0,0.774,1
CAT-EQ-1007,2026-08-22T02:47:16Z,7.3,73.8,112.5,638.0,0,0,0,0.189,0
CAT-EQ-1007,2026-08-22T03:47:16Z,6.9,72.5,112.5,638.8,0,0,0,0.439,0
CAT-EQ-1007,2026-08-22T04:47:16Z,23.3,70.6,112.5,639.6,0,0,0,0.264,0
CAT-EQ-1007,2026-08-22T05:47:16Z,6.4,68.5,112.5,640.4,0,0,0,0.284,0
CAT-EQ-1007,2026-08-22T06:47:16Z,19.4,66.5,112.5,641.2,0,0,0,0.175,0
CAT-EQ-1007,2026-08-22T07:47:16Z,13.3,65.6,112.5,642.0,0,0,0,0.192,0
CAT-EQ-1007,2026-08-22T08:47:16Z,0.0,64.2,112.7,642.0,0,0,0,0.117,0
CAT-EQ-1007,2026-08-22T09:47:16Z,0.0,62.4,112.9,642.0,0,0,0,0.356,0
CAT-EQ-1007,2026-08-22T10:47:16Z,0.0,61.9,113.1,642.0,0,0,0,0.157,0
CAT-EQ-1007,2026-08-22T11:47:16Z,0.0,61.0,113.3,642.0,0,0,0,0.342,0
CAT-EQ-1007,2026-08-22T12:47:16Z,0.0,59.2,113.5,642.0,0,0,0,0.401,0
CAT-EQ-1007,2026-08-22T13:47:16Z,0.0,57.2,113.7,642.0,0,0,0,0.367,0
CAT-EQ-1007,2026-08-22T14:47:16Z,0.0,55.2,113.9,642.0,0,0,0,0.308,0
CAT-EQ-1007,2026-08-22T15:47:16Z,0.0,53.9,114.1,642.0,0,0,0,0.156,0
CAT-EQ-1007,2026-08-22T16:47:16Z,0.0,52.3,114.3,642.0,0,0,0,0.164,0
CAT-EQ-1007,2026-08-22T17:47:16Z,0.0,50.1,114.5,642.0,0,0,0,0.18,0
CAT-EQ-1007,2026-08-22T18:47:16Z,0.0,49.1,114.7,642.0,0,0,0,0.331,0
CAT-EQ-1007,2026-08-22T19:47:16Z,0.0,47.1,114.9,642.0,0,0,0,0.216,0
CAT-EQ-1007,2026-08-22T20:47:16Z,13.0,45.4,114.9,642.8,0,0,0,0.42,0
CAT-EQ-1007,2026-08-22T21:47:16Z,16.1,43.8,114.9,643.6,0,0,0,0.144,0
CAT-EQ-1007,2026-08-22T22:47:16Z,5.1,41.7,114.9,644.4,0,0,0,0.371,0
CAT-EQ-1007,2026-08-22T23:47:16Z,15.8,39.6,114.9,645.2,0,0,0,0.176,0
CAT-EQ-1007,2026-08-23T00:47:16Z,28.5,37.9,114.9,646.0,0,0,0,0.425,0
CAT-EQ-1007,2026-08-23T01:47:16Z,23.3,37.4,114.9,646.8,0,0,0,0.232,0
CAT-EQ-1007,2026-08-23T02:47:16Z,5.9,36.0,114.9,647.6,0,0,0,0.13,0
CAT-EQ-1007,2026-08-23T03:47:16Z,25.6,35.0,114.9,648.4,0,0,0,0.195,0
CAT-EQ-1007,2026-08-23T04:47:16Z,21.9,33.3,114.9,649.2,0,0,0,0.247,0
CAT-EQ-1007,2026-08-23T05:47:16Z,14.3,32.0,114.9,650.0,0,0,0,0.186,0
CAT-EQ-1007,2026-08-23T06:47:16Z,15.1,30.9,114.9,650.8,0,0,0,0.241,0
CAT-EQ-1007,2026-08-23T07:47:16Z,28.9,30.3,114.9,651.6,0,0,0,0.308,0
CAT-EQ-1007,2026-08-23T08:47:16Z,0.0,28.9,115.1,651.6,0,0,0,0.37,0
CAT-EQ-1007,2026-08-23T09:47:16Z,0.0,27.0,115.3,651.6,0,0,0,0.309,0
CAT-EQ-1007,2026-08-23T10:47:16Z,0.0,25.3,115.5,651.6,0,0,0,0.317,0
CAT-EQ-1007,2026-08-23T11:47:16Z,0.0,23.3,115.7,651.6,0,0,0,0.173,0
CAT-EQ-1007,2026-08-23T12:47:16Z,0.0,22.1,115.9,651.6,0,0,0,0.178,0
CAT-EQ-1007,2026-08-23T13:47:16Z,0.0,21.4,116.1,651.6,0,0,0,0.305,0
CAT-EQ-1007,2026-08-23T14:47:16Z,0.0,95.0,116.3,651.6,0,0,0,0.215,0
CAT-EQ-1007,2026-08-23T15:47:16Z,0.0,94.1,116.5,651.6,0,0,0,0.164,0
CAT-EQ-1007,2026-08-23T16:47:16Z,0.0,91.9,116.7,651.6,0,0,0,0.168,0
CAT-EQ-1007,2026-08-23T17:47:16Z,0.0,89.9,116.9,651.6,0,0,0,0.389,0
CAT-EQ-1007,2026-08-23T18:47:16Z,0.0,88.7,117.1,651.6,0,0,0,0.272,0
CAT-EQ-1007,2026-08-23T19:47:16Z,0.0,87.3,117.3,651.6,0,0,0,0.258,0
CAT-EQ-1007,2026-08-23T20:47:16Z,21.1,85.7,117.3,652.4,0,0,0,0.236,0
CAT-EQ-1007,2026-08-23T21:47:16Z,6.2,84.8,117.3,653.2,0,0,0,0.23,0
CAT-EQ-1007,2026-08-23T22:47:16Z,12.6,83.4,117.3,654.0,0,0,0,0.109,0
CAT-EQ-1007,2026-08-23T23:47:16Z,22.0,81.9,117.3,654.8,0,0,0,0.167,0
CAT-EQ-1007,2026-08-24T00:47:16Z,22.0,57.9,117.3,655.6,0,1,0,0.654,1
CAT-EQ-1007,2026-08-24T01:47:16Z,14.9,57.3,117.3,656.4,0,0,0,0.234,0
CAT-EQ-1007,2026-08-24T02:47:16Z,8.3,55.2,117.3,657.2,0,0,0,0.242,0
CAT-EQ-1007,2026-08-24T03:47:16Z,11.9,53.1,117.3,658.0,0,0,0,0.225,0
CAT-EQ-1007,2026-08-24T04:47:16Z,17.3,52.2,117.3,658.8,0,0,0,0.118,0
CAT-EQ-1007,2026-08-24T05:47:16Z,18.1,51.0,117.3,659.6,0,0,0,0.339,0
CAT-EQ-1007,2026-08-24T06:47:16Z,13.9,49.9,117.3,660.4,0,0,0,0.402,0
CAT-EQ-1007,2026-08-24T07:47:16Z,11.5,48.6,117.3,661.2,0,0,0,0.397,0
CAT-EQ-1007,2026-08-24T08:47:16Z,0.0,46.6,117.5,661.2,0,0,0,0.371,0
CAT-EQ-1007,2026-08-24T09:47:16Z,0.0,44.6,117.7,661.2,0,0,0,0.435,0
CAT-EQ-1007,2026-08-24T10:47:16Z,0.0,43.1,117.9,661.2,0,0,0,0.421,0
CAT-EQ-1007,2026-08-24T11:47:16Z,0.0,42.3,118.1,661.2,0,0,0,0.117,0
CAT-EQ-1007,2026-08-24T12:47:16Z,0.0,41.7,118.3,661.2,0,0,0,0.361,0
CAT-EQ-1007,2026-08-24T13:47:16Z,0.0,41.2,118.5,661.2,0,0,0,0.388,0
CAT-EQ-1007,2026-08-24T14:47:16Z,0.0,39.3,118.7,661.2,0,0,0,0.27,0
CAT-EQ-1007,2026-08-24T15:47:16Z,0.0,38.5,118.9,661.2,0,0,0,0.236,0
CAT-EQ-1007,2026-08-24T16:47:16Z,0.0,95.0,119.1,661.2,0,1,0,0.672,1
CAT-EQ-1007,2026-08-24T17:47:16Z,0.0,93.3,119.3,661.2,0,0,0,0.444,0
CAT-EQ-1007,2026-08-24T18:47:16Z,0.0,91.7,119.5,661.2,0,0,0,0.107,0
CAT-EQ-1007,2026-08-24T19:47:16Z,0.0,89.9,119.7,661.2,0,0,0,0.251,0
CAT-EQ-1007,2026-08-24T20:47:16Z,9.2,88.3,119.7,662.0,0,0,0,0.182,0
CAT-EQ-1007,2026-08-24T21:47:16Z,7.3,86.5,119.7,662.8,0,0,0,0.395,0
CAT-EQ-1007,2026-08-24T22:47:16Z,5.4,86.0,119.7,663.6,0,0,0,0.333,0
CAT-EQ-1007,2026-08-24T23:47:16Z,16.8,84.4,119.7,664.4,0,0,0,0.208,0
CAT-EQ-1007,2026-08-25T00:47:16Z,17.8,82.4,119.7,665.2,0,0,0,0.101,0
CAT-EQ-1007,2026-08-25T01:47:16Z,18.0,81.3,119.7,666.0,0,0,0,0.344,0
CAT-EQ-1007,2026-08-25T02:47:16Z,25.1,80.6,119.7,666.8,0,0,0,0.44,0
CAT-EQ-1007,2026-08-25T03:47:16Z,15.7,79.1,119.7,667.6,0,0,0,0.158,0
CAT-EQ-1007,2026-08-25T04:47:16Z,15.5,78.3,119.7,668.4,0,0,0,0.345,0
CAT-EQ-1007,2026-08-25T05:47:16Z,14.6,76.7,119.7,669.2,0,0,0,0.23,0
CAT-EQ-1007,2026-08-25T06:47:16Z,29.5,74.9,119.7,670.0,0,0,0,0.203,0
CAT-EQ-1007,2026-08-25T07:47:16Z,8.7,73.8,119.7,670.8,0,0,0,0.308,0
CAT-EQ-1007,2026-08-25T08:47:16Z,0.0,73.0,119.9,670.8,0,0,0,0.177,0
CAT-EQ-1007,2026-08-25T09:47:16Z,0.0,71.7,120.1,670.8,0,0,0,0.409,0
CAT-EQ-1007,2026-08-25T10:47:16Z,0.0,70.2,120.3,670.8,0,0,0,0.367,0
CAT-EQ-1007,2026-08-25T11:47:16Z,0.0,68.2,120.5,670.8,0,0,0,0.257,0
CAT-EQ-1007,2026-08-25T12:47:16Z,0.0,66.3,120.7,670.8,0,0,0,0.346,0
CAT-EQ-1007,2026-08-25T13:47:16Z,0.0,65.1,120.9,670.8,0,0,0,0.284,0
CAT-EQ-1007,2026-08-25T14:47:16Z,0.0,63.7,121.1,670.8,0,0,0,0.258,0
CAT-EQ-1007,2026-08-25T15:47:16Z,0.0,62.6,121.3,670.8,0,0,0,0.12,0
CAT-EQ-1007,2026-08-25T16:47:16Z,0.0,60.4,121.5,670.8,0,0,0,0.159,0
CAT-EQ-1007,2026-08-25T17:47:16Z,0.0,59.5,121.7,670.8,0,0,0,0.284,0
CAT-EQ-1007,2026-08-25T18:47:16Z,0.0,57.8,121.9,670.8,0,0,0,0.308,0
CAT-EQ-1007,2026-08-25T19:47:16Z,0.0,55.7,122.1,670.8,0,0,0,0.321,0
CAT-EQ-1007,2026-08-25T20:47:16Z,13.3,54.3,122.1,671.6,0,0,0,0.376,0
CAT-EQ-1007,2026-08-25T21:47:16Z,18.1,52.5,122.1,672.4,0,0,0,0.383,0
CAT-EQ-1007,2026-08-25T22:47:16Z,21.2,51.3,122.1,673.2,0,0,0,0.113,0
CAT-EQ-1007,2026-08-25T23:47:16Z,8.0,50.0,122.1,674.0,0,0,0,0.236,0
CAT-EQ-1007,2026-08-26T00:47:16Z,20.2,48.3,122.1,674.8,0,0,0,0.331,0
CAT-EQ-1007,2026-08-26T01:47:16Z,20.2,46.6,122.1,675.6,0,0,0,0.261,0
CAT-EQ-1007,2026-08-26T02:47:16Z,20.4,44.6,122.1,676.4,0,0,0,0.224,0
CAT-EQ-1007,2026-08-26T03:47:16Z,16.2,42.9,122.1,677.2,0,0,0,0.33,0
CAT-EQ-1007,2026-08-26T04:47:16Z,27.0,41.3,122.1,678.0,0,0,0,0.254,0
CAT-EQ-1007,2026-08-26T05:47:16Z,27.6,39.9,122.1,678.8,0,0,0,0.359,0
CAT-EQ-1007,2026-08-26T06:47:16Z,17.9,39.3,122.1,679.6,0,0,0,0.173,0
CAT-EQ-1007,2026-08-26T07:47:16Z,29.3,38.0,122.1,680.4,0,0,0,0.136,0
CAT-EQ-1007,2026-08-26T08:47:16Z,0.0,36.4,122.3,680.4,0,0,0,0.24,0
CAT-EQ-1007,2026-08-26T09:47:16Z,0.0,34.8,122.5,680.4,0,0,0,0.287,0
CAT-EQ-1007,2026-08-26T10:47:16Z,0.0,33.3,122.7,680.4,0,0,0,0.256,0
CAT-EQ-1007,2026-08-26T11:47:16Z,0.0,32.4,122.9,680.4,0,0,0,0.32,0
CAT-EQ-1007,2026-08-26T12:47:16Z,0.0,31.4,123.1,680.4,0,0,0,0.203,0
CAT-EQ-1007,2026-08-26T13:47:16Z,0.0,29.5,123.3,680.4,0,0,0,0.434,0
CAT-EQ-1007,2026-08-26T14:47:16Z,0.0,28.6,123.5,680.4,0,0,0,0.177,0
CAT-EQ-1007,2026-08-26T15:47:16Z,0.0,26.7,123.7,680.4,0,0,0,0.228,0
CAT-EQ-1007,2026-08-26T16:47:16Z,0.0,24.6,123.9,680.4,0,0,0,0.182,0
CAT-EQ-1007,2026-08-26T17:47:16Z,0.0,22.8,124.1,680.4,0,0,0,0.298,0
CAT-EQ-1007,2026-08-26T18:47:16Z,0.0,20.7,124.3,680.4,0,0,0,0.449,0
CAT-EQ-1007,2026-08-26T19:47:16Z,0.0,20.1,124.5,680.4,0,0,0,0.124,0
CAT-EQ-1007,2026-08-26T20:47:16Z,13.7,95.0,124.5,681.2,0,0,0,0.263,0
CAT-EQ-1007,2026-08-26T21:47:16Z,10.2,93.7,124.5,682.0,0,0,0,0.143,0
CAT-EQ-1007,2026-08-26T22:47:16Z,23.6,92.1,124.5,682.8,0,0,0,0.359,0
CAT-EQ-1007,2026-08-26T23:47:16Z,28.1,90.8,124.5,683.6,0,0,0,0.414,0
CAT-EQ-1007,2026-08-27T00:47:16Z,6.9,89.4,124.5,684.4,0,0,0,0.412,0
CAT-EQ-1007,2026-08-27T01:47:16Z,7.5,88.4,124.5,685.2,0,0,0,0.121,0
CAT-EQ-1007,2026-08-27T02:47:16Z,19.8,87.1,124.5,686.0,0,0,0,0.449,0
CAT-EQ-1007,2026-08-27T03:47:16Z,19.8,85.9,124.5,686.8,0,0,0,0.44,0
CAT-EQ-1007,2026-08-27T04:47:16Z,24.3,83.8,124.5,687.6,0,0,0,0.362,0
CAT-EQ-1007,2026-08-27T05:47:16Z,19.4,81.9,124.5,688.4,0,0,0,0.245,0
CAT-EQ-1007,2026-08-27T06:47:16Z,16.3,79.7,124.5,689.2,0,0,0,0.101,0
CAT-EQ-1007,2026-08-27T07:47:16Z,29.9,78.7,124.5,690.0,0,0,0,0.147,0
CAT-EQ-1007,2026-08-27T08:47:16Z,0.0,77.1,124.7,690.0,0,0,0,0.306,0
CAT-EQ-1007,2026-08-27T09:47:16Z,0.0,76.2,124.9,690.0,0,0,0,0.177,0
CAT-EQ-1007,2026-08-27T10:47:16Z,0.0,74.5,125.1,690.0,0,0,0,0.315,0
CAT-EQ-1007,2026-08-27T11:47:16Z,0.0,73.5,125.3,690.0,0,0,0,0.109,0
CAT-EQ-1007,2026-08-27T12:47:16Z,0.0,71.5,125.5,690.0,0,0,0,0.238,0
CAT-EQ-1007,2026-08-27T13:47:16Z,0.0,70.8,125.7,690.0,0,0,0,0.139,0
CAT-EQ-1007,2026-08-27T14:47:16Z,0.0,70.1,125.9,690.0,0,0,0,0.374,0
CAT-EQ-1007,2026-08-27T15:47:16Z,0.0,68.9,126.1,690.0,0,0,0,0.304,0
CAT-EQ-1007,2026-08-27T16:47:16Z,0.0,67.3,126.3,690.0,0,0,0,0.384,0
CAT-EQ-1007,2026-08-27T17:47:16Z,0.0,66.4,126.5,690.0,0,0,0,0.385,0
CAT-EQ-1007,2026-08-27T18:47:16Z,0.0,64.6,126.7,690.0,0,0,0,0.353,0
CAT-EQ-1007,2026-08-27T19:47:16Z,0.0,62.5,126.9,690.0,0,0,0,0.19,0
CAT-EQ-1007,2026-08-27T20:47:16Z,18.7,60.4,126.9,690.8,0,0,0,0.264,0
CAT-EQ-1007,2026-08-27T21:47:16Z,11.0,59.3,126.9,691.6,0,0,0,0.129,0
CAT-EQ-1007,2026-08-27T22:47:16Z,22.2,58.6,126.9,692.4,0,0,0,0.374,0
CAT-EQ-1007,2026-08-27T23:47:16Z,16.4,57.5,126.9,693.2,0,0,0,0.103,0
CAT-EQ-1007,2026-08-28T00:47:16Z,5.3,56.2,126.9,694.0,0,0,0,0.168,0
CAT-EQ-1007,2026-08-28T01:47:16Z,22.5,55.6,126.9,694.8,0,0,0,0.438,0
CAT-EQ-1007,2026-08-28T02:47:16Z,7.1,54.9,126.9,695.6,0,0,0,0.268,0
CAT-EQ-1007,2026-08-28T03:47:16Z,15.3,54.4,126.9,696.4,0,0,0,0.26,0
CAT-EQ-1007,2026-08-28T04:47:16Z,6.1,53.4,126.9,697.2,0,0,0,0.259,0
CAT-EQ-1007,2026-08-28T05:47:16Z,6.3,52.9,126.9,698.0,0,0,0,0.33,0
CAT-EQ-1007,2026-08-28T06:47:16Z,11.1,50.8,126.9,698.8,0,0,0,0.104,0
CAT-EQ-1007,2026-08-28T07:47:16Z,5.8,48.6,126.9,699.6,0,0,0,0.326,0
CAT-EQ-1007,2026-08-28T08:47:16Z,0.0,48.1,127.1,699.6,0,0,0,0.159,0
CAT-EQ-1007,2026-08-28T09:47:16Z,0.0,46.3,127.3,699.6,0,0,0,0.113,0
CAT-EQ-1007,2026-08-28T10:47:16Z,0.0,44.5,127.5,699.6,0,0,0,0.444,0
CAT-EQ-1007,2026-08-28T11:47:16Z,0.0,43.7,127.7,699.6,0,0,0,0.147,0
CAT-EQ-1007,2026-08-28T12:47:16Z,0.0,41.5,127.9,699.6,0,0,0,0.146,0
CAT-EQ-1007,2026-08-28T13:47:16Z,0.0,40.3,128.1,699.6,0,0,0,0.332,0
CAT-EQ-1007,2026-08-28T14:47:16Z,0.0,39.7,128.3,699.6,0,0,0,0.207,0
CAT-EQ-1007,2026-08-28T15:47:16Z,0.0,38.8,128.5,699.6,0,0,0,0.233,0
CAT-EQ-1007,2026-08-28T16:47:16Z,0.0,38.0,128.7,699.6,0,0,0,0.391,0
CAT-EQ-1007,2026-08-28T17:47:16Z,0.0,37.3,128.9,699.6,0,0,0,0.204,0
CAT-EQ-1007,2026-08-28T18:47:16Z,0.0,36.1,129.1,699.6,0,0,0,0.279,0
CAT-EQ-1007,2026-08-28T19:47:16Z,0.0,34.3,129.3,699.6,0,0,0,0.225,0
CAT-EQ-1007,2026-08-28T20:47:16Z,15.9,32.8,129.3,700.4,0,0,0,0.332,0
CAT-EQ-1007,2026-08-28T21:47:16Z,18.8,31.5,129.3,701.2,0,0,0,0.371,0
CAT-EQ-1007,2026-08-28T22:47:16Z,13.4,29.3,129.3,702.0,0,0,0,0.396,0
CAT-EQ-1007,2026-08-28T23:47:16Z,11.7,28.6,129.3,702.8,0,0,0,0.279,0
CAT-EQ-1007,2026-08-29T00:47:16Z,20.5,27.6,129.3,703.6,0,0,0,0.187,0
CAT-EQ-1007,2026-08-29T01:47:16Z,26.2,25.6,129.3,704.4,0,0,0,0.423,0
CAT-EQ-1007,2026-08-29T02:47:16Z,14.8,24.6,129.3,705.2,0,0,0,0.345,0
CAT-EQ-1007,2026-08-29T03:47:16Z,15.2,23.1,129.3,706.0,0,0,0,0.154,0
CAT-EQ-1007,2026-08-29T04:47:16Z,10.1,21.9,129.3,706.8,0,0,0,0.136,0
CAT-EQ-1007,2026-08-29T05:47:16Z,16.9,20.3,129.3,707.6,0,0,0,0.361,0
CAT-EQ-1007,2026-08-29T06:47:16Z,18.7,95.0,129.3,708.4,0,0,0,0.275,0
CAT-EQ-1007,2026-08-29T07:47:16Z,15.7,93.2,129.3,709.2,0,0,0,0.204,0
CAT-EQ-1007,2026-08-29T08:47:16Z,0.0,91.6,129.5,709.2,0,0,0,0.376,0
CAT-EQ-1007,2026-08-29T09:47:16Z,0.0,89.7,129.7,709.2,0,0,0,0.136,0
CAT-EQ-1007,2026-08-29T10:47:16Z,0.0,88.8,129.9,709.2,0,0,0,0.108,0
CAT-EQ-1007,2026-08-29T11:47:16Z,0.0,87.7,130.1,709.2,0,0,0,0.391,0
CAT-EQ-1007,2026-08-29T12:47:16Z,0.0,86.3,130.3,709.2,0,0,0,0.294,0
CAT-EQ-1007,2026-08-29T13:47:16Z,0.0,85.5,130.5,709.2,0,0,0,0.141,0
CAT-EQ-1007,2026-08-29T14:47:16Z,0.0,84.3,130.7,709.2,0,0,0,0.374,0
CAT-EQ-1007,2026-08-29T15:47:16Z,0.0,82.8,130.9,709.2,0,0,0,0.447,0
CAT-EQ-1007,2026-08-29T16:47:16Z,0.0,81.1,131.1,709.2,0,0,0,0.421,0
CAT-EQ-1007,2026-08-29T17:47:16Z,0.0,80.3,131.3,709.2,0,0,0,0.306,0
CAT-EQ-1007,2026-08-29T18:47:16Z,0.0,56.3,131.5,709.2,0,1,0,0.777,1
CAT-EQ-1007,2026-08-29T19:47:16Z,0.0,55.6,131.7,709.2,0,0,0,0.234,0
CAT-EQ-1007,2026-08-29T20:47:16Z,12.3,54.4,131.7,710.0,0,0,0,0.411,0
CAT-EQ-1007,2026-08-29T21:47:16Z,10.6,53.8,131.7,710.8,0,0,0,0.222,0
CAT-EQ-1007,2026-08-29T22:47:16Z,24.3,52.1,131.7,711.6,0,0,0,0.305,0
CAT-EQ-1007,2026-08-29T23:47:16Z,24.0,51.1,131.7,712.4,0,0,0,0.333,0
CAT-EQ-1007,2026-08-30T00:47:16Z,25.8,49.5,131.7,713.2,0,0,0,0.116,0
CAT-EQ-1007,2026-08-30T01:47:16Z,19.1,47.7,131.7,714.0,0,0,0,0.273,0
CAT-EQ-1007,2026-08-30T02:47:16Z,10.4,46.3,131.7,714.8,0,0,0,0.199,0
CAT-EQ-1007,2026-08-30T03:47:16Z,21.4,44.5,131.7,715.6,0,0,0,0.415,0
CAT-EQ-1007,2026-08-30T04:47:16Z,9.0,43.0,131.7,716.4,0,0,0,0.424,0
CAT-EQ-1007,2026-08-30T05:47:16Z,15.1,40.9,131.7,717.2,0,0,0,0.186,0
CAT-EQ-1007,2026-08-30T06:47:16Z,8.6,40.0,131.7,718.0,0,0,0,0.206,0
CAT-EQ-1007,2026-08-30T07:47:16Z,11.5,38.9,131.7,718.8,0,0,0,0.267,0
CAT-EQ-1007,2026-08-30T08:47:16Z,0.0,37.0,131.9,718.8,0,0,0,0.422,0
CAT-EQ-1007,2026-08-30T09:47:16Z,0.0,35.2,132.1,718.8,0,0,0,0.13,0
CAT-EQ-1007,2026-08-30T10:47:16Z,0.0,34.4,132.3,718.8,0,0,0,0.208,0
CAT-EQ-1007,2026-08-30T11:47:16Z,0.0,33.7,132.5,718.8,0,0,0,0.102,0
CAT-EQ-1007,2026-08-30T12:47:16Z,0.0,31.8,132.7,718.8,0,0,0,0.146,0
CAT-EQ-1007,2026-08-30T13:47:16Z,0.0,30.8,132.9,718.8,0,0,0,0.344,0
CAT-EQ-1007,2026-08-30T14:47:16Z,0.0,28.7,133.1,718.8,0,0,0,0.272,0
CAT-EQ-1007,2026-08-30T15:47:16Z,0.0,27.1,133.3,718.8,0,0,0,0.128,0
CAT-EQ-1007,2026-08-30T16:47:16Z,0.0,25.6,133.5,718.8,0,0,0,0.143,0
CAT-EQ-1007,2026-08-30T17:47:16Z,0.0,24.7,133.7,718.8,0,0,0,0.407,0
CAT-EQ-1007,2026-08-30T18:47:16Z,0.0,22.6,133.9,718.8,0,0,0,0.309,0
CAT-EQ-1007,2026-08-30T19:47:16Z,0.0,21.4,134.1,718.8,0,0,0,0.221,0
CAT-EQ-1007,2026-08-30T20:47:16Z,9.2,20.1,134.1,719.6,0,0,0,0.149,0
CAT-EQ-1007,2026-08-30T21:47:16Z,14.1,95.0,134.1,720.4,0,0,0,0.347,0
CAT-EQ-1007,2026-08-30T22:47:16Z,11.9,93.8,134.1,721.2,0,0,0,0.444,0
CAT-EQ-1007,2026-08-30T23:47:16Z,19.9,93.1,134.1,722.0,0,0,0,0.219,0
CAT-EQ-1007,2026-08-31T00:47:16Z,16.3,92.2,134.1,722.8,0,0,0,0.41,0
CAT-EQ-1007,2026-08-31T01:47:16Z,26.3,91.6,134.1,723.6,0,0,0,0.366,0
CAT-EQ-1007,2026-08-31T02:47:16Z,14.0,89.6,134.1,724.4,0,0,0,0.129,0
CAT-EQ-1007,2026-08-31T03:47:16Z,26.5,87.7,134.1,725.2,0,0,0,0.278,0
CAT-EQ-1007,2026-08-31T04:47:16Z,28.9,87.1,134.1,726.0,0,0,0,0.383,0
CAT-EQ-1007,2026-08-31T05:47:16Z,94.5,85.2,134.1,726.8,1,0,0,0.835,1
CAT-EQ-1007,2026-08-31T06:47:16Z,29.7,84.5,134.1,727.6,0,0,0,0.159,0
CAT-EQ-1007,2026-08-31T07:47:16Z,17.5,82.7,134.1,728.4,0,0,0,0.293,0
CAT-EQ-1007,2026-08-31T08:47:16Z,0.0,81.7,134.3,728.4,0,0,0,0.403,0
CAT-EQ-1007,2026-08-31T09:47:16Z,0.0,80.1,134.5,728.4,0,0,0,0.196,0
CAT-EQ-1007,2026-08-31T10:47:16Z,0.0,79.2,134.7,728.4,0,0,0,0.231,0
CAT-EQ-1007,2026-08-31T11:47:16Z,0.0,77.1,134.9,728.4,0,0,0,0.399,0
CAT-EQ-1007,2026-08-31T12:47:16Z,0.0,75.0,135.1,728.4,0,0,0,0.158,0
CAT-EQ-1007,2026-08-31T13:47:16Z,0.0,72.9,135.3,728.4,0,0,0,0.201,0
CAT-EQ-1007,2026-08-31T14:47:16Z,0.0,71.8,135.5,728.4,0,0,0,0.31,0
CAT-EQ-1007,2026-08-31T15:47:16Z,0.0,71.1,135.7,728.4,0,0,0,0.108,0
CAT-EQ-1007,2026-08-31T16:47:16Z,0.0,69.0,135.9,728.4,0,0,0,0.205,0
CAT-EQ-1007,2026-08-31T17:47:16Z,0.0,68.3,136.1,728.4,0,0,0,0.133,0
CAT-EQ-1007,2026-08-31T18:47:16Z,0.0,66.8,136.3,728.4,0,0,0,0.409,0
CAT-EQ-1007,2026-08-31T19:47:16Z,0.0,66.2,136.5,728.4,0,0,0,0.314,0
CAT-EQ-1007,2026-08-31T20:47:16Z,5.6,64.0,136.5,729.2,0,0,0,0.109,0
CAT-EQ-1007,2026-08-31T21:47:16Z,29.9,63.3,136.5,730.0,0,0,0,0.331,0
CAT-EQ-1007,2026-08-31T22:47:16Z,23.1,61.3,136.5,730.8,0,0,0,0.309,0
CAT-EQ-1007,2026-08-31T23:47:16Z,5.3,59.1,136.5,731.6,0,0,0,0.307,0
CAT-EQ-1007,2026-09-01T00:47:16Z,12.7,58.2,136.5,732.4,0,0,0,0.392,0
CAT-EQ-1007,2026-09-01T01:47:16Z,20.1,56.5,136.5,733.2,0,0,0,0.313,0
CAT-EQ-1007,2026-09-01T02:47:16Z,94.5,55.9,136.5,734.0,1,0,0,0.682,1
CAT-EQ-1007,2026-09-01T03:47:16Z,23.9,55.3,136.5,734.8,0,0,0,0.133,0
CAT-EQ-1007,2026-09-01T04:47:16Z,10.6,53.8,136.5,735.6,0,0,0,0.177,0
CAT-EQ-1007,2026-09-01T05:47:16Z,5.5,52.6,136.5,736.4,0,0,0,0.397,0
CAT-EQ-1007,2026-09-01T06:47:16Z,12.4,51.3,136.5,737.2,0,0,0,0.407,0
CAT-EQ-1007,2026-09-01T07:47:16Z,5.2,49.5,136.5,738.0,0,0,0,0.206,0
CAT-EQ-1007,2026-09-01T08:47:16Z,0.0,48.9,136.7,738.0,0,0,0,0.352,0
CAT-EQ-1007,2026-09-01T09:47:16Z,0.0,47.7,136.9,738.0,0,0,0,0.21,0
CAT-EQ-1007,2026-09-01T10:47:16Z,0.0,45.6,137.1,738.0,0,0,0,0.297,0
CAT-EQ-1007,2026-09-01T11:47:16Z,0.0,44.8,137.3,738.0,0,0,0,0.367,0
CAT-EQ-1007,2026-09-01T12:47:16Z,0.0,43.0,137.5,738.0,0,0,0,0.163,0
CAT-EQ-1007,2026-09-01T13:47:16Z,0.0,41.4,137.7,738.0,0,0,0,0.235,0
CAT-EQ-1007,2026-09-01T14:47:16Z,0.0,39.5,137.9,738.0,0,0,0,0.417,0
CAT-EQ-1007,2026-09-01T15:47:16Z,0.0,38.2,138.1,738.0,0,0,0,0.155,0
CAT-EQ-1007,2026-09-01T16:47:16Z,0.0,37.2,138.3,738.0,0,0,0,0.369,0
CAT-EQ-1007,2026-09-01T17:47:16Z,0.0,36.3,138.5,738.0,0,0,0,0.311,0
CAT-EQ-1007,2026-09-01T18:47:16Z,0.0,35.8,138.7,738.0,0,0,0,0.224,0
CAT-EQ-1007,2026-09-01T19:47:16Z,0.0,33.9,138.9,738.0,0,0,0,0.206,0
CAT-EQ-1007,2026-09-01T20:47:16Z,24.5,95.0,138.9,738.8,0,1,0,0.835,1
CAT-EQ-1007,2026-09-01T21:47:16Z,6.2,94.1,138.9,739.6,0,0,0,0.271,0
CAT-EQ-1007,2026-09-01T22:47:16Z,94.5,93.3,138.9,740.4,1,0,0,0.635,1
CAT-EQ-1007,2026-09-01T23:47:16Z,8.7,91.6,138.9,741.2,0,0,0,0.28,0
CAT-EQ-1007,2026-09-02T00:47:16Z,14.2,89.9,138.9,742.0,0,0,0,0.414,0
CAT-EQ-1007,2026-09-02T01:47:16Z,10.7,88.1,138.9,742.8,0,0,0,0.182,0
CAT-EQ-1007,2026-09-02T02:47:16Z,29.1,86.1,138.9,743.6,0,0,0,0.216,0
CAT-EQ-1007,2026-09-02T03:47:16Z,12.2,84.8,138.9,744.4,0,0,0,0.203,0
CAT-EQ-1007,2026-09-02T04:47:16Z,23.9,82.8,138.9,745.2,0,0,0,0.441,0
CAT-EQ-1007,2026-09-02T05:47:16Z,15.7,82.2,138.9,746.0,0,0,0,0.414,0
CAT-EQ-1007,2026-09-02T06:47:16Z,15.5,81.4,138.9,746.8,0,0,0,0.212,0
CAT-EQ-1007,2026-09-02T07:47:16Z,18.7,79.7,138.9,747.6,0,0,0,0.124,0
CAT-EQ-1007,2026-09-02T08:47:16Z,0.0,78.2,139.1,747.6,0,0,0,0.32,0
CAT-EQ-1007,2026-09-02T09:47:16Z,0.0,77.2,139.3,747.6,0,0,0,0.27,0
CAT-EQ-1007,2026-09-02T10:47:16Z,0.0,76.6,139.5,747.6,0,0,0,0.281,0
CAT-EQ-1007,2026-09-02T11:47:16Z,0.0,75.3,139.7,747.6,0,0,0,0.2,0
CAT-EQ-1007,2026-09-02T12:47:16Z,0.0,74.8,139.9,747.6,0,0,0,0.259,0
CAT-EQ-1008,2026-08-19T13:47:16Z,0.0,93.0,139.2,871.3,0,0,0,0.344,0
CAT-EQ-1008,2026-08-19T14:47:16Z,0.0,91.9,139.4,871.3,0,0,0,0.233,0
CAT-EQ-1008,2026-08-19T15:47:16Z,0.0,90.6,139.6,871.3,0,0,0,0.136,0
CAT-EQ-1008,2026-08-19T16:47:16Z,0.0,88.9,139.8,871.3,0,0,0,0.409,0
CAT-EQ-1008,2026-08-19T17:47:16Z,0.0,87.5,140.0,871.3,0,0,0,0.196,0
CAT-EQ-1008,2026-08-19T18:47:16Z,0.0,85.6,140.2,871.3,0,0,0,0.202,0
CAT-EQ-1008,2026-08-19T19:47:16Z,0.0,83.6,140.4,871.3,0,0,0,0.382,0
CAT-EQ-1008,2026-08-19T20:47:16Z,17.2,82.6,140.4,872.1,0,0,0,0.271,0
CAT-EQ-1008,2026-08-19T21:47:16Z,25.9,80.8,140.4,872.9,0,0,0,0.191,0
CAT-EQ-1008,2026-08-19T22:47:16Z,16.0,80.0,140.4,873.7,0,0,0,0.348,0
CAT-EQ-1008,2026-08-19T23:47:16Z,25.8,79.3,140.4,874.5,0,0,0,0.145,0
CAT-EQ-1008,2026-08-20T00:47:16Z,19.2,78.2,140.4,875.3,0,0,0,0.119,0
CAT-EQ-1008,2026-08-20T01:47:16Z,15.5,77.0,140.4,876.1,0,0,0,0.181,0
CAT-EQ-1008,2026-08-20T02:47:16Z,13.0,75.2,140.4,876.9,0,0,0,0.403,0
CAT-EQ-1008,2026-08-20T03:47:16Z,6.8,73.2,140.4,877.7,0,0,0,0.165,0
CAT-EQ-1008,2026-08-20T04:47:16Z,24.7,71.8,140.4,878.5,0,0,0,0.345,0
CAT-EQ-1008,2026-08-20T05:47:16Z,94.5,69.6,140.4,879.3,1,0,0,0.907,1
CAT-EQ-1008,2026-08-20T06:47:16Z,14.3,68.0,140.4,880.1,0,0,0,0.327,0
CAT-EQ-1008,2026-08-20T07:47:16Z,18.2,66.3,140.4,880.9,0,0,0,0.15,0
CAT-EQ-1008,2026-08-20T08:47:16Z,0.0,64.6,140.6,880.9,0,0,0,0.299,0
CAT-EQ-1008,2026-08-20T09:47:16Z,0.0,62.9,140.8,880.9,0,0,0,0.355,0
CAT-EQ-1008,2026-08-20T10:47:16Z,0.0,61.3,141.0,880.9,0,0,0,0.374,0
CAT-EQ-1008,2026-08-20T11:47:16Z,0.0,60.8,141.2,880.9,0,0,0,0.378,0
CAT-EQ-1008,2026-08-20T12:47:16Z,0.0,58.9,141.4,880.9,0,0,0,0.281,0
CAT-EQ-1008,2026-08-20T13:47:16Z,0.0,57.7,141.6,880.9,0,0,0,0.29,0
CAT-EQ-1008,2026-08-20T14:47:16Z,0.0,56.5,141.8,880.9,0,0,0,0.108,0
CAT-EQ-1008,2026-08-20T15:47:16Z,0.0,54.3,142.0,880.9,0,0,0,0.353,0
CAT-EQ-1008,2026-08-20T16:47:16Z,0.0,53.2,142.2,880.9,0,0,0,0.189,0
CAT-EQ-1008,2026-08-20T17:47:16Z,0.0,51.2,142.4,880.9,0,0,0,0.445,0
CAT-EQ-1008,2026-08-20T18:47:16Z,0.0,49.5,142.6,880.9,0,0,0,0.151,0
CAT-EQ-1008,2026-08-20T19:47:16Z,0.0,48.8,142.8,880.9,0,0,0,0.117,0
CAT-EQ-1008,2026-08-20T20:47:16Z,21.3,24.8,142.8,881.7,0,1,0,0.737,1
CAT-EQ-1008,2026-08-20T21:47:16Z,16.9,23.1,142.8,882.5,0,0,0,0.407,0
CAT-EQ-1008,2026-08-20T22:47:16Z,10.4,21.5,142.8,883.3,0,0,0,0.189,0
CAT-EQ-1008,2026-08-20T23:47:16Z,6.7,20.9,142.8,884.1,0,0,0,0.219,0
CAT-EQ-1008,2026-08-21T00:47:16Z,22.2,95.0,142.8,884.9,0,0,0,0.176,0
CAT-EQ-1008,2026-08-21T01:47:16Z,12.8,94.2,142.8,885.7,0,0,0,0.423,0
CAT-EQ-1008,2026-08-21T02:47:16Z,17.9,93.5,142.8,886.5,0,0,0,0.192,0
CAT-EQ-1008,2026-08-21T03:47:16Z,7.3,91.5,142.8,887.3,0,0,0,0.242,0
CAT-EQ-1008,2026-08-21T04:47:16Z,20.2,90.6,142.8,888.1,0,0,0,0.137,0
CAT-EQ-1008,2026-08-21T05:47:16Z,17.9,89.2,142.8,888.9,0,0,0,0.3,0
CAT-EQ-1008,2026-08-21T06:47:16Z,25.7,87.5,142.8,889.7,0,0,0,0.156,0
CAT-EQ-1008,2026-08-21T07:47:16Z,6.6,85.5,142.8,890.5,0,0,0,0.173,0
CAT-EQ-1008,2026-08-21T08:47:16Z,0.0,84.1,143.0,890.5,0,0,0,0.254,0
CAT-EQ-1008,2026-08-21T09:47:16Z,0.0,83.0,143.2,890.5,0,0,0,0.33,0
CAT-EQ-1008,2026-08-21T10:47:16Z,0.0,82.0,143.4,890.5,0,0,0,0.133,0
CAT-EQ-1008,2026-08-21T11:47:16Z,0.0,80.9,143.6,890.5,0,0,0,0.289,0
CAT-EQ-1008,2026-08-21T12:47:16Z,0.0,79.5,143.8,890.5,0,0,0,0.385,0
CAT-EQ-1008,2026-08-21T13:47:16Z,0.0,55.5,144.0,890.5,0,1,0,0.655,1
CAT-EQ-1008,2026-08-21T14:47:16Z,0.0,53.7,144.2,890.5,0,0,0,0.327,0
CAT-EQ-1008,2026-08-21T15:47:16Z,0.0,52.6,144.4,890.5,0,0,0,0.212,0
CAT-EQ-1008,2026-08-21T16:47:16Z,0.0,51.6,144.6,890.5,0,0,0,0.381,0
CAT-EQ-1008,2026-08-21T17:47:16Z,0.0,49.5,144.8,890.5,0,0,0,0.265,0
CAT-EQ-1008,2026-08-21T18:47:16Z,0.0,47.9,145.0,890.5,0,0,0,0.403,0
CAT-EQ-1008,2026-08-21T19:47:16Z,0.0,46.1,145.2,890.5,0,0,0,0.433,0
CAT-EQ-1008,2026-08-21T20:47:16Z,7.9,45.4,145.2,891.3,0,0,0,0.328,0
CAT-EQ-1008,2026-08-21T21:47:16Z,28.0,44.7,145.2,892.1,0,0,0,0.126,0
CAT-EQ-1008,2026-08-21T22:47:16Z,25.7,43.9,145.2,892.9,0,0,0,0.411,0
CAT-EQ-1008,2026-08-21T23:47:16Z,29.1,42.0,145.2,893.7,0,0,0,0.264,0
CAT-EQ-1008,2026-08-22T00:47:16Z,23.9,39.9,145.2,894.5,0,0,0,0.304,0
CAT-EQ-1008,2026-08-22T01:47:16Z,16.9,38.7,145.2,895.3,0,0,0,0.259,0
CAT-EQ-1008,2026-08-22T02:47:16Z,12.4,37.6,145.2,896.1,0,0,0,0.373,0
CAT-EQ-1008,2026-08-22T03:47:16Z,5.4,36.8,145.2,896.9,0,0,0,0.148,0
CAT-EQ-1008,2026-08-22T04:47:16Z,21.9,35.0,145.2,897.7,0,0,0,0.164,0
CAT-EQ-1008,2026-08-22T05:47:16Z,25.9,34.0,145.2,898.5,0,0,0,0.107,0
CAT-EQ-1008,2026-08-22T06:47:16Z,22.3,33.5,145.2,899.3,0,0,0,0.324,0
CAT-EQ-1008,2026-08-22T07:47:16Z,7.9,31.7,145.2,900.1,0,0,0,0.348,0
CAT-EQ-1008,2026-08-22T08:47:16Z,0.0,31.1,145.4,900.1,0,0,0,0.296,0
CAT-EQ-1008,2026-08-22T09:47:16Z,0.0,29.2,145.6,900.1,0,0,0,0.402,0
CAT-EQ-1008,2026-08-22T10:47:16Z,0.0,28.2,145.8,900.1,0,0,0,0.225,0
CAT-EQ-1008,2026-08-22T11:47:16Z,0.0,27.5,146.0,900.1,0,0,0,0.132,0
CAT-EQ-1008,2026-08-22T12:47:16Z,0.0,25.5,146.2,900.1,0,0,0,0.322,0
CAT-EQ-1008,2026-08-22T13:47:16Z,0.0,24.5,146.4,900.1,0,0,0,0.132,0
CAT-EQ-1008,2026-08-22T14:47:16Z,0.0,23.8,146.6,900.1,0,0,0,0.151,0
CAT-EQ-1008,2026-08-22T15:47:16Z,0.0,22.4,146.8,900.1,0,0,0,0.416,0
CAT-EQ-1008,2026-08-22T16:47:16Z,0.0,21.7,147.0,900.1,0,0,0,0.341,0
CAT-EQ-1008,2026-08-22T17:47:16Z,0.0,21.1,147.2,900.1,0,0,0,0.206,0
CAT-EQ-1008,2026-08-22T18:47:16Z,0.0,20.1,147.4,900.1,0,0,0,0.218,0
CAT-EQ-1008,2026-08-22T19:47:16Z,0.0,95.0,147.6,900.1,0,0,0,0.355,0
CAT-EQ-1008,2026-08-22T20:47:16Z,27.0,94.1,147.6,900.9,0,0,0,0.418,0
CAT-EQ-1008,2026-08-22T21:47:16Z,14.5,93.3,147.6,901.7,0,0,0,0.12,0
CAT-EQ-1008,2026-08-22T22:47:16Z,5.9,91.8,147.6,902.5,0,0,0,0.14,0
CAT-EQ-1008,2026-08-22T23:47:16Z,5.1,90.4,147.6,903.3,0,0,0,0.444,0
CAT-EQ-1008,2026-08-23T00:47:16Z,10.8,89.3,147.6,904.1,0,0,0,0.163,0
CAT-EQ-1008,2026-08-23T01:47:16Z,22.1,87.2,147.6,904.9,0,0,0,0.246,0
CAT-EQ-1008,2026-08-23T02:47:16Z,7.2,85.8,147.6,905.7,0,0,0,0.384,0
CAT-EQ-1008,2026-08-23T03:47:16Z,8.5,84.4,147.6,906.5,0,0,0,0.366,0
CAT-EQ-1008,2026-08-23T04:47:16Z,12.6,83.5,147.6,907.3,0,0,0,0.222,0
CAT-EQ-1008,2026-08-23T05:47:16Z,22.9,81.3,147.6,908.1,0,0,0,0.292,0
CAT-EQ-1008,2026-08-23T06:47:16Z,10.3,79.3,147.6,908.9,0,0,0,0.312,0
CAT-EQ-1008,2026-08-23T07:47:16Z,20.5,77.9,147.6,909.7,0,0,0,0.149,0
CAT-EQ-1008,2026-08-23T08:47:16Z,0.0,75.7,147.8,909.7,0,0,0,0.11,0
CAT-EQ-1008,2026-08-23T09:47:16Z,0.0,74.4,148.0,909.7,0,0,0,0.278,0
CAT-EQ-1008,2026-08-23T10:47:16Z,0.0,73.6,148.2,909.7,0,0,0,0.176,0
CAT-EQ-1008,2026-08-23T11:47:16Z,0.0,72.2,148.4,909.7,0,0,0,0.131,0
CAT-EQ-1008,2026-08-23T12:47:16Z,0.0,70.4,148.6,909.7,0,0,0,0.16,0
CAT-EQ-1008,2026-08-23T13:47:16Z,0.0,69.2,148.8,909.7,0,0,0,0.104,0
CAT-EQ-1008,2026-08-23T14:47:16Z,0.0,67.6,149.0,909.7,0,0,0,0.386,0
CAT-EQ-1008,2026-08-23T15:47:16Z,0.0,66.0,149.2,909.7,0,0,0,0.439,0
CAT-EQ-1008,2026-08-23T16:47:16Z,0.0,64.5,149.4,909.7,0,0,0,0.137,0
CAT-EQ-1008,2026-08-23T17:47:16Z,0.0,63.2,149.6,909.7,0,0,0,0.311,0
CAT-EQ-1008,2026-08-23T18:47:16Z,0.0,61.8,149.8,909.7,0,0,0,0.436,0
CAT-EQ-1008,2026-08-23T19:47:16Z,0.0,59.7,150.0,909.7,0,0,0,0.202,0
CAT-EQ-1008,2026-08-23T20:47:16Z,24.3,58.5,150.0,910.5,0,0,0,0.3,0
CAT-EQ-1008,2026-08-23T21:47:16Z,28.8,56.6,150.0,911.3,0,0,0,0.132,0
CAT-EQ-1008,2026-08-23T22:47:16Z,18.3,54.4,150.0,912.1,0,0,0,0.406,0
CAT-EQ-1008,2026-08-23T23:47:16Z,14.0,53.6,150.0,912.9,0,0,0,0.163,0
CAT-EQ-1008,2026-08-24T00:47:16Z,28.7,52.5,150.0,913.7,0,0,0,0.182,0
CAT-EQ-1008,2026-08-24T01:47:16Z,5.4,51.8,150.0,914.5,0,0,0,0.322,0
CAT-EQ-1008,2026-08-24T02:47:16Z,6.6,51.2,150.0,915.3,0,0,0,0.439,0
CAT-EQ-1008,2026-08-24T03:47:16Z,15.0,49.0,150.0,916.1,0,0,0,0.243,0
CAT-EQ-1008,2026-08-24T04:47:16Z,10.3,47.9,150.0,916.9,0,0,0,0.433,0
CAT-EQ-1008,2026-08-24T05:47:16Z,21.0,46.9,150.0,917.7,0,0,0,0.349,0
CAT-EQ-1008,2026-08-24T06:47:16Z,8.5,45.8,150.0,918.5,0,0,0,0.322,0
CAT-EQ-1008,2026-08-24T07:47:16Z,29.9,43.8,150.0,919.3,0,0,0,0.367,0
CAT-EQ-1008,2026-08-24T08:47:16Z,0.0,41.7,150.2,919.3,0,0,0,0.372,0
CAT-EQ-1008,2026-08-24T09:47:16Z,0.0,40.5,150.4,919.3,0,0,0,0.227,0
CAT-EQ-1008,2026-08-24T10:47:16Z,0.0,39.7,150.6,919.3,0,0,0,0.233,0
CAT-EQ-1008,2026-08-24T11:47:16Z,0.0,38.2,150.8,919.3,0,0,0,0.406,0
CAT-EQ-1008,2026-08-24T12:47:16Z,0.0,37.3,151.0,919.3,0,0,0,0.359,0
CAT-EQ-1008,2026-08-24T13:47:16Z,0.0,36.2,151.2,919.3,0,0,0,0.156,0
CAT-EQ-1008,2026-08-24T14:47:16Z,0.0,34.9,151.4,919.3,0,0,0,0.21,0
CAT-EQ-1008,2026-08-24T15:47:16Z,0.0,33.1,151.6,919.3,0,0,0,0.102,0
CAT-EQ-1008,2026-08-24T16:47:16Z,0.0,32.2,151.8,919.3,0,0,0,0.37,0
CAT-EQ-1008,2026-08-24T17:47:16Z,0.0,30.2,152.0,919.3,0,0,0,0.441,0
CAT-EQ-1008,2026-08-24T18:47:16Z,0.0,29.2,152.2,919.3,0,0,0,0.367,0
CAT-EQ-1008,2026-08-24T19:47:16Z,0.0,28.6,152.4,919.3,0,0,0,0.161,0
CAT-EQ-1008,2026-08-24T20:47:16Z,11.7,28.1,152.4,920.1,0,0,0,0.421,0
CAT-EQ-1008,2026-08-24T21:47:16Z,24.0,26.4,152.4,920.9,0,0,0,0.272,0
CAT-EQ-1008,2026-08-24T22:47:16Z,8.5,24.8,152.4,921.7,0,0,0,0.439,0
CAT-EQ-1008,2026-08-24T23:47:16Z,5.1,23.6,152.4,922.5,0,0,0,0.138,0
CAT-EQ-1008,2026-08-25T00:47:16Z,6.0,23.1,152.4,923.3,0,0,0,0.165,0
CAT-EQ-1008,2026-08-25T01:47:16Z,19.1,21.1,152.4,924.1,0,0,0,0.193,0
CAT-EQ-1008,2026-08-25T02:47:16Z,22.1,20.2,152.4,924.9,0,0,0,0.365,0
CAT-EQ-1008,2026-08-25T03:47:16Z,9.7,95.0,152.4,925.7,0,0,0,0.302,0
CAT-EQ-1008,2026-08-25T04:47:16Z,11.9,94.2,152.4,926.5,0,0,0,0.293,0
CAT-EQ-1008,2026-08-25T05:47:16Z,26.0,92.6,152.4,927.3,0,0,0,0.227,0
CAT-EQ-1008,2026-08-25T06:47:16Z,10.6,91.5,152.4,928.1,0,0,0,0.191,0
CAT-EQ-1008,2026-08-25T07:47:16Z,23.9,89.6,152.4,928.9,0,0,0,0.213,0
CAT-EQ-1008,2026-08-25T08:47:16Z,0.0,87.5,152.6,928.9,0,0,0,0.365,0
CAT-EQ-1008,2026-08-25T09:47:16Z,0.0,86.9,152.8,928.9,0,0,0,0.165,0
CAT-EQ-1008,2026-08-25T10:47:16Z,0.0,86.1,153.0,928.9,0,0,0,0.449,0
CAT-EQ-1008,2026-08-25T11:47:16Z,0.0,85.1,153.2,928.9,0,0,0,0.352,0
CAT-EQ-1008,2026-08-25T12:47:16Z,0.0,83.3,153.4,928.9,0,0,0,0.364,0
CAT-EQ-1008,2026-08-25T13:47:16Z,0.0,82.6,153.6,928.9,0,0,0,0.237,0
CAT-EQ-1008,2026-08-25T14:47:16Z,0.0,82.0,153.8,928.9,0,0,0,0.391,0
CAT-EQ-1008,2026-08-25T15:47:16Z,0.0,81.1,154.0,928.9,0,0,0,0.126,0
CAT-EQ-1008,2026-08-25T16:47:16Z,0.0,80.0,154.2,928.9,0,0,0,0.315,0
CAT-EQ-1008,2026-08-25T17:47:16Z,0.0,78.1,154.4,928.9,0,0,0,0.247,0
CAT-EQ-1008,2026-08-25T18:47:16Z,0.0,76.0,154.6,928.9,0,0,0,0.374,0
CAT-EQ-1008,2026-08-25T19:47:16Z,0.0,74.6,154.8,928.9,0,0,0,0.22,0
CAT-EQ-1008,2026-08-25T20:47:16Z,28.4,74.0,154.8,929.7,0,0,0,0.24,0
CAT-EQ-1008,2026-08-25T21:47:16Z,14.2,73.2,154.8,930.5,0,0,0,0.189,0
CAT-EQ-1008,2026-08-25T22:47:16Z,16.8,71.9,154.8,931.3,0,0,0,0.351,0
CAT-EQ-1008,2026-08-25T23:47:16Z,12.3,70.9,154.8,932.1,0,0,0,0.348,0
CAT-EQ-1008,2026-08-26T00:47:16Z,21.2,69.8,154.8,932.9,0,0,0,0.113,0
CAT-EQ-1008,2026-08-26T01:47:16Z,21.3,68.5,154.8,933.7,0,0,0,0.212,0
CAT-EQ-1008,2026-08-26T02:47:16Z,15.2,66.8,154.8,934.5,0,0,0,0.416,0
CAT-EQ-1008,2026-08-26T03:47:16Z,29.0,66.0,154.8,935.3,0,0,0,0.25,0
CAT-EQ-1008,2026-08-26T04:47:16Z,22.1,64.6,154.8,936.1,0,0,0,0.155,0
CAT-EQ-1008,2026-08-26T05:47:16Z,19.8,64.0,154.8,936.9,0,0,0,0.261,0
CAT-EQ-1008,2026-08-26T06:47:16Z,24.5,63.3,154.8,937.7,0,0,0,0.1,0
CAT-EQ-1008,2026-08-26T07:47:16Z,21.1,61.7,154.8,938.5,0,0,0,0.169,0
CAT-EQ-1008,2026-08-26T08:47:16Z,0.0,61.2,155.0,938.5,0,0,0,0.372,0
CAT-EQ-1008,2026-08-26T09:47:16Z,0.0,60.3,155.2,938.5,0,0,0,0.41,0
CAT-EQ-1008,2026-08-26T10:47:16Z,0.0,59.2,155.4,938.5,0,0,0,0.276,0
CAT-EQ-1008,2026-08-26T11:47:16Z,0.0,58.3,155.6,938.5,0,0,0,0.312,0
CAT-EQ-1008,2026-08-26T12:47:16Z,0.0,57.1,155.8,938.5,0,0,0,0.204,0
CAT-EQ-1008,2026-08-26T13:47:16Z,0.0,56.3,156.0,938.5,0,0,0,0.134,0
CAT-EQ-1008,2026-08-26T14:47:16Z,0.0,54.9,156.2,938.5,0,0,0,0.117,0
CAT-EQ-1008,2026-08-26T15:47:16Z,0.0,54.0,156.4,938.5,0,0,0,0.209,0
CAT-EQ-1008,2026-08-26T16:47:16Z,0.0,52.6,156.6,938.5,0,0,0,0.183,0
CAT-EQ-1008,2026-08-26T17:47:16Z,0.0,51.8,156.8,938.5,0,0,0,0.335,0
CAT-EQ-1008,2026-08-26T18:47:16Z,0.0,50.2,157.0,938.5,0,0,0,0.183,0
CAT-EQ-1008,2026-08-26T19:47:16Z,0.0,49.5,157.2,938.5,0,0,0,0.186,0
CAT-EQ-1008,2026-08-26T20:47:16Z,94.5,48.0,157.2,939.3,1,0,0,0.769,1
CAT-EQ-1008,2026-08-26T21:47:16Z,6.2,47.1,157.2,940.1,0,0,0,0.438,0
CAT-EQ-1008,2026-08-26T22:47:16Z,27.8,46.1,157.2,940.9,0,0,0,0.378,0
CAT-EQ-1008,2026-08-26T23:47:16Z,21.8,45.3,157.2,941.7,0,0,0,0.128,0
CAT-EQ-1008,2026-08-27T00:47:16Z,7.8,43.8,157.2,942.5,0,0,0,0.191,0
CAT-EQ-1008,2026-08-27T01:47:16Z,14.1,42.6,157.2,943.3,0,0,0,0.31,0
CAT-EQ-1008,2026-08-27T02:47:16Z,16.3,41.3,157.2,944.1,0,0,0,0.364,0
CAT-EQ-1008,2026-08-27T03:47:16Z,17.5,40.1,157.2,944.9,0,0,0,0.147,0
CAT-EQ-1008,2026-08-27T04:47:16Z,15.0,38.9,157.2,945.7,0,0,0,0.227,0
CAT-EQ-1008,2026-08-27T05:47:16Z,10.2,36.9,157.2,946.5,0,0,0,0.447,0
CAT-EQ-1008,2026-08-27T06:47:16Z,9.1,34.8,157.2,947.3,0,0,0,0.233,0
CAT-EQ-1008,2026-08-27T07:47:16Z,6.7,33.7,157.2,948.1,0,0,0,0.176,0
CAT-EQ-1008,2026-08-27T08:47:16Z,0.0,33.1,157.4,948.1,0,0,0,0.339,0
CAT-EQ-1008,2026-08-27T09:47:16Z,0.0,31.9,157.6,948.1,0,0,0,0.31,0
CAT-EQ-1008,2026-08-27T10:47:16Z,0.0,31.1,157.8,948.1,0,0,0,0.11,0
CAT-EQ-1008,2026-08-27T11:47:16Z,0.0,29.7,158.0,948.1,0,0,0,0.416,0
CAT-EQ-1008,2026-08-27T12:47:16Z,0.0,28.2,158.2,948.1,0,0,0,0.11,0
CAT-EQ-1008,2026-08-27T13:47:16Z,0.0,26.7,158.4,948.1,0,0,0,0.179,0
CAT-EQ-1008,2026-08-27T14:47:16Z,0.0,25.2,158.6,948.1,0,0,0,0.373,0
CAT-EQ-1008,2026-08-27T15:47:16Z,0.0,24.5,158.8,948.1,0,0,0,0.12,0
CAT-EQ-1008,2026-08-27T16:47:16Z,0.0,23.9,159.0,948.1,0,0,0,0.36,0
CAT-EQ-1008,2026-08-27T17:47:16Z,0.0,23.3,159.2,948.1,0,0,0,0.155,0
CAT-EQ-1008,2026-08-27T18:47:16Z,0.0,22.7,159.4,948.1,0,0,0,0.304,0
CAT-EQ-1008,2026-08-27T19:47:16Z,0.0,22.1,159.6,948.1,0,0,0,0.257,0
CAT-EQ-1008,2026-08-27T20:47:16Z,20.3,20.5,159.6,948.9,0,0,0,0.2,0
CAT-EQ-1008,2026-08-27T21:47:16Z,20.4,95.0,159.6,949.7,0,0,0,0.143,0
CAT-EQ-1008,2026-08-27T22:47:16Z,12.0,92.8,159.6,950.5,0,0,0,0.294,0
CAT-EQ-1008,2026-08-27T23:47:16Z,18.4,90.7,159.6,951.3,0,0,0,0.321,0
CAT-EQ-1008,2026-08-28T00:47:16Z,22.1,89.5,159.6,952.1,0,0,0,0.17,0
CAT-EQ-1008,2026-08-28T01:47:16Z,7.4,88.4,159.6,952.9,0,0,0,0.361,0
CAT-EQ-1008,2026-08-28T02:47:16Z,23.8,86.8,159.6,953.7,0,0,0,0.277,0
CAT-EQ-1008,2026-08-28T03:47:16Z,7.2,84.9,159.6,954.5,0,0,0,0.41,0
CAT-EQ-1008,2026-08-28T04:47:16Z,6.3,83.2,159.6,955.3,0,0,0,0.388,0
CAT-EQ-1008,2026-08-28T05:47:16Z,17.5,82.4,159.6,956.1,0,0,0,0.236,0
CAT-EQ-1008,2026-08-28T06:47:16Z,25.1,81.7,159.6,956.9,0,0,0,0.315,0
CAT-EQ-1008,2026-08-28T07:47:16Z,18.2,79.7,159.6,957.7,0,0,0,0.12,0
CAT-EQ-1008,2026-08-28T08:47:16Z,0.0,78.6,159.8,957.7,0,0,0,0.217,0
CAT-EQ-1008,2026-08-28T09:47:16Z,0.0,76.6,160.0,957.7,0,0,0,0.309,0
CAT-EQ-1008,2026-08-28T10:47:16Z,0.0,75.9,160.2,957.7,0,0,0,0.356,0
CAT-EQ-1008,2026-08-28T11:47:16Z,0.0,73.8,160.4,957.7,0,0,0,0.137,0
CAT-EQ-1008,2026-08-28T12:47:16Z,0.0,72.3,160.6,957.7,0,0,0,0.408,0
CAT-EQ-1008,2026-08-28T13:47:16Z,0.0,70.1,160.8,957.7,0,0,0,0.273,0
CAT-EQ-1008,2026-08-28T14:47:16Z,0.0,68.0,161.0,957.7,0,0,0,0.347,0
CAT-EQ-1008,2026-08-28T15:47:16Z,0.0,66.4,161.2,957.7,0,0,0,0.191,0
CAT-EQ-1008,2026-08-28T16:47:16Z,0.0,64.6,161.4,957.7,0,0,0,0.133,0
CAT-EQ-1008,2026-08-28T17:47:16Z,0.0,63.1,161.6,957.7,0,0,0,0.265,0
CAT-EQ-1008,2026-08-28T18:47:16Z,0.0,62.0,161.8,957.7,0,0,0,0.306,0
CAT-EQ-1008,2026-08-28T19:47:16Z,0.0,60.0,162.0,957.7,0,0,0,0.32,0
CAT-EQ-1008,2026-08-28T20:47:16Z,27.9,58.5,162.0,958.5,0,0,0,0.261,0
CAT-EQ-1008,2026-08-28T21:47:16Z,20.9,56.4,162.0,959.3,0,0,0,0.278,0
CAT-EQ-1008,2026-08-28T22:47:16Z,6.7,55.1,162.0,960.1,0,0,0,0.267,0
CAT-EQ-1008,2026-08-28T23:47:16Z,8.4,54.1,162.0,960.9,0,0,0,0.207,0
CAT-EQ-1008,2026-08-29T00:47:16Z,21.3,52.0,162.0,961.7,0,0,0,0.408,0
CAT-EQ-1008,2026-08-29T01:47:16Z,26.0,50.8,162.0,962.5,0,0,0,0.182,0
CAT-EQ-1008,2026-08-29T02:47:16Z,12.8,49.4,162.0,963.3,0,0,0,0.194,0
CAT-EQ-1008,2026-08-29T03:47:16Z,12.4,48.4,162.0,964.1,0,0,0,0.155,0
CAT-EQ-1008,2026-08-29T04:47:16Z,12.0,47.9,162.0,964.9,0,0,0,0.223,0
CAT-EQ-1008,2026-08-29T05:47:16Z,27.4,46.5,162.0,965.7,0,0,0,0.246,0
CAT-EQ-1008,2026-08-29T06:47:16Z,11.8,45.8,162.0,966.5,0,0,0,0.289,0
CAT-EQ-1008,2026-08-29T07:47:16Z,22.7,44.8,162.0,967.3,0,0,0,0.394,0
CAT-EQ-1008,2026-08-29T08:47:16Z,0.0,43.2,162.2,967.3,0,0,0,0.235,0
CAT-EQ-1008,2026-08-29T09:47:16Z,0.0,41.4,162.4,967.3,0,0,0,0.234,0
CAT-EQ-1008,2026-08-29T10:47:16Z,0.0,39.9,162.6,967.3,0,0,0,0.435,0
CAT-EQ-1008,2026-08-29T11:47:16Z,0.0,38.8,162.8,967.3,0,0,0,0.248,0
CAT-EQ-1008,2026-08-29T12:47:16Z,0.0,37.7,163.0,967.3,0,0,0,0.299,0
CAT-EQ-1008,2026-08-29T13:47:16Z,0.0,35.8,163.2,967.3,0,0,0,0.337,0
CAT-EQ-1008,2026-08-29T14:47:16Z,0.0,33.9,163.4,967.3,0,0,0,0.321,0
CAT-EQ-1008,2026-08-29T15:47:16Z,0.0,95.0,163.6,967.3,0,1,0,0.861,1
CAT-EQ-1008,2026-08-29T16:47:16Z,0.0,93.1,163.8,967.3,0,0,0,0.181,0
CAT-EQ-1008,2026-08-29T17:47:16Z,0.0,92.0,164.0,967.3,0,0,0,0.233,0
CAT-EQ-1008,2026-08-29T18:47:16Z,0.0,91.4,164.2,967.3,0,0,0,0.384,0
CAT-EQ-1008,2026-08-29T19:47:16Z,0.0,90.0,164.4,967.3,0,0,0,0.147,0
CAT-EQ-1008,2026-08-29T20:47:16Z,13.2,88.9,164.4,968.1,0,0,0,0.222,0
CAT-EQ-1008,2026-08-29T21:47:16Z,29.4,86.8,164.4,968.9,0,0,0,0.313,0
CAT-EQ-1008,2026-08-29T22:47:16Z,27.0,84.8,164.4,969.7,0,0,0,0.417,0
CAT-EQ-1008,2026-08-29T23:47:16Z,26.8,83.8,164.4,970.5,0,0,0,0.242,0
CAT-EQ-1008,2026-08-30T00:47:16Z,6.1,82.4,164.4,971.3,0,0,0,0.379,0
CAT-EQ-1008,2026-08-30T01:47:16Z,13.5,81.1,164.4,972.1,0,0,0,0.359,0
CAT-EQ-1008,2026-08-30T02:47:16Z,20.3,79.0,164.4,972.9,0,0,0,0.314,0
CAT-EQ-1008,2026-08-30T03:47:16Z,11.5,77.7,164.4,973.7,0,0,0,0.405,0
CAT-EQ-1008,2026-08-30T04:47:16Z,26.7,75.8,164.4,974.5,0,0,0,0.128,0
CAT-EQ-1008,2026-08-30T05:47:16Z,29.1,73.9,164.4,975.3,0,0,0,0.257,0
CAT-EQ-1008,2026-08-30T06:47:16Z,13.4,72.7,164.4,976.1,0,0,0,0.127,0
CAT-EQ-1008,2026-08-30T07:47:16Z,23.2,72.0,164.4,976.9,0,0,0,0.297,0
CAT-EQ-1008,2026-08-30T08:47:16Z,0.0,71.0,164.6,976.9,0,0,0,0.314,0
CAT-EQ-1008,2026-08-30T09:47:16Z,0.0,69.7,164.8,976.9,0,0,0,0.424,0
CAT-EQ-1008,2026-08-30T10:47:16Z,0.0,68.1,165.0,976.9,0,0,0,0.348,0
CAT-EQ-1008,2026-08-30T11:47:16Z,0.0,67.0,165.2,976.9,0,0,0,0.362,0
CAT-EQ-1008,2026-08-30T12:47:16Z,0.0,65.5,165.4,976.9,0,0,0,0.288,0
CAT-EQ-1008,2026-08-30T13:47:16Z,0.0,64.3,165.6,976.9,0,0,0,0.146,0
CAT-EQ-1008,2026-08-30T14:47:16Z,0.0,62.3,165.8,976.9,0,0,0,0.45,0
CAT-EQ-1008,2026-08-30T15:47:16Z,0.0,61.2,166.0,976.9,0,0,0,0.376,0
CAT-EQ-1008,2026-08-30T16:47:16Z,0.0,60.2,166.2,976.9,0,0,0,0.366,0
CAT-EQ-1008,2026-08-30T17:47:16Z,0.0,59.7,166.4,976.9,0,0,0,0.223,0
CAT-EQ-1008,2026-08-30T18:47:16Z,0.0,59.1,166.6,976.9,0,0,0,0.254,0
CAT-EQ-1008,2026-08-30T19:47:16Z,0.0,58.5,166.8,976.9,0,0,0,0.101,0
CAT-EQ-1008,2026-08-30T20:47:16Z,12.3,57.7,166.8,977.7,0,0,0,0.261,0
CAT-EQ-1008,2026-08-30T21:47:16Z,18.1,56.9,166.8,978.5,0,0,0,0.431,0
CAT-EQ-1008,2026-08-30T22:47:16Z,23.7,55.9,166.8,979.3,0,0,0,0.278,0
CAT-EQ-1008,2026-08-30T23:47:16Z,19.9,55.0,166.8,980.1,0,0,0,0.153,0
CAT-EQ-1008,2026-08-31T00:47:16Z,10.6,53.7,166.8,980.9,0,0,0,0.257,0
CAT-EQ-1008,2026-08-31T01:47:16Z,10.5,52.7,166.8,981.7,0,0,0,0.25,0
CAT-EQ-1008,2026-08-31T02:47:16Z,21.9,50.6,166.8,982.5,0,0,0,0.114,0
CAT-EQ-1008,2026-08-31T03:47:16Z,20.4,49.1,166.8,983.3,0,0,0,0.274,0
CAT-EQ-1008,2026-08-31T04:47:16Z,24.3,48.1,166.8,984.1,0,0,0,0.276,0
CAT-EQ-1008,2026-08-31T05:47:16Z,13.4,46.8,166.8,984.9,0,0,0,0.389,0
CAT-EQ-1008,2026-08-31T06:47:16Z,5.7,45.7,166.8,985.7,0,0,0,0.109,0
CAT-EQ-1008,2026-08-31T07:47:16Z,26.8,44.4,166.8,986.5,0,0,0,0.256,0
CAT-EQ-1008,2026-08-31T08:47:16Z,0.0,43.4,167.0,986.5,0,0,0,0.372,0
CAT-EQ-1008,2026-08-31T09:47:16Z,0.0,41.6,167.2,986.5,0,0,0,0.398,0
CAT-EQ-1008,2026-08-31T10:47:16Z,0.0,40.4,167.4,986.5,0,0,0,0.185,0
CAT-EQ-1008,2026-08-31T11:47:16Z,0.0,39.5,167.6,986.5,0,0,0,0.329,0
CAT-EQ-1008,2026-08-31T12:47:16Z,0.0,37.4,167.8,986.5,0,0,0,0.146,0
CAT-EQ-1008,2026-08-31T13:47:16Z,0.0,35.8,168.0,986.5,0,0,0,0.105,0
CAT-EQ-1008,2026-08-31T14:47:16Z,0.0,35.3,168.2,986.5,0,0,0,0.125,0
CAT-EQ-1008,2026-08-31T15:47:16Z,0.0,33.8,168.4,986.5,0,0,0,0.247,0
CAT-EQ-1008,2026-08-31T16:47:16Z,0.0,32.3,168.6,986.5,0,0,0,0.392,0
CAT-EQ-1008,2026-08-31T17:47:16Z,0.0,31.6,168.8,986.5,0,0,0,0.362,0
CAT-EQ-1008,2026-08-31T18:47:16Z,0.0,30.4,169.0,986.5,0,0,0,0.265,0
CAT-EQ-1008,2026-08-31T19:47:16Z,0.0,28.8,169.2,986.5,0,0,0,0.334,0
CAT-EQ-1008,2026-08-31T20:47:16Z,12.0,27.6,169.2,987.3,0,0,0,0.234,0
CAT-EQ-1008,2026-08-31T21:47:16Z,27.1,26.5,169.2,988.1,0,0,0,0.442,0
CAT-EQ-1008,2026-08-31T22:47:16Z,19.7,25.9,169.2,988.9,0,0,0,0.342,0
CAT-EQ-1008,2026-08-31T23:47:16Z,5.1,24.5,169.2,989.7,0,0,0,0.21,0
CAT-EQ-1008,2026-09-01T00:47:16Z,26.0,23.3,169.2,990.5,0,0,0,0.119,0
CAT-EQ-1008,2026-09-01T01:47:16Z,6.7,22.2,169.2,991.3,0,0,0,0.404,0
CAT-EQ-1008,2026-09-01T02:47:16Z,10.3,20.9,169.2,992.1,0,0,0,0.191,0
CAT-EQ-1008,2026-09-01T03:47:16Z,12.5,20.1,169.2,992.9,0,0,0,0.106,0
CAT-EQ-1008,2026-09-01T04:47:16Z,27.4,95.0,169.2,993.7,0,0,0,0.179,0
CAT-EQ-1008,2026-09-01T05:47:16Z,13.9,93.3,169.2,994.5,0,0,0,0.209,0
CAT-EQ-1008,2026-09-01T06:47:16Z,26.7,92.5,169.2,995.3,0,0,0,0.127,0
CAT-EQ-1008,2026-09-01T07:47:16Z,94.5,91.4,169.2,996.1,1,0,0,0.746,1
CAT-EQ-1008,2026-09-01T08:47:16Z,0.0,90.3,169.4,996.1,0,0,0,0.372,0
CAT-EQ-1008,2026-09-01T09:47:16Z,0.0,89.6,169.6,996.1,0,0,0,0.407,0
CAT-EQ-1008,2026-09-01T10:47:16Z,0.0,88.1,169.8,996.1,0,0,0,0.378,0
CAT-EQ-1008,2026-09-01T11:47:16Z,0.0,85.9,170.0,996.1,0,0,0,0.383,0
CAT-EQ-1008,2026-09-01T12:47:16Z,0.0,85.2,170.2,996.1,0,0,0,0.162,0
CAT-EQ-1008,2026-09-01T13:47:16Z,0.0,84.5,170.4,996.1,0,0,0,0.434,0
CAT-EQ-1008,2026-09-01T14:47:16Z,0.0,82.7,170.6,996.1,0,0,0,0.436,0
CAT-EQ-1008,2026-09-01T15:47:16Z,0.0,81.6,170.8,996.1,0,0,0,0.444,0
CAT-EQ-1008,2026-09-01T16:47:16Z,0.0,80.9,171.0,996.1,0,0,0,0.262,0
CAT-EQ-1008,2026-09-01T17:47:16Z,0.0,79.0,171.2,996.1,0,0,0,0.136,0
CAT-EQ-1008,2026-09-01T18:47:16Z,0.0,77.7,171.4,996.1,0,0,0,0.131,0
CAT-EQ-1008,2026-09-01T19:47:16Z,0.0,76.7,171.6,996.1,0,0,0,0.227,0
CAT-EQ-1008,2026-09-01T20:47:16Z,26.2,76.2,171.6,996.9,0,0,0,0.104,0
CAT-EQ-1008,2026-09-01T21:47:16Z,16.0,74.1,171.6,997.7,0,0,0,0.243,0
CAT-EQ-1008,2026-09-01T22:47:16Z,20.3,73.1,171.6,998.5,0,0,0,0.251,0
CAT-EQ-1008,2026-09-01T23:47:16Z,23.7,72.1,171.6,999.3,0,0,0,0.164,0
CAT-EQ-1008,2026-09-02T00:47:16Z,19.8,70.1,171.6,1000.1,0,0,0,0.119,0
CAT-EQ-1008,2026-09-02T01:47:16Z,12.7,68.4,171.6,1000.9,0,0,0,0.137,0
CAT-EQ-1008,2026-09-02T02:47:16Z,22.4,66.7,171.6,1001.7,0,0,0,0.364,0
CAT-EQ-1008,2026-09-02T03:47:16Z,26.0,66.0,171.6,1002.5,0,0,0,0.359,0
CAT-EQ-1008,2026-09-02T04:47:16Z,15.1,63.9,171.6,1003.3,0,0,0,0.384,0
CAT-EQ-1008,2026-09-02T05:47:16Z,13.9,62.1,171.6,1004.1,0,0,0,0.234,0
CAT-EQ-1008,2026-09-02T06:47:16Z,8.7,60.7,171.6,1004.9,0,0,0,0.361,0
CAT-EQ-1008,2026-09-02T07:47:16Z,5.3,58.9,171.6,1005.7,0,0,0,0.322,0
CAT-EQ-1008,2026-09-02T08:47:16Z,0.0,57.4,171.8,1005.7,0,0,0,0.155,0
CAT-EQ-1008,2026-09-02T09:47:16Z,0.0,55.8,172.0,1005.7,0,0,0,0.219,0
CAT-EQ-1008,2026-09-02T10:47:16Z,0.0,53.9,172.2,1005.7,0,0,0,0.151,0
CAT-EQ-1008,2026-09-02T11:47:16Z,0.0,53.1,172.4,1005.7,0,0,0,0.337,0
CAT-EQ-1008,2026-09-02T12:47:16Z,0.0,51.5,172.6,1005.7,0,0,0,0.321,0
CAT-EQ-1009,2026-08-19T13:47:16Z,0.0,94.5,32.1,1122.4,0,0,0,0.192,0
CAT-EQ-1009,2026-08-19T14:47:16Z,0.0,93.4,32.3,1122.4,0,0,0,0.382,0
CAT-EQ-1009,2026-08-19T15:47:16Z,0.0,92.4,32.5,1122.4,0,0,0,0.405,0
CAT-EQ-1009,2026-08-19T16:47:16Z,0.0,90.9,32.7,1122.4,0,0,0,0.341,0
CAT-EQ-1009,2026-08-19T17:47:16Z,0.0,89.7,32.9,1122.4,0,0,0,0.382,0
CAT-EQ-1009,2026-08-19T18:47:16Z,0.0,88.3,33.1,1122.4,0,0,0,0.408,0
CAT-EQ-1009,2026-08-19T19:47:16Z,0.0,86.3,33.3,1122.4,0,0,0,0.126,0
CAT-EQ-1009,2026-08-19T20:47:16Z,14.7,85.5,33.3,1123.2,0,0,0,0.108,0
CAT-EQ-1009,2026-08-19T21:47:16Z,7.2,84.7,33.3,1124.0,0,0,0,0.269,0
CAT-EQ-1009,2026-08-19T22:47:16Z,19.7,82.7,33.3,1124.8,0,0,0,0.175,0
CAT-EQ-1009,2026-08-19T23:47:16Z,5.4,81.0,33.3,1125.6,0,0,0,0.379,0
CAT-EQ-1009,2026-08-20T00:47:16Z,24.1,78.9,33.3,1126.4,0,0,0,0.306,0
CAT-EQ-1009,2026-08-20T01:47:16Z,23.8,77.1,33.3,1127.2,0,0,0,0.254,0
CAT-EQ-1009,2026-08-20T02:47:16Z,19.0,75.0,33.3,1128.0,0,0,0,0.12,0
CAT-EQ-1009,2026-08-20T03:47:16Z,19.1,73.2,33.3,1128.8,0,0,0,0.19,0
CAT-EQ-1009,2026-08-20T04:47:16Z,17.8,71.8,33.3,1129.6,0,0,0,0.216,0
CAT-EQ-1009,2026-08-20T05:47:16Z,22.2,70.7,33.3,1130.4,0,0,0,0.332,0
CAT-EQ-1009,2026-08-20T06:47:16Z,26.8,69.0,33.3,1131.2,0,0,0,0.139,0
CAT-EQ-1009,2026-08-20T07:47:16Z,10.5,67.8,33.3,1132.0,0,0,0,0.287,0
CAT-EQ-1009,2026-08-20T08:47:16Z,0.0,66.5,33.5,1132.0,0,0,0,0.276,0
CAT-EQ-1009,2026-08-20T09:47:16Z,0.0,65.5,33.7,1132.0,0,0,0,0.194,0
CAT-EQ-1009,2026-08-20T10:47:16Z,0.0,64.0,33.9,1132.0,0,0,0,0.225,0
CAT-EQ-1009,2026-08-20T11:47:16Z,0.0,63.0,34.1,1132.0,0,0,0,0.215,0
CAT-EQ-1009,2026-08-20T12:47:16Z,0.0,61.3,34.3,1132.0,0,0,0,0.26,0
CAT-EQ-1009,2026-08-20T13:47:16Z,0.0,60.7,34.5,1132.0,0,0,0,0.235,0
CAT-EQ-1009,2026-08-20T14:47:16Z,0.0,59.4,34.7,1132.0,0,0,0,0.362,0
CAT-EQ-1009,2026-08-20T15:47:16Z,0.0,58.1,34.9,1132.0,0,0,0,0.315,0
CAT-EQ-1009,2026-08-20T16:47:16Z,0.0,56.3,35.1,1132.0,0,0,0,0.41,0
CAT-EQ-1009,2026-08-20T17:47:16Z,0.0,54.8,35.3,1132.0,0,0,0,0.42,0
CAT-EQ-1009,2026-08-20T18:47:16Z,0.0,53.7,35.5,1132.0,0,0,0,0.392,0
CAT-EQ-1009,2026-08-20T19:47:16Z,0.0,53.1,35.7,1132.0,0,0,0,0.266,0
CAT-EQ-1009,2026-08-20T20:47:16Z,21.0,52.4,35.7,1132.8,0,0,0,0.361,0
CAT-EQ-1009,2026-08-20T21:47:16Z,12.6,51.2,35.7,1133.6,0,0,0,0.282,0
CAT-EQ-1009,2026-08-20T22:47:16Z,11.4,50.6,35.7,1134.4,0,0,0,0.112,0
CAT-EQ-1009,2026-08-20T23:47:16Z,5.2,49.2,35.7,1135.2,0,0,0,0.405,0
CAT-EQ-1009,2026-08-21T00:47:16Z,16.0,47.8,35.7,1136.0,0,0,0,0.137,0
CAT-EQ-1009,2026-08-21T01:47:16Z,13.6,47.2,35.7,1136.8,0,0,0,0.238,0
CAT-EQ-1009,2026-08-21T02:47:16Z,20.4,45.2,35.7,1137.6,0,0,0,0.345,0
CAT-EQ-1009,2026-08-21T03:47:16Z,17.4,44.3,35.7,1138.4,0,0,0,0.205,0
CAT-EQ-1009,2026-08-21T04:47:16Z,19.3,42.6,35.7,1139.2,0,0,0,0.256,0
CAT-EQ-1009,2026-08-21T05:47:16Z,20.7,41.5,35.7,1140.0,0,0,0,0.408,0
CAT-EQ-1009,2026-08-21T06:47:16Z,28.7,39.5,35.7,1140.8,0,0,0,0.295,0
CAT-EQ-1009,2026-08-21T07:47:16Z,26.5,37.5,35.7,1141.6,0,0,0,0.156,0
CAT-EQ-1009,2026-08-21T08:47:16Z,0.0,35.4,35.9,1141.6,0,0,0,0.279,0
CAT-EQ-1009,2026-08-21T09:47:16Z,0.0,34.2,36.1,1141.6,0,0,0,0.391,0
CAT-EQ-1009,2026-08-21T10:47:16Z,0.0,32.4,36.3,1141.6,0,0,0,0.135,0
CAT-EQ-1009,2026-08-21T11:47:16Z,0.0,31.2,36.5,1141.6,0,0,0,0.341,0
CAT-EQ-1009,2026-08-21T12:47:16Z,0.0,29.7,36.7,1141.6,0,0,0,0.135,0
CAT-EQ-1009,2026-08-21T13:47:16Z,0.0,28.9,36.9,1141.6,0,0,0,0.281,0
CAT-EQ-1009,2026-08-21T14:47:16Z,0.0,27.6,37.1,1141.6,0,0,0,0.233,0
CAT-EQ-1009,2026-08-21T15:47:16Z,0.0,26.3,37.3,1141.6,0,0,0,0.314,0
CAT-EQ-1009,2026-08-21T16:47:16Z,0.0,24.7,37.5,1141.6,0,0,0,0.251,0
CAT-EQ-1009,2026-08-21T17:47:16Z,0.0,23.6,37.7,1141.6,0,0,0,0.433,0
CAT-EQ-1009,2026-08-21T18:47:16Z,0.0,22.7,37.9,1141.6,0,0,0,0.27,0
CAT-EQ-1009,2026-08-21T19:47:16Z,0.0,21.7,38.1,1141.6,0,0,0,0.308,0
CAT-EQ-1009,2026-08-21T20:47:16Z,16.7,21.0,38.1,1142.4,0,0,0,0.262,0
CAT-EQ-1009,2026-08-21T21:47:16Z,26.5,20.0,38.1,1143.2,0,0,0,0.331,0
CAT-EQ-1009,2026-08-21T22:47:16Z,22.4,95.0,38.1,1144.0,0,0,0,0.24,0
CAT-EQ-1009,2026-08-21T23:47:16Z,7.6,93.3,38.1,1144.8,0,0,0,0.287,0
CAT-EQ-1009,2026-08-22T00:47:16Z,26.9,91.6,38.1,1145.6,0,0,0,0.288,0
CAT-EQ-1009,2026-08-22T01:47:16Z,29.2,89.8,38.1,1146.4,0,0,0,0.393,0
CAT-EQ-1009,2026-08-22T02:47:16Z,17.1,88.7,38.1,1147.2,0,0,0,0.241,0
CAT-EQ-1009,2026-08-22T03:47:16Z,8.9,86.6,38.1,1148.0,0,0,0,0.168,0
CAT-EQ-1009,2026-08-22T04:47:16Z,9.2,84.8,38.1,1148.8,0,0,0,0.205,0
CAT-EQ-1009,2026-08-22T05:47:16Z,16.6,82.6,38.1,1149.6,0,0,0,0.189,0
CAT-EQ-1009,2026-08-22T06:47:16Z,29.5,80.7,38.1,1150.4,0,0,0,0.202,0
CAT-EQ-1009,2026-08-22T07:47:16Z,18.9,78.5,38.1,1151.2,0,0,0,0.429,0
CAT-EQ-1009,2026-08-22T08:47:16Z,0.0,78.0,38.3,1151.2,0,0,0,0.389,0
CAT-EQ-1009,2026-08-22T09:47:16Z,0.0,76.9,38.5,1151.2,0,0,0,0.114,0
CAT-EQ-1009,2026-08-22T10:47:16Z,0.0,74.8,38.7,1151.2,0,0,0,0.194,0
CAT-EQ-1009,2026-08-22T11:47:16Z,0.0,73.1,38.9,1151.2,0,0,0,0.21,0
CAT-EQ-1009,2026-08-22T12:47:16Z,0.0,72.3,39.1,1151.2,0,0,0,0.384,0
CAT-EQ-1009,2026-08-22T13:47:16Z,0.0,70.5,39.3,1151.2,0,0,0,0.337,0
CAT-EQ-1009,2026-08-22T14:47:16Z,0.0,69.3,39.5,1151.2,0,0,0,0.336,0
CAT-EQ-1009,2026-08-22T15:47:16Z,0.0,68.1,39.7,1151.2,0,0,0,0.146,0
CAT-EQ-1009,2026-08-22T16:47:16Z,0.0,67.4,39.9,1151.2,0,0,0,0.387,0
CAT-EQ-1009,2026-08-22T17:47:16Z,0.0,66.8,40.1,1151.2,0,0,0,0.419,0
CAT-EQ-1009,2026-08-22T18:47:16Z,0.0,65.8,40.3,1151.2,0,0,0,0.398,0
CAT-EQ-1009,2026-08-22T19:47:16Z,0.0,64.1,40.5,1151.2,0,0,0,0.369,0
CAT-EQ-1009,2026-08-22T20:47:16Z,27.1,61.9,40.5,1152.0,0,0,0,0.441,0
CAT-EQ-1009,2026-08-22T21:47:16Z,21.7,60.3,40.5,1152.8,0,0,0,0.32,0
CAT-EQ-1009,2026-08-22T22:47:16Z,26.1,58.4,40.5,1153.6,0,0,0,0.22,0
CAT-EQ-1009,2026-08-22T23:47:16Z,28.7,56.6,40.5,1154.4,0,0,0,0.348,0
CAT-EQ-1009,2026-08-23T00:47:16Z,25.0,54.8,40.5,1155.2,0,0,0,0.136,0
CAT-EQ-1009,2026-08-23T01:47:16Z,25.3,53.0,40.5,1156.0,0,0,0,0.33,0
CAT-EQ-1009,2026-08-23T02:47:16Z,13.1,50.9,40.5,1156.8,0,0,0,0.291,0
CAT-EQ-1009,2026-08-23T03:47:16Z,25.2,49.4,40.5,1157.6,0,0,0,0.366,0
CAT-EQ-1009,2026-08-23T04:47:16Z,16.3,48.2,40.5,1158.4,0,0,0,0.231,0
CAT-EQ-1009,2026-08-23T05:47:16Z,25.5,47.5,40.5,1159.2,0,0,0,0.286,0
CAT-EQ-1009,2026-08-23T06:47:16Z,26.3,46.7,40.5,1160.0,0,0,0,0.438,0
CAT-EQ-1009,2026-08-23T07:47:16Z,22.2,44.8,40.5,1160.8,0,0,0,0.308,0
CAT-EQ-1009,2026-08-23T08:47:16Z,0.0,43.5,40.7,1160.8,0,0,0,0.373,0
CAT-EQ-1009,2026-08-23T09:47:16Z,0.0,42.9,40.9,1160.8,0,0,0,0.11,0
CAT-EQ-1009,2026-08-23T10:47:16Z,0.0,42.0,41.1,1160.8,0,0,0,0.121,0
CAT-EQ-1009,2026-08-23T11:47:16Z,0.0,41.2,41.3,1160.8,0,0,0,0.168,0
CAT-EQ-1009,2026-08-23T12:47:16Z,0.0,40.0,41.5,1160.8,0,0,0,0.116,0
CAT-EQ-1009,2026-08-23T13:47:16Z,0.0,38.4,41.7,1160.8,0,0,0,0.29,0
CAT-EQ-1009,2026-08-23T14:47:16Z,0.0,36.6,41.9,1160.8,0,0,0,0.329,0
CAT-EQ-1009,2026-08-23T15:47:16Z,0.0,35.4,42.1,1160.8,0,0,0,0.115,0
CAT-EQ-1009,2026-08-23T16:47:16Z,0.0,34.3,42.3,1160.8,0,0,0,0.275,0
CAT-EQ-1009,2026-08-23T17:47:16Z,0.0,33.4,42.5,1160.8,0,0,0,0.396,0
CAT-EQ-1009,2026-08-23T18:47:16Z,0.0,32.4,42.7,1160.8,0,0,0,0.306,0
CAT-EQ-1009,2026-08-23T19:47:16Z,0.0,30.7,42.9,1160.8,0,0,0,0.339,0
CAT-EQ-1009,2026-08-23T20:47:16Z,14.7,29.3,42.9,1161.6,0,0,0,0.363,0
CAT-EQ-1009,2026-08-23T21:47:16Z,21.1,27.4,42.9,1162.4,0,0,0,0.309,0
CAT-EQ-1009,2026-08-23T22:47:16Z,22.1,25.4,42.9,1163.2,0,0,0,0.239,0
CAT-EQ-1009,2026-08-23T23:47:16Z,18.6,24.9,42.9,1164.0,0,0,0,0.216,0
CAT-EQ-1009,2026-08-24T00:47:16Z,11.2,23.7,42.9,1164.8,0,0,0,0.433,0
CAT-EQ-1009,2026-08-24T01:47:16Z,94.5,22.5,42.9,1165.6,1,0,0,0.793,1
CAT-EQ-1009,2026-08-24T02:47:16Z,17.8,22.0,42.9,1166.4,0,0,0,0.181,0
CAT-EQ-1009,2026-08-24T03:47:16Z,24.3,20.6,42.9,1167.2,0,0,0,0.318,0
CAT-EQ-1009,2026-08-24T04:47:16Z,7.1,95.0,42.9,1168.0,0,0,0,0.209,0
CAT-EQ-1009,2026-08-24T05:47:16Z,28.0,93.3,42.9,1168.8,0,0,0,0.157,0
CAT-EQ-1009,2026-08-24T06:47:16Z,7.0,92.7,42.9,1169.6,0,0,0,0.13,0
CAT-EQ-1009,2026-08-24T07:47:16Z,13.3,91.0,42.9,1170.4,0,0,0,0.177,0
CAT-EQ-1009,2026-08-24T08:47:16Z,0.0,89.7,43.1,1170.4,0,0,0,0.4,0
CAT-EQ-1009,2026-08-24T09:47:16Z,0.0,88.6,43.3,1170.4,0,0,0,0.413,0
CAT-EQ-1009,2026-08-24T10:47:16Z,0.0,86.6,43.5,1170.4,0,0,0,0.133,0
CAT-EQ-1009,2026-08-24T11:47:16Z,0.0,85.7,43.7,1170.4,0,0,0,0.212,0
CAT-EQ-1009,2026-08-24T12:47:16Z,0.0,84.7,43.9,1170.4,0,0,0,0.391,0
CAT-EQ-1009,2026-08-24T13:47:16Z,0.0,83.5,44.1,1170.4,0,0,0,0.179,0
CAT-EQ-1009,2026-08-24T14:47:16Z,0.0,81.6,44.3,1170.4,0,0,0,0.259,0
CAT-EQ-1009,2026-08-24T15:47:16Z,0.0,79.6,44.5,1170.4,0,0,0,0.183,0
CAT-EQ-1009,2026-08-24T16:47:16Z,0.0,78.1,44.7,1170.4,0,0,0,0.354,0
CAT-EQ-1009,2026-08-24T17:47:16Z,0.0,76.8,44.9,1170.4,0,0,0,0.219,0
CAT-EQ-1009,2026-08-24T18:47:16Z,0.0,75.8,45.1,1170.4,0,0,0,0.206,0
CAT-EQ-1009,2026-08-24T19:47:16Z,0.0,74.0,45.3,1170.4,0,0,0,0.447,0
CAT-EQ-1009,2026-08-24T20:47:16Z,14.7,73.2,45.3,1171.2,0,0,0,0.397,0
CAT-EQ-1009,2026-08-24T21:47:16Z,27.3,71.2,45.3,1172.0,0,0,0,0.141,0
CAT-EQ-1009,2026-08-24T22:47:16Z,7.7,69.9,45.3,1172.8,0,0,0,0.201,0
CAT-EQ-1009,2026-08-24T23:47:16Z,23.6,68.5,45.3,1173.6,0,0,0,0.236,0
CAT-EQ-1009,2026-08-25T00:47:16Z,19.4,66.4,45.3,1174.4,0,0,0,0.303,0
CAT-EQ-1009,2026-08-25T01:47:16Z,20.2,65.0,45.3,1175.2,0,0,0,0.395,0
CAT-EQ-1009,2026-08-25T02:47:16Z,14.5,62.9,45.3,1176.0,0,0,0,0.243,0
CAT-EQ-1009,2026-08-25T03:47:16Z,10.5,61.5,45.3,1176.8,0,0,0,0.255,0
CAT-EQ-1009,2026-08-25T04:47:16Z,16.0,60.2,45.3,1177.6,0,0,0,0.298,0
CAT-EQ-1009,2026-08-25T05:47:16Z,25.6,58.9,45.3,1178.4,0,0,0,0.366,0
CAT-EQ-1009,2026-08-25T06:47:16Z,16.1,56.8,45.3,1179.2,0,0,0,0.143,0
CAT-EQ-1009,2026-08-25T07:47:16Z,18.8,54.9,45.3,1180.0,0,0,0,0.329,0
CAT-EQ-1009,2026-08-25T08:47:16Z,0.0,54.0,45.5,1180.0,0,0,0,0.118,0
CAT-EQ-1009,2026-08-25T09:47:16Z,0.0,52.0,45.7,1180.0,0,0,0,0.376,0
CAT-EQ-1009,2026-08-25T10:47:16Z,0.0,50.0,45.9,1180.0,0,0,0,0.445,0
CAT-EQ-1009,2026-08-25T11:47:16Z,0.0,48.0,46.1,1180.0,0,0,0,0.146,0
CAT-EQ-1009,2026-08-25T12:47:16Z,0.0,46.8,46.3,1180.0,0,0,0,0.132,0
CAT-EQ-1009,2026-08-25T13:47:16Z,0.0,45.1,46.5,1180.0,0,0,0,0.402,0
CAT-EQ-1009,2026-08-25T14:47:16Z,0.0,43.2,46.7,1180.0,0,0,0,0.373,0
CAT-EQ-1009,2026-08-25T15:47:16Z,0.0,41.1,46.9,1180.0,0,0,0,0.282,0
CAT-EQ-1009,2026-08-25T16:47:16Z,0.0,40.0,47.1,1180.0,0,0,0,0.381,0
CAT-EQ-1009,2026-08-25T17:47:16Z,0.0,38.8,47.3,1180.0,0,0,0,0.228,0
CAT-EQ-1009,2026-08-25T18:47:16Z,0.0,36.8,47.5,1180.0,0,0,0,0.323,0
CAT-EQ-1009,2026-08-25T19:47:16Z,0.0,35.2,47.7,1180.0,0,0,0,0.433,0
CAT-EQ-1009,2026-08-25T20:47:16Z,9.2,33.8,47.7,1180.8,0,0,0,0.439,0
CAT-EQ-1009,2026-08-25T21:47:16Z,27.6,31.8,47.7,1181.6,0,0,0,0.332,0
CAT-EQ-1009,2026-08-25T22:47:16Z,18.5,30.4,47.7,1182.4,0,0,0,0.171,0
CAT-EQ-1009,2026-08-25T23:47:16Z,24.9,28.6,47.7,1183.2,0,0,0,0.161,0
CAT-EQ-1009,2026-08-26T00:47:16Z,25.4,27.4,47.7,1184.0,0,0,0,0.182,0
CAT-EQ-1009,2026-08-26T01:47:16Z,24.0,26.1,47.7,1184.8,0,0,0,0.114,0
CAT-EQ-1009,2026-08-26T02:47:16Z,18.2,25.4,47.7,1185.6,0,0,0,0.356,0
CAT-EQ-1009,2026-08-26T03:47:16Z,94.5,24.0,47.7,1186.4,1,0,0,0.623,1
CAT-EQ-1009,2026-08-26T04:47:16Z,11.9,22.1,47.7,1187.2,0,0,0,0.194,0
CAT-EQ-1009,2026-08-26T05:47:16Z,15.4,20.3,47.7,1188.0,0,0,0,0.242,0
CAT-EQ-1009,2026-08-26T06:47:16Z,22.0,95.0,47.7,1188.8,0,0,0,0.119,0
CAT-EQ-1009,2026-08-26T07:47:16Z,18.4,93.6,47.7,1189.6,0,0,0,0.105,0
CAT-EQ-1009,2026-08-26T08:47:16Z,0.0,92.2,47.9,1189.6,0,0,0,0.176,0
CAT-EQ-1009,2026-08-26T09:47:16Z,0.0,91.0,48.1,1189.6,0,0,0,0.217,0
CAT-EQ-1009,2026-08-26T10:47:16Z,0.0,90.3,48.3,1189.6,0,0,0,0.332,0
CAT-EQ-1009,2026-08-26T11:47:16Z,0.0,88.7,48.5,1189.6,0,0,0,0.115,0
CAT-EQ-1009,2026-08-26T12:47:16Z,0.0,87.2,48.7,1189.6,0,0,0,0.146,0
CAT-EQ-1009,2026-08-26T13:47:16Z,0.0,85.7,48.9,1189.6,0,0,0,0.154,0
CAT-EQ-1009,2026-08-26T14:47:16Z,0.0,84.8,49.1,1189.6,0,0,0,0.257,0
CAT-EQ-1009,2026-08-26T15:47:16Z,0.0,83.2,49.3,1189.6,0,0,0,0.219,0
CAT-EQ-1009,2026-08-26T16:47:16Z,0.0,82.1,49.5,1189.6,0,0,0,0.23,0
CAT-EQ-1009,2026-08-26T17:47:16Z,0.0,80.9,49.7,1189.6,0,0,0,0.255,0
CAT-EQ-1009,2026-08-26T18:47:16Z,0.0,80.4,49.9,1189.6,0,0,0,0.428,0
CAT-EQ-1009,2026-08-26T19:47:16Z,0.0,78.2,50.1,1189.6,0,0,0,0.205,0
CAT-EQ-1009,2026-08-26T20:47:16Z,25.3,77.4,50.1,1190.4,0,0,0,0.281,0
CAT-EQ-1009,2026-08-26T21:47:16Z,18.6,75.8,50.1,1191.2,0,0,0,0.42,0
CAT-EQ-1009,2026-08-26T22:47:16Z,23.2,74.6,50.1,1192.0,0,0,0,0.409,0
CAT-EQ-1009,2026-08-26T23:47:16Z,11.4,73.0,50.1,1192.8,0,0,0,0.414,0
CAT-EQ-1009,2026-08-27T00:47:16Z,18.0,71.8,50.1,1193.6,0,0,0,0.242,0
CAT-EQ-1009,2026-08-27T01:47:16Z,22.8,69.9,50.1,1194.4,0,0,0,0.315,0
CAT-EQ-1009,2026-08-27T02:47:16Z,19.3,67.8,50.1,1195.2,0,0,0,0.144,0
CAT-EQ-1009,2026-08-27T03:47:16Z,16.8,66.2,50.1,1196.0,0,0,0,0.103,0
CAT-EQ-1009,2026-08-27T04:47:16Z,6.6,64.9,50.1,1196.8,0,0,0,0.242,0
CAT-EQ-1009,2026-08-27T05:47:16Z,22.4,64.2,50.1,1197.6,0,0,0,0.112,0
CAT-EQ-1009,2026-08-27T06:47:16Z,15.3,62.4,50.1,1198.4,0,0,0,0.391,0
CAT-EQ-1009,2026-08-27T07:47:16Z,29.4,61.7,50.1,1199.2,0,0,0,0.14,0
CAT-EQ-1009,2026-08-27T08:47:16Z,0.0,60.5,50.3,1199.2,0,0,0,0.436,0
CAT-EQ-1009,2026-08-27T09:47:16Z,0.0,58.6,50.5,1199.2,0,0,0,0.283,0
CAT-EQ-1009,2026-08-27T10:47:16Z,0.0,57.8,50.7,1199.2,0,0,0,0.445,0
CAT-EQ-1009,2026-08-27T11:47:16Z,0.0,57.0,50.9,1199.2,0,0,0,0.392,0
CAT-EQ-1009,2026-08-27T12:47:16Z,0.0,55.9,51.1,1199.2,0,0,0,0.343,0
CAT-EQ-1009,2026-08-27T13:47:16Z,0.0,55.3,51.3,1199.2,0,0,0,0.107,0
CAT-EQ-1009,2026-08-27T14:47:16Z,0.0,53.3,51.5,1199.2,0,0,0,0.373,0
CAT-EQ-1009,2026-08-27T15:47:16Z,0.0,29.3,51.7,1199.2,0,1,0,0.797,1
CAT-EQ-1009,2026-08-27T16:47:16Z,0.0,27.7,51.9,1199.2,0,0,0,0.242,0
CAT-EQ-1009,2026-08-27T17:47:16Z,0.0,26.7,52.1,1199.2,0,0,0,0.395,0
CAT-EQ-1009,2026-08-27T18:47:16Z,0.0,25.0,52.3,1199.2,0,0,0,0.162,0
CAT-EQ-1009,2026-08-27T19:47:16Z,0.0,23.7,52.5,1199.2,0,0,0,0.121,0
CAT-EQ-1009,2026-08-27T20:47:16Z,15.8,22.7,52.5,1200.0,0,0,0,0.207,0
CAT-EQ-1009,2026-08-27T21:47:16Z,10.8,21.8,52.5,1200.8,0,0,0,0.335,0
CAT-EQ-1009,2026-08-27T22:47:16Z,26.6,21.0,52.5,1201.6,0,0,0,0.217,0
CAT-EQ-1009,2026-08-27T23:47:16Z,10.0,20.3,52.5,1202.4,0,0,0,0.268,0
CAT-EQ-1009,2026-08-28T00:47:16Z,11.9,95.0,52.5,1203.2,0,0,0,0.248,0
CAT-EQ-1009,2026-08-28T01:47:16Z,7.5,93.7,52.5,1204.0,0,0,0,0.289,0
CAT-EQ-1009,2026-08-28T02:47:16Z,9.8,92.8,52.5,1204.8,0,0,0,0.125,0
CAT-EQ-1009,2026-08-28T03:47:16Z,6.2,92.1,52.5,1205.6,0,0,0,0.228,0
CAT-EQ-1009,2026-08-28T04:47:16Z,13.9,90.3,52.5,1206.4,0,0,0,0.449,0
CAT-EQ-1009,2026-08-28T05:47:16Z,6.3,88.4,52.5,1207.2,0,0,0,0.238,0
CAT-EQ-1009,2026-08-28T06:47:16Z,6.8,86.5,52.5,1208.0,0,0,0,0.181,0
CAT-EQ-1009,2026-08-28T07:47:16Z,25.0,85.1,52.5,1208.8,0,0,0,0.388,0
CAT-EQ-1009,2026-08-28T08:47:16Z,0.0,83.1,52.7,1208.8,0,0,0,0.355,0
CAT-EQ-1009,2026-08-28T09:47:16Z,0.0,81.0,52.9,1208.8,0,0,0,0.406,0
CAT-EQ-1009,2026-08-28T10:47:16Z,0.0,79.0,53.1,1208.8,0,0,0,0.142,0
CAT-EQ-1009,2026-08-28T11:47:16Z,0.0,78.1,53.3,1208.8,0,0,0,0.146,0
CAT-EQ-1009,2026-08-28T12:47:16Z,0.0,76.2,53.5,1208.8,0,0,0,0.147,0
CAT-EQ-1009,2026-08-28T13:47:16Z,0.0,74.2,53.7,1208.8,0,0,0,0.351,0
CAT-EQ-1009,2026-08-28T14:47:16Z,0.0,72.2,53.9,1208.8,0,0,0,0.126,0
CAT-EQ-1009,2026-08-28T15:47:16Z,0.0,71.2,54.1,1208.8,0,0,0,0.383,0
CAT-EQ-1009,2026-08-28T16:47:16Z,0.0,69.9,54.3,1208.8,0,0,0,0.34,0
CAT-EQ-1009,2026-08-28T17:47:16Z,0.0,67.9,54.5,1208.8,0,0,0,0.308,0
CAT-EQ-1009,2026-08-28T18:47:16Z,0.0,66.9,54.7,1208.8,0,0,0,0.397,0
CAT-EQ-1009,2026-08-28T19:47:16Z,0.0,65.6,54.9,1208.8,0,0,0,0.134,0
CAT-EQ-1009,2026-08-28T20:47:16Z,19.8,63.6,54.9,1209.6,0,0,0,0.185,0
CAT-EQ-1009,2026-08-28T21:47:16Z,18.1,61.9,54.9,1210.4,0,0,0,0.386,0
CAT-EQ-1009,2026-08-28T22:47:16Z,13.8,59.7,54.9,1211.2,0,0,0,0.234,0
CAT-EQ-1009,2026-08-28T23:47:16Z,29.8,58.9,54.9,1212.0,0,0,0,0.104,0
CAT-EQ-1009,2026-08-29T00:47:16Z,28.7,58.4,54.9,1212.8,0,0,0,0.336,0
CAT-EQ-1009,2026-08-29T01:47:16Z,28.6,57.6,54.9,1213.6,0,0,0,0.106,0
CAT-EQ-1009,2026-08-29T02:47:16Z,17.9,57.0,54.9,1214.4,0,0,0,0.24,0
CAT-EQ-1009,2026-08-29T03:47:16Z,16.1,55.5,54.9,1215.2,0,0,0,0.325,0
CAT-EQ-1009,2026-08-29T04:47:16Z,13.7,54.3,54.9,1216.0,0,0,0,0.268,0
CAT-EQ-1009,2026-08-29T05:47:16Z,19.1,52.9,54.9,1216.8,0,0,0,0.404,0
CAT-EQ-1009,2026-08-29T06:47:16Z,13.4,51.7,54.9,1217.6,0,0,0,0.334,0
CAT-EQ-1009,2026-08-29T07:47:16Z,24.9,50.7,54.9,1218.4,0,0,0,0.117,0
CAT-EQ-1009,2026-08-29T08:47:16Z,0.0,49.2,55.1,1218.4,0,0,0,0.147,0
CAT-EQ-1009,2026-08-29T09:47:16Z,0.0,48.0,55.3,1218.4,0,0,0,0.37,0
CAT-EQ-1009,2026-08-29T10:47:16Z,0.0,47.1,55.5,1218.4,0,0,0,0.273,0
CAT-EQ-1009,2026-08-29T11:47:16Z,0.0,45.2,55.7,1218.4,0,0,0,0.199,0
CAT-EQ-1009,2026-08-29T12:47:16Z,0.0,43.3,55.9,1218.4,0,0,0,0.148,0
CAT-EQ-1009,2026-08-29T13:47:16Z,0.0,42.2,56.1,1218.4,0,0,0,0.22,0
CAT-EQ-1009,2026-08-29T14:47:16Z,0.0,40.0,56.3,1218.4,0,0,0,0.305,0
CAT-EQ-1009,2026-08-29T15:47:16Z,0.0,38.1,56.5,1218.4,0,0,0,0.282,0
CAT-EQ-1009,2026-08-29T16:47:16Z,0.0,37.4,56.7,1218.4,0,0,0,0.378,0
CAT-EQ-1009,2026-08-29T17:47:16Z,0.0,35.6,56.9,1218.4,0,0,0,0.128,0
CAT-EQ-1009,2026-08-29T18:47:16Z,0.0,34.6,57.1,1218.4,0,0,0,0.272,0
CAT-EQ-1009,2026-08-29T19:47:16Z,0.0,33.3,57.3,1218.4,0,0,0,0.244,0
CAT-EQ-1009,2026-08-29T20:47:16Z,29.8,32.0,57.3,1219.2,0,0,0,0.135,0
CAT-EQ-1009,2026-08-29T21:47:16Z,20.1,31.2,57.3,1220.0,0,0,0,0.119,0
CAT-EQ-1009,2026-08-29T22:47:16Z,9.1,29.2,57.3,1220.8,0,0,0,0.36,0
CAT-EQ-1009,2026-08-29T23:47:16Z,16.3,28.4,57.3,1221.6,0,0,0,0.297,0
CAT-EQ-1009,2026-08-30T00:47:16Z,6.1,26.4,57.3,1222.4,0,0,0,0.409,0
CAT-EQ-1009,2026-08-30T01:47:16Z,5.3,25.8,57.3,1223.2,0,0,0,0.163,0
CAT-EQ-1009,2026-08-30T02:47:16Z,19.5,24.0,57.3,1224.0,0,0,0,0.304,0
CAT-EQ-1009,2026-08-30T03:47:16Z,14.5,23.3,57.3,1224.8,0,0,0,0.293,0
CAT-EQ-1009,2026-08-30T04:47:16Z,25.3,22.5,57.3,1225.6,0,0,0,0.191,0
CAT-EQ-1009,2026-08-30T05:47:16Z,18.9,21.4,57.3,1226.4,0,0,0,0.262,0
CAT-EQ-1009,2026-08-30T06:47:16Z,16.6,95.0,57.3,1227.2,0,0,0,0.42,0
CAT-EQ-1009,2026-08-30T07:47:16Z,5.8,93.4,57.3,1228.0,0,0,0,0.376,0
CAT-EQ-1009,2026-08-30T08:47:16Z,0.0,92.0,57.5,1228.0,0,0,0,0.192,0
CAT-EQ-1009,2026-08-30T09:47:16Z,0.0,90.0,57.7,1228.0,0,0,0,0.391,0
CAT-EQ-1009,2026-08-30T10:47:16Z,0.0,88.4,57.9,1228.0,0,0,0,0.232,0
CAT-EQ-1009,2026-08-30T11:47:16Z,0.0,86.4,58.1,1228.0,0,0,0,0.293,0
CAT-EQ-1009,2026-08-30T12:47:16Z,0.0,84.3,58.3,1228.0,0,0,0,0.133,0
CAT-EQ-1009,2026-08-30T13:47:16Z,0.0,83.6,58.5,1228.0,0,0,0,0.322,0
CAT-EQ-1009,2026-08-30T14:47:16Z,0.0,82.5,58.7,1228.0,0,0,0,0.155,0
CAT-EQ-1009,2026-08-30T15:47:16Z,0.0,81.0,58.9,1228.0,0,0,0,0.113,0
CAT-EQ-1009,2026-08-30T16:47:16Z,0.0,57.0,59.1,1228.0,0,1,0,0.882,1
CAT-EQ-1009,2026-08-30T17:47:16Z,0.0,56.0,59.3,1228.0,0,0,0,0.174,0
CAT-EQ-1009,2026-08-30T18:47:16Z,0.0,54.1,59.5,1228.0,0,0,0,0.195,0
CAT-EQ-1009,2026-08-30T19:47:16Z,0.0,53.4,59.7,1228.0,0,0,0,0.31,0
CAT-EQ-1009,2026-08-30T20:47:16Z,24.8,52.5,59.7,1228.8,0,0,0,0.193,0
CAT-EQ-1009,2026-08-30T21:47:16Z,20.5,51.1,59.7,1229.6,0,0,0,0.186,0
CAT-EQ-1009,2026-08-30T22:47:16Z,7.7,48.9,59.7,1230.4,0,0,0,0.321,0
CAT-EQ-1009,2026-08-30T23:47:16Z,29.1,48.4,59.7,1231.2,0,0,0,0.258,0
CAT-EQ-1009,2026-08-31T00:47:16Z,10.8,47.8,59.7,1232.0,0,0,0,0.185,0
CAT-EQ-1009,2026-08-31T01:47:16Z,22.1,46.4,59.7,1232.8,0,0,0,0.242,0
CAT-EQ-1009,2026-08-31T02:47:16Z,7.4,45.2,59.7,1233.6,0,0,0,0.254,0
CAT-EQ-1009,2026-08-31T03:47:16Z,28.8,43.2,59.7,1234.4,0,0,0,0.304,0
CAT-EQ-1009,2026-08-31T04:47:16Z,18.0,42.6,59.7,1235.2,0,0,0,0.242,0
CAT-EQ-1009,2026-08-31T05:47:16Z,7.7,41.3,59.7,1236.0,0,0,0,0.256,0
CAT-EQ-1009,2026-08-31T06:47:16Z,28.7,40.0,59.7,1236.8,0,0,0,0.169,0
CAT-EQ-1009,2026-08-31T07:47:16Z,10.0,38.6,59.7,1237.6,0,0,0,0.255,0
CAT-EQ-1009,2026-08-31T08:47:16Z,0.0,36.7,59.9,1237.6,0,0,0,0.108,0
CAT-EQ-1009,2026-08-31T09:47:16Z,0.0,35.7,60.1,1237.6,0,0,0,0.217,0
CAT-EQ-1009,2026-08-31T10:47:16Z,0.0,34.8,60.3,1237.6,0,0,0,0.206,0
CAT-EQ-1009,2026-08-31T11:47:16Z,0.0,33.1,60.5,1237.6,0,0,0,0.18,0
CAT-EQ-1009,2026-08-31T12:47:16Z,0.0,31.5,60.7,1237.6,0,0,0,0.226,0
CAT-EQ-1009,2026-08-31T13:47:16Z,0.0,29.7,60.9,1237.6,0,0,0,0.305,0
CAT-EQ-1009,2026-08-31T14:47:16Z,0.0,27.5,61.1,1237.6,0,0,0,0.139,0
CAT-EQ-1009,2026-08-31T15:47:16Z,0.0,25.6,61.3,1237.6,0,0,0,0.176,0
CAT-EQ-1009,2026-08-31T16:47:16Z,0.0,24.4,61.5,1237.6,0,0,0,0.273,0
CAT-EQ-1009,2026-08-31T17:47:16Z,0.0,23.5,61.7,1237.6,0,0,0,0.222,0
CAT-EQ-1009,2026-08-31T18:47:16Z,0.0,21.4,61.9,1237.6,0,0,0,0.403,0
CAT-EQ-1009,2026-08-31T19:47:16Z,0.0,20.1,62.1,1237.6,0,0,0,0.447,0
CAT-EQ-1009,2026-08-31T20:47:16Z,29.0,95.0,62.1,1238.4,0,0,0,0.237,0
CAT-EQ-1009,2026-08-31T21:47:16Z,28.4,93.5,62.1,1239.2,0,0,0,0.389,0
CAT-EQ-1009,2026-08-31T22:47:16Z,16.6,92.8,62.1,1240.0,0,0,0,0.344,0
CAT-EQ-1009,2026-08-31T23:47:16Z,19.7,91.7,62.1,1240.8,0,0,0,0.173,0
CAT-EQ-1009,2026-09-01T00:47:16Z,19.8,91.0,62.1,1241.6,0,0,0,0.326,0
CAT-EQ-1009,2026-09-01T01:47:16Z,94.5,89.5,62.1,1242.4,1,0,0,0.766,1
CAT-EQ-1009,2026-09-01T02:47:16Z,26.0,88.3,62.1,1243.2,0,0,0,0.153,0
CAT-EQ-1009,2026-09-01T03:47:16Z,13.1,87.8,62.1,1244.0,0,0,0,0.236,0
CAT-EQ-1009,2026-09-01T04:47:16Z,6.3,85.6,62.1,1244.8,0,0,0,0.362,0
CAT-EQ-1009,2026-09-01T05:47:16Z,7.1,85.0,62.1,1245.6,0,0,0,0.19,0
CAT-EQ-1009,2026-09-01T06:47:16Z,11.3,83.6,62.1,1246.4,0,0,0,0.181,0
CAT-EQ-1009,2026-09-01T07:47:16Z,6.2,82.0,62.1,1247.2,0,0,0,0.333,0
CAT-EQ-1009,2026-09-01T08:47:16Z,0.0,81.4,62.3,1247.2,0,0,0,0.42,0
CAT-EQ-1009,2026-09-01T09:47:16Z,0.0,80.1,62.5,1247.2,0,0,0,0.126,0
CAT-EQ-1009,2026-09-01T10:47:16Z,0.0,79.4,62.7,1247.2,0,0,0,0.263,0
CAT-EQ-1009,2026-09-01T11:47:16Z,0.0,78.2,62.9,1247.2,0,0,0,0.211,0
CAT-EQ-1009,2026-09-01T12:47:16Z,0.0,77.5,63.1,1247.2,0,0,0,0.291,0
CAT-EQ-1009,2026-09-01T13:47:16Z,0.0,76.6,63.3,1247.2,0,0,0,0.239,0
CAT-EQ-1009,2026-09-01T14:47:16Z,0.0,76.0,63.5,1247.2,0,0,0,0.178,0
CAT-EQ-1009,2026-09-01T15:47:16Z,0.0,75.1,63.7,1247.2,0,0,0,0.313,0
CAT-EQ-1009,2026-09-01T16:47:16Z,0.0,73.0,63.9,1247.2,0,0,0,0.397,0
CAT-EQ-1009,2026-09-01T17:47:16Z,0.0,49.0,64.1,1247.2,0,1,0,0.802,1
CAT-EQ-1009,2026-09-01T18:47:16Z,0.0,48.1,64.3,1247.2,0,0,0,0.376,0
CAT-EQ-1009,2026-09-01T19:47:16Z,0.0,46.6,64.5,1247.2,0,0,0,0.136,0
CAT-EQ-1009,2026-09-01T20:47:16Z,14.5,45.6,64.5,1248.0,0,0,0,0.396,0
CAT-EQ-1009,2026-09-01T21:47:16Z,9.1,44.1,64.5,1248.8,0,0,0,0.339,0
CAT-EQ-1009,2026-09-01T22:47:16Z,12.0,42.3,64.5,1249.6,0,0,0,0.29,0
CAT-EQ-1009,2026-09-01T23:47:16Z,17.7,41.7,64.5,1250.4,0,0,0,0.116,0
CAT-EQ-1009,2026-09-02T00:47:16Z,11.4,40.6,64.5,1251.2,0,0,0,0.217,0
CAT-EQ-1009,2026-09-02T01:47:16Z,22.6,38.9,64.5,1252.0,0,0,0,0.345,0
CAT-EQ-1009,2026-09-02T02:47:16Z,9.2,37.4,64.5,1252.8,0,0,0,0.134,0
CAT-EQ-1009,2026-09-02T03:47:16Z,8.8,36.2,64.5,1253.6,0,0,0,0.244,0
CAT-EQ-1009,2026-09-02T04:47:16Z,27.2,35.7,64.5,1254.4,0,0,0,0.204,0
CAT-EQ-1009,2026-09-02T05:47:16Z,94.5,34.6,64.5,1255.2,1,0,0,0.771,1
CAT-EQ-1009,2026-09-02T06:47:16Z,24.2,32.8,64.5,1256.0,0,0,0,0.442,0
CAT-EQ-1009,2026-09-02T07:47:16Z,26.3,31.3,64.5,1256.8,0,0,0,0.352,0
CAT-EQ-1009,2026-09-02T08:47:16Z,0.0,30.7,64.7,1256.8,0,0,0,0.437,0
CAT-EQ-1009,2026-09-02T09:47:16Z,0.0,29.3,64.9,1256.8,0,0,0,0.435,0
CAT-EQ-1009,2026-09-02T10:47:16Z,0.0,28.6,65.1,1256.8,0,0,0,0.356,0
CAT-EQ-1009,2026-09-02T11:47:16Z,0.0,26.8,65.3,1256.8,0,0,0,0.435,0
CAT-EQ-1009,2026-09-02T12:47:16Z,0.0,25.1,65.5,1256.8,0,0,0,0.188,0
CAT-EQ-1010,2026-08-19T13:47:16Z,0.0,93.1,46.9,1292.5,0,0,0,0.411,0
CAT-EQ-1010,2026-08-19T14:47:16Z,0.0,92.2,47.1,1292.5,0,0,0,0.351,0
CAT-EQ-1010,2026-08-19T15:47:16Z,0.0,91.2,47.3,1292.5,0,0,0,0.265,0
CAT-EQ-1010,2026-08-19T16:47:16Z,0.0,89.3,47.5,1292.5,0,0,0,0.264,0
CAT-EQ-1010,2026-08-19T17:47:16Z,0.0,87.6,47.7,1292.5,0,0,0,0.25,0
CAT-EQ-1010,2026-08-19T18:47:16Z,0.0,86.6,47.9,1292.5,0,0,0,0.215,0
CAT-EQ-1010,2026-08-19T19:47:16Z,0.0,86.1,48.1,1292.5,0,0,0,0.111,0
CAT-EQ-1010,2026-08-19T20:47:16Z,7.9,85.1,48.1,1293.3,0,0,0,0.161,0
CAT-EQ-1010,2026-08-19T21:47:16Z,94.5,82.9,48.1,1294.1,1,0,0,0.613,1
CAT-EQ-1010,2026-08-19T22:47:16Z,23.6,58.9,48.1,1294.9,0,1,0,0.839,1
CAT-EQ-1010,2026-08-19T23:47:16Z,26.9,57.6,48.1,1295.7,0,0,0,0.443,0
CAT-EQ-1010,2026-08-20T00:47:16Z,24.2,57.1,48.1,1296.5,0,0,0,0.348,0
CAT-EQ-1010,2026-08-20T01:47:16Z,10.5,55.9,48.1,1297.3,0,0,0,0.354,0
CAT-EQ-1010,2026-08-20T02:47:16Z,12.6,54.9,48.1,1298.1,0,0,0,0.43,0
CAT-EQ-1010,2026-08-20T03:47:16Z,14.7,53.6,48.1,1298.9,0,0,0,0.202,0
CAT-EQ-1010,2026-08-20T04:47:16Z,23.4,51.9,48.1,1299.7,0,0,0,0.15,0
CAT-EQ-1010,2026-08-20T05:47:16Z,28.6,51.4,48.1,1300.5,0,0,0,0.226,0
CAT-EQ-1010,2026-08-20T06:47:16Z,12.9,49.5,48.1,1301.3,0,0,0,0.245,0
CAT-EQ-1010,2026-08-20T07:47:16Z,23.3,47.6,48.1,1302.1,0,0,0,0.344,0
CAT-EQ-1010,2026-08-20T08:47:16Z,0.0,45.8,48.3,1302.1,0,0,0,0.276,0
CAT-EQ-1010,2026-08-20T09:47:16Z,0.0,44.2,48.5,1302.1,0,0,0,0.422,0
CAT-EQ-1010,2026-08-20T10:47:16Z,0.0,42.2,48.7,1302.1,0,0,0,0.161,0
CAT-EQ-1010,2026-08-20T11:47:16Z,0.0,41.4,48.9,1302.1,0,0,0,0.13,0
CAT-EQ-1010,2026-08-20T12:47:16Z,0.0,39.5,49.1,1302.1,0,0,0,0.392,0
CAT-EQ-1010,2026-08-20T13:47:16Z,0.0,38.1,49.3,1302.1,0,0,0,0.129,0
CAT-EQ-1010,2026-08-20T14:47:16Z,0.0,37.5,49.5,1302.1,0,0,0,0.437,0
CAT-EQ-1010,2026-08-20T15:47:16Z,0.0,35.7,49.7,1302.1,0,0,0,0.265,0
CAT-EQ-1010,2026-08-20T16:47:16Z,0.0,33.8,49.9,1302.1,0,0,0,0.415,0
CAT-EQ-1010,2026-08-20T17:47:16Z,0.0,32.9,50.1,1302.1,0,0,0,0.342,0
CAT-EQ-1010,2026-08-20T18:47:16Z,0.0,31.4,50.3,1302.1,0,0,0,0.378,0
CAT-EQ-1010,2026-08-20T19:47:16Z,0.0,30.2,50.5,1302.1,0,0,0,0.131,0
CAT-EQ-1010,2026-08-20T20:47:16Z,22.0,28.3,50.5,1302.9,0,0,0,0.366,0
CAT-EQ-1010,2026-08-20T21:47:16Z,16.7,27.4,50.5,1303.7,0,0,0,0.131,0
CAT-EQ-1010,2026-08-20T22:47:16Z,14.7,25.4,50.5,1304.5,0,0,0,0.419,0
CAT-EQ-1010,2026-08-20T23:47:16Z,6.0,23.8,50.5,1305.3,0,0,0,0.372,0
CAT-EQ-1010,2026-08-21T00:47:16Z,10.0,22.7,50.5,1306.1,0,0,0,0.195,0
CAT-EQ-1010,2026-08-21T01:47:16Z,15.8,21.3,50.5,1306.9,0,0,0,0.316,0
CAT-EQ-1010,2026-08-21T02:47:16Z,10.7,20.3,50.5,1307.7,0,0,0,0.362,0
CAT-EQ-1010,2026-08-21T03:47:16Z,23.3,95.0,50.5,1308.5,0,0,0,0.144,0
CAT-EQ-1010,2026-08-21T04:47:16Z,7.6,93.8,50.5,1309.3,0,0,0,0.397,0
CAT-EQ-1010,2026-08-21T05:47:16Z,10.3,91.8,50.5,1310.1,0,0,0,0.151,0
CAT-EQ-1010,2026-08-21T06:47:16Z,14.1,89.9,50.5,1310.9,0,0,0,0.137,0
CAT-EQ-1010,2026-08-21T07:47:16Z,24.3,88.4,50.5,1311.7,0,0,0,0.349,0
CAT-EQ-1010,2026-08-21T08:47:16Z,0.0,64.4,50.7,1311.7,0,1,0,0.806,1
CAT-EQ-1010,2026-08-21T09:47:16Z,0.0,62.4,50.9,1311.7,0,0,0,0.204,0
CAT-EQ-1010,2026-08-21T10:47:16Z,0.0,60.4,51.1,1311.7,0,0,0,0.208,0
CAT-EQ-1010,2026-08-21T11:47:16Z,0.0,59.1,51.3,1311.7,0,0,0,0.36,0
CAT-EQ-1010,2026-08-21T12:47:16Z,0.0,57.1,51.5,1311.7,0,0,0,0.369,0
CAT-EQ-1010,2026-08-21T13:47:16Z,0.0,56.4,51.7,1311.7,0,0,0,0.357,0
CAT-EQ-1010,2026-08-21T14:47:16Z,0.0,54.3,51.9,1311.7,0,0,0,0.215,0
CAT-EQ-1010,2026-08-21T15:47:16Z,0.0,52.9,52.1,1311.7,0,0,0,0.346,0
CAT-EQ-1010,2026-08-21T16:47:16Z,0.0,51.5,52.3,1311.7,0,0,0,0.178,0
CAT-EQ-1010,2026-08-21T17:47:16Z,0.0,49.9,52.5,1311.7,0,0,0,0.267,0
CAT-EQ-1010,2026-08-21T18:47:16Z,0.0,47.7,52.7,1311.7,0,0,0,0.434,0
CAT-EQ-1010,2026-08-21T19:47:16Z,0.0,46.1,52.9,1311.7,0,0,0,0.263,0
CAT-EQ-1010,2026-08-21T20:47:16Z,28.9,44.5,52.9,1312.5,0,0,0,0.325,0
CAT-EQ-1010,2026-08-21T21:47:16Z,5.1,43.0,52.9,1313.3,0,0,0,0.349,0
CAT-EQ-1010,2026-08-21T22:47:16Z,94.5,41.8,52.9,1314.1,1,0,0,0.934,1
CAT-EQ-1010,2026-08-21T23:47:16Z,13.3,40.9,52.9,1314.9,0,0,0,0.425,0
CAT-EQ-1010,2026-08-22T00:47:16Z,22.1,39.6,52.9,1315.7,0,0,0,0.216,0
CAT-EQ-1010,2026-08-22T01:47:16Z,8.0,38.1,52.9,1316.5,0,0,0,0.145,0
CAT-EQ-1010,2026-08-22T02:47:16Z,11.7,36.3,52.9,1317.3,0,0,0,0.185,0
CAT-EQ-1010,2026-08-22T03:47:16Z,13.9,34.1,52.9,1318.1,0,0,0,0.113,0
CAT-EQ-1010,2026-08-22T04:47:16Z,15.3,32.9,52.9,1318.9,0,0,0,0.378,0
CAT-EQ-1010,2026-08-22T05:47:16Z,19.1,32.2,52.9,1319.7,0,0,0,0.187,0
CAT-EQ-1010,2026-08-22T06:47:16Z,21.6,30.9,52.9,1320.5,0,0,0,0.395,0
CAT-EQ-1010,2026-08-22T07:47:16Z,13.1,28.9,52.9,1321.3,0,0,0,0.442,0
CAT-EQ-1010,2026-08-22T08:47:16Z,0.0,27.3,53.1,1321.3,0,0,0,0.247,0
CAT-EQ-1010,2026-08-22T09:47:16Z,0.0,26.8,53.3,1321.3,0,0,0,0.384,0
CAT-EQ-1010,2026-08-22T10:47:16Z,0.0,26.1,53.5,1321.3,0,0,0,0.25,0
CAT-EQ-1010,2026-08-22T11:47:16Z,0.0,24.6,53.7,1321.3,0,0,0,0.378,0
CAT-EQ-1010,2026-08-22T12:47:16Z,0.0,23.4,53.9,1321.3,0,0,0,0.31,0
CAT-EQ-1010,2026-08-22T13:47:16Z,0.0,22.9,54.1,1321.3,0,0,0,0.389,0
CAT-EQ-1010,2026-08-22T14:47:16Z,0.0,21.3,54.3,1321.3,0,0,0,0.436,0
CAT-EQ-1010,2026-08-22T15:47:16Z,0.0,20.4,54.5,1321.3,0,0,0,0.297,0
CAT-EQ-1010,2026-08-22T16:47:16Z,0.0,95.0,54.7,1321.3,0,0,0,0.113,0
CAT-EQ-1010,2026-08-22T17:47:16Z,0.0,94.5,54.9,1321.3,0,0,0,0.337,0
CAT-EQ-1010,2026-08-22T18:47:16Z,0.0,93.0,55.1,1321.3,0,0,0,0.112,0
CAT-EQ-1010,2026-08-22T19:47:16Z,0.0,92.2,55.3,1321.3,0,0,0,0.126,0
CAT-EQ-1010,2026-08-22T20:47:16Z,21.2,90.3,55.3,1322.1,0,0,0,0.394,0
CAT-EQ-1010,2026-08-22T21:47:16Z,23.5,88.5,55.3,1322.9,0,0,0,0.398,0
CAT-EQ-1010,2026-08-22T22:47:16Z,10.6,86.4,55.3,1323.7,0,0,0,0.296,0
CAT-EQ-1010,2026-08-22T23:47:16Z,27.1,85.1,55.3,1324.5,0,0,0,0.119,0
CAT-EQ-1010,2026-08-23T00:47:16Z,12.2,83.7,55.3,1325.3,0,0,0,0.412,0
CAT-EQ-1010,2026-08-23T01:47:16Z,28.3,83.0,55.3,1326.1,0,0,0,0.362,0
CAT-EQ-1010,2026-08-23T02:47:16Z,5.6,81.7,55.3,1326.9,0,0,0,0.202,0
CAT-EQ-1010,2026-08-23T03:47:16Z,15.4,80.7,55.3,1327.7,0,0,0,0.243,0
CAT-EQ-1010,2026-08-23T04:47:16Z,26.1,80.2,55.3,1328.5,0,0,0,0.193,0
CAT-EQ-1010,2026-08-23T05:47:16Z,8.9,78.0,55.3,1329.3,0,0,0,0.259,0
CAT-EQ-1010,2026-08-23T06:47:16Z,16.6,75.9,55.3,1330.1,0,0,0,0.384,0
CAT-EQ-1010,2026-08-23T07:47:16Z,22.5,74.6,55.3,1330.9,0,0,0,0.252,0
CAT-EQ-1010,2026-08-23T08:47:16Z,0.0,73.3,55.5,1330.9,0,0,0,0.291,0
CAT-EQ-1010,2026-08-23T09:47:16Z,0.0,71.4,55.7,1330.9,0,0,0,0.151,0
CAT-EQ-1010,2026-08-23T10:47:16Z,0.0,69.7,55.9,1330.9,0,0,0,0.253,0
CAT-EQ-1010,2026-08-23T11:47:16Z,0.0,68.4,56.1,1330.9,0,0,0,0.112,0
CAT-EQ-1010,2026-08-23T12:47:16Z,0.0,67.0,56.3,1330.9,0,0,0,0.341,0
CAT-EQ-1010,2026-08-23T13:47:16Z,0.0,65.9,56.5,1330.9,0,0,0,0.393,0
CAT-EQ-1010,2026-08-23T14:47:16Z,0.0,64.4,56.7,1330.9,0,0,0,0.161,0
CAT-EQ-1010,2026-08-23T15:47:16Z,0.0,63.0,56.9,1330.9,0,0,0,0.335,0
CAT-EQ-1010,2026-08-23T16:47:16Z,0.0,61.2,57.1,1330.9,0,0,0,0.442,0
CAT-EQ-1010,2026-08-23T17:47:16Z,0.0,60.6,57.3,1330.9,0,0,0,0.141,0
CAT-EQ-1010,2026-08-23T18:47:16Z,0.0,58.9,57.5,1330.9,0,0,0,0.136,0
CAT-EQ-1010,2026-08-23T19:47:16Z,0.0,57.3,57.7,1330.9,0,0,0,0.389,0
CAT-EQ-1010,2026-08-23T20:47:16Z,6.5,55.9,57.7,1331.7,0,0,0,0.233,0
CAT-EQ-1010,2026-08-23T21:47:16Z,22.5,55.2,57.7,1332.5,0,0,0,0.132,0
CAT-EQ-1010,2026-08-23T22:47:16Z,28.2,31.2,57.7,1333.3,0,1,0,0.637,1
CAT-EQ-1010,2026-08-23T23:47:16Z,18.9,30.7,57.7,1334.1,0,0,0,0.201,0
CAT-EQ-1010,2026-08-24T00:47:16Z,16.8,29.8,57.7,1334.9,0,0,0,0.129,0
CAT-EQ-1010,2026-08-24T01:47:16Z,29.7,28.5,57.7,1335.7,0,0,0,0.266,0
CAT-EQ-1010,2026-08-24T02:47:16Z,21.2,26.5,57.7,1336.5,0,0,0,0.31,0
CAT-EQ-1010,2026-08-24T03:47:16Z,13.0,24.8,57.7,1337.3,0,0,0,0.221,0
CAT-EQ-1010,2026-08-24T04:47:16Z,14.6,23.0,57.7,1338.1,0,0,0,0.198,0
CAT-EQ-1010,2026-08-24T05:47:16Z,15.1,22.1,57.7,1338.9,0,0,0,0.375,0
CAT-EQ-1010,2026-08-24T06:47:16Z,26.3,21.3,57.7,1339.7,0,0,0,0.314,0
CAT-EQ-1010,2026-08-24T07:47:16Z,10.7,95.0,57.7,1340.5,0,0,0,0.34,0
CAT-EQ-1010,2026-08-24T08:47:16Z,0.0,93.2,57.9,1340.5,0,0,0,0.102,0
CAT-EQ-1010,2026-08-24T09:47:16Z,0.0,91.4,58.1,1340.5,0,0,0,0.31,0
CAT-EQ-1010,2026-08-24T10:47:16Z,0.0,90.4,58.3,1340.5,0,0,0,0.128,0
CAT-EQ-1010,2026-08-24T11:47:16Z,0.0,89.0,58.5,1340.5,0,0,0,0.218,0
CAT-EQ-1010,2026-08-24T12:47:16Z,0.0,88.5,58.7,1340.5,0,0,0,0.216,0
CAT-EQ-1010,2026-08-24T13:47:16Z,0.0,87.2,58.9,1340.5,0,0,0,0.185,0
CAT-EQ-1010,2026-08-24T14:47:16Z,0.0,85.7,59.1,1340.5,0,0,0,0.342,0
CAT-EQ-1010,2026-08-24T15:47:16Z,0.0,84.6,59.3,1340.5,0,0,0,0.287,0
CAT-EQ-1010,2026-08-24T16:47:16Z,0.0,83.2,59.5,1340.5,0,0,0,0.213,0
CAT-EQ-1010,2026-08-24T17:47:16Z,0.0,82.3,59.7,1340.5,0,0,0,0.275,0
CAT-EQ-1010,2026-08-24T18:47:16Z,0.0,81.0,59.9,1340.5,0,0,0,0.343,0
CAT-EQ-1010,2026-08-24T19:47:16Z,0.0,57.0,60.1,1340.5,0,1,0,0.652,1
CAT-EQ-1010,2026-08-24T20:47:16Z,26.5,54.9,60.1,1341.3,0,0,0,0.103,0
CAT-EQ-1010,2026-08-24T21:47:16Z,26.3,53.0,60.1,1342.1,0,0,0,0.269,0
CAT-EQ-1010,2026-08-24T22:47:16Z,24.8,52.3,60.1,1342.9,0,0,0,0.199,0
CAT-EQ-1010,2026-08-24T23:47:16Z,29.3,51.3,60.1,1343.7,0,0,0,0.161,0
CAT-EQ-1010,2026-08-25T00:47:16Z,11.2,49.6,60.1,1344.5,0,0,0,0.445,0
CAT-EQ-1010,2026-08-25T01:47:16Z,27.0,48.3,60.1,1345.3,0,0,0,0.383,0
CAT-EQ-1010,2026-08-25T02:47:16Z,13.6,47.5,60.1,1346.1,0,0,0,0.25,0
CAT-EQ-1010,2026-08-25T03:47:16Z,28.0,46.0,60.1,1346.9,0,0,0,0.265,0
CAT-EQ-1010,2026-08-25T04:47:16Z,12.3,44.7,60.1,1347.7,0,0,0,0.197,0
CAT-EQ-1010,2026-08-25T05:47:16Z,7.9,43.0,60.1,1348.5,0,0,0,0.175,0
CAT-EQ-1010,2026-08-25T06:47:16Z,29.9,40.8,60.1,1349.3,0,0,0,0.217,0
CAT-EQ-1010,2026-08-25T07:47:16Z,29.8,39.9,60.1,1350.1,0,0,0,0.11,0
CAT-EQ-1010,2026-08-25T08:47:16Z,0.0,37.7,60.3,1350.1,0,0,0,0.311,0
CAT-EQ-1010,2026-08-25T09:47:16Z,0.0,36.6,60.5,1350.1,0,0,0,0.443,0
CAT-EQ-1010,2026-08-25T10:47:16Z,0.0,35.9,60.7,1350.1,0,0,0,0.404,0
CAT-EQ-1010,2026-08-25T11:47:16Z,0.0,34.6,60.9,1350.1,0,0,0,0.188,0
CAT-EQ-1010,2026-08-25T12:47:16Z,0.0,33.7,61.1,1350.1,0,0,0,0.146,0
CAT-EQ-1010,2026-08-25T13:47:16Z,0.0,32.8,61.3,1350.1,0,0,0,0.336,0
CAT-EQ-1010,2026-08-25T14:47:16Z,0.0,31.1,61.5,1350.1,0,0,0,0.245,0
CAT-EQ-1010,2026-08-25T15:47:16Z,0.0,29.8,61.7,1350.1,0,0,0,0.402,0
CAT-EQ-1010,2026-08-25T16:47:16Z,0.0,28.3,61.9,1350.1,0,0,0,0.272,0
CAT-EQ-1010,2026-08-25T17:47:16Z,0.0,26.9,62.1,1350.1,0,0,0,0.238,0
CAT-EQ-1010,2026-08-25T18:47:16Z,0.0,25.9,62.3,1350.1,0,0,0,0.28,0
CAT-EQ-1010,2026-08-25T19:47:16Z,0.0,24.9,62.5,1350.1,0,0,0,0.426,0
CAT-EQ-1010,2026-08-25T20:47:16Z,9.1,24.1,62.5,1350.9,0,0,0,0.42,0
CAT-EQ-1010,2026-08-25T21:47:16Z,18.1,23.5,62.5,1351.7,0,0,0,0.315,0
CAT-EQ-1010,2026-08-25T22:47:16Z,14.8,21.7,62.5,1352.5,0,0,0,0.155,0
CAT-EQ-1010,2026-08-25T23:47:16Z,22.3,95.0,62.5,1353.3,0,0,0,0.128,0
CAT-EQ-1010,2026-08-26T00:47:16Z,10.5,93.6,62.5,1354.1,0,0,0,0.377,0
CAT-EQ-1010,2026-08-26T01:47:16Z,23.9,91.5,62.5,1354.9,0,0,0,0.234,0
CAT-EQ-1010,2026-08-26T02:47:16Z,15.9,89.4,62.5,1355.7,0,0,0,0.148,0
CAT-EQ-1010,2026-08-26T03:47:16Z,28.6,88.6,62.5,1356.5,0,0,0,0.233,0
CAT-EQ-1010,2026-08-26T04:47:16Z,5.7,64.6,62.5,1357.3,0,1,0,0.796,1
CAT-EQ-1010,2026-08-26T05:47:16Z,25.8,62.9,62.5,1358.1,0,0,0,0.18,0
CAT-EQ-1010,2026-08-26T06:47:16Z,10.5,60.9,62.5,1358.9,0,0,0,0.346,0
CAT-EQ-1010,2026-08-26T07:47:16Z,17.0,60.1,62.5,1359.7,0,0,0,0.398,0
CAT-EQ-1010,2026-08-26T08:47:16Z,0.0,58.2,62.7,1359.7,0,0,0,0.219,0
CAT-EQ-1010,2026-08-26T09:47:16Z,0.0,57.4,62.9,1359.7,0,0,0,0.177,0
CAT-EQ-1010,2026-08-26T10:47:16Z,0.0,56.6,63.1,1359.7,0,0,0,0.257,0
CAT-EQ-1010,2026-08-26T11:47:16Z,0.0,55.8,63.3,1359.7,0,0,0,0.44,0
CAT-EQ-1010,2026-08-26T12:47:16Z,0.0,53.8,63.5,1359.7,0,0,0,0.345,0
CAT-EQ-1010,2026-08-26T13:47:16Z,0.0,52.5,63.7,1359.7,0,0,0,0.114,0
CAT-EQ-1010,2026-08-26T14:47:16Z,0.0,50.4,63.9,1359.7,0,0,0,0.226,0
CAT-EQ-1010,2026-08-26T15:47:16Z,0.0,48.4,64.1,1359.7,0,0,0,0.181,0
CAT-EQ-1010,2026-08-26T16:47:16Z,0.0,46.4,64.3,1359.7,0,0,0,0.437,0
CAT-EQ-1010,2026-08-26T17:47:16Z,0.0,44.4,64.5,1359.7,0,0,0,0.361,0
CAT-EQ-1010,2026-08-26T18:47:16Z,0.0,42.8,64.7,1359.7,0,0,0,0.199,0
CAT-EQ-1010,2026-08-26T19:47:16Z,0.0,41.5,64.9,1359.7,0,0,0,0.331,0
CAT-EQ-1010,2026-08-26T20:47:16Z,15.6,40.6,64.9,1360.5,0,0,0,0.337,0
CAT-EQ-1010,2026-08-26T21:47:16Z,12.0,39.2,64.9,1361.3,0,0,0,0.213,0
CAT-EQ-1010,2026-08-26T22:47:16Z,6.5,38.4,64.9,1362.1,0,0,0,0.11,0
CAT-EQ-1010,2026-08-26T23:47:16Z,7.9,37.7,64.9,1362.9,0,0,0,0.178,0
CAT-EQ-1010,2026-08-27T00:47:16Z,13.9,35.7,64.9,1363.7,0,0,0,0.113,0
CAT-EQ-1010,2026-08-27T01:47:16Z,21.8,34.8,64.9,1364.5,0,0,0,0.169,0
CAT-EQ-1010,2026-08-27T02:47:16Z,15.1,33.6,64.9,1365.3,0,0,0,0.125,0
CAT-EQ-1010,2026-08-27T03:47:16Z,13.0,31.9,64.9,1366.1,0,0,0,0.303,0
CAT-EQ-1010,2026-08-27T04:47:16Z,27.4,30.5,64.9,1366.9,0,0,0,0.229,0
CAT-EQ-1010,2026-08-27T05:47:16Z,27.3,28.8,64.9,1367.7,0,0,0,0.321,0
CAT-EQ-1010,2026-08-27T06:47:16Z,16.1,26.8,64.9,1368.5,0,0,0,0.296,0
CAT-EQ-1010,2026-08-27T07:47:16Z,20.6,26.1,64.9,1369.3,0,0,0,0.15,0
CAT-EQ-1010,2026-08-27T08:47:16Z,0.0,24.0,65.1,1369.3,0,0,0,0.275,0
CAT-EQ-1010,2026-08-27T09:47:16Z,0.0,22.4,65.3,1369.3,0,0,0,0.32,0
CAT-EQ-1010,2026-08-27T10:47:16Z,0.0,20.4,65.5,1369.3,0,0,0,0.212,0
CAT-EQ-1010,2026-08-27T11:47:16Z,0.0,95.0,65.7,1369.3,0,0,0,0.235,0
CAT-EQ-1010,2026-08-27T12:47:16Z,0.0,94.2,65.9,1369.3,0,0,0,0.15,0
CAT-EQ-1010,2026-08-27T13:47:16Z,0.0,92.4,66.1,1369.3,0,0,0,0.353,0
CAT-EQ-1010,2026-08-27T14:47:16Z,0.0,90.2,66.3,1369.3,0,0,0,0.358,0
CAT-EQ-1010,2026-08-27T15:47:16Z,0.0,88.4,66.5,1369.3,0,0,0,0.378,0
CAT-EQ-1010,2026-08-27T16:47:16Z,0.0,87.6,66.7,1369.3,0,0,0,0.415,0
CAT-EQ-1010,2026-08-27T17:47:16Z,0.0,86.8,66.9,1369.3,0,0,0,0.299,0
CAT-EQ-1010,2026-08-27T18:47:16Z,0.0,84.9,67.1,1369.3,0,0,0,0.148,0
CAT-EQ-1010,2026-08-27T19:47:16Z,0.0,84.2,67.3,1369.3,0,0,0,0.294,0
CAT-EQ-1010,2026-08-27T20:47:16Z,19.9,83.3,67.3,1370.1,0,0,0,0.442,0
CAT-EQ-1010,2026-08-27T21:47:16Z,11.5,82.7,67.3,1370.9,0,0,0,0.318,0
CAT-EQ-1010,2026-08-27T22:47:16Z,22.3,81.5,67.3,1371.7,0,0,0,0.387,0
CAT-EQ-1010,2026-08-27T23:47:16Z,7.9,80.7,67.3,1372.5,0,0,0,0.171,0
CAT-EQ-1010,2026-08-28T00:47:16Z,7.1,79.2,67.3,1373.3,0,0,0,0.316,0
CAT-EQ-1010,2026-08-28T01:47:16Z,28.8,77.8,67.3,1374.1,0,0,0,0.244,0
CAT-EQ-1010,2026-08-28T02:47:16Z,25.2,76.4,67.3,1374.9,0,0,0,0.113,0
CAT-EQ-1010,2026-08-28T03:47:16Z,8.9,75.2,67.3,1375.7,0,0,0,0.172,0
CAT-EQ-1010,2026-08-28T04:47:16Z,16.1,73.2,67.3,1376.5,0,0,0,0.447,0
CAT-EQ-1010,2026-08-28T05:47:16Z,29.3,72.6,67.3,1377.3,0,0,0,0.329,0
CAT-EQ-1010,2026-08-28T06:47:16Z,22.3,71.9,67.3,1378.1,0,0,0,0.202,0
CAT-EQ-1010,2026-08-28T07:47:16Z,13.0,70.2,67.3,1378.9,0,0,0,0.411,0
CAT-EQ-1010,2026-08-28T08:47:16Z,0.0,69.2,67.5,1378.9,0,0,0,0.273,0
CAT-EQ-1010,2026-08-28T09:47:16Z,0.0,67.4,67.7,1378.9,0,0,0,0.274,0
CAT-EQ-1010,2026-08-28T10:47:16Z,0.0,66.3,67.9,1378.9,0,0,0,0.179,0
CAT-EQ-1010,2026-08-28T11:47:16Z,0.0,65.4,68.1,1378.9,0,0,0,0.332,0
CAT-EQ-1010,2026-08-28T12:47:16Z,0.0,64.8,68.3,1378.9,0,0,0,0.361,0
CAT-EQ-1010,2026-08-28T13:47:16Z,0.0,62.8,68.5,1378.9,0,0,0,0.44,0
CAT-EQ-1010,2026-08-28T14:47:16Z,0.0,61.3,68.7,1378.9,0,0,0,0.121,0
CAT-EQ-1010,2026-08-28T15:47:16Z,0.0,60.8,68.9,1378.9,0,0,0,0.42,0
CAT-EQ-1010,2026-08-28T16:47:16Z,0.0,59.6,69.1,1378.9,0,0,0,0.148,0
CAT-EQ-1010,2026-08-28T17:47:16Z,0.0,58.3,69.3,1378.9,0,0,0,0.338,0
CAT-EQ-1010,2026-08-28T18:47:16Z,0.0,34.3,69.5,1378.9,0,1,0,0.92,1
CAT-EQ-1010,2026-08-28T19:47:16Z,0.0,33.1,69.7,1378.9,0,0,0,0.175,0
CAT-EQ-1010,2026-08-28T20:47:16Z,5.8,31.7,69.7,1379.7,0,0,0,0.344,0
CAT-EQ-1010,2026-08-28T21:47:16Z,22.3,30.1,69.7,1380.5,0,0,0,0.356,0
CAT-EQ-1010,2026-08-28T22:47:16Z,26.0,28.2,69.7,1381.3,0,0,0,0.342,0
CAT-EQ-1010,2026-08-28T23:47:16Z,22.1,27.2,69.7,1382.1,0,0,0,0.174,0
CAT-EQ-1010,2026-08-29T00:47:16Z,24.2,25.4,69.7,1382.9,0,0,0,0.282,0
CAT-EQ-1010,2026-08-29T01:47:16Z,9.1,23.9,69.7,1383.7,0,0,0,0.271,0
CAT-EQ-1010,2026-08-29T02:47:16Z,14.9,23.2,69.7,1384.5,0,0,0,0.19,0
CAT-EQ-1010,2026-08-29T03:47:16Z,10.9,22.2,69.7,1385.3,0,0,0,0.281,0
CAT-EQ-1010,2026-08-29T04:47:16Z,23.5,21.0,69.7,1386.1,0,0,0,0.114,0
CAT-EQ-1010,2026-08-29T05:47:16Z,10.7,20.2,69.7,1386.9,0,0,0,0.143,0
CAT-EQ-1010,2026-08-29T06:47:16Z,14.0,95.0,69.7,1387.7,0,0,0,0.128,0
CAT-EQ-1010,2026-08-29T07:47:16Z,16.0,93.3,69.7,1388.5,0,0,0,0.125,0
CAT-EQ-1010,2026-08-29T08:47:16Z,0.0,92.3,69.9,1388.5,0,0,0,0.407,0
CAT-EQ-1010,2026-08-29T09:47:16Z,0.0,91.5,70.1,1388.5,0,0,0,0.216,0
CAT-EQ-1010,2026-08-29T10:47:16Z,0.0,90.3,70.3,1388.5,0,0,0,0.36,0
CAT-EQ-1010,2026-08-29T11:47:16Z,0.0,89.0,70.5,1388.5,0,0,0,0.373,0
CAT-EQ-1010,2026-08-29T12:47:16Z,0.0,87.7,70.7,1388.5,0,0,0,0.169,0
CAT-EQ-1010,2026-08-29T13:47:16Z,0.0,86.1,70.9,1388.5,0,0,0,0.397,0
CAT-EQ-1010,2026-08-29T14:47:16Z,0.0,84.9,71.1,1388.5,0,0,0,0.398,0
CAT-EQ-1010,2026-08-29T15:47:16Z,0.0,83.3,71.3,1388.5,0,0,0,0.152,0
CAT-EQ-1010,2026-08-29T16:47:16Z,0.0,81.5,71.5,1388.5,0,0,0,0.144,0
CAT-EQ-1010,2026-08-29T17:47:16Z,0.0,79.3,71.7,1388.5,0,0,0,0.173,0
CAT-EQ-1010,2026-08-29T18:47:16Z,0.0,78.2,71.9,1388.5,0,0,0,0.303,0
CAT-EQ-1010,2026-08-29T19:47:16Z,0.0,77.7,72.1,1388.5,0,0,0,0.11,0
CAT-EQ-1010,2026-08-29T20:47:16Z,22.9,75.6,72.1,1389.3,0,0,0,0.124,0
CAT-EQ-1010,2026-08-29T21:47:16Z,15.3,73.6,72.1,1390.1,0,0,0,0.196,0
CAT-EQ-1010,2026-08-29T22:47:16Z,18.2,71.6,72.1,1390.9,0,0,0,0.112,0
CAT-EQ-1010,2026-08-29T23:47:16Z,22.3,70.1,72.1,1391.7,0,0,0,0.407,0
CAT-EQ-1010,2026-08-30T00:47:16Z,8.1,69.0,72.1,1392.5,0,0,0,0.25,0
CAT-EQ-1010,2026-08-30T01:47:16Z,13.2,67.3,72.1,1393.3,0,0,0,0.344,0
CAT-EQ-1010,2026-08-30T02:47:16Z,13.8,66.5,72.1,1394.1,0,0,0,0.245,0
CAT-EQ-1010,2026-08-30T03:47:16Z,28.3,64.8,72.1,1394.9,0,0,0,0.172,0
CAT-EQ-1010,2026-08-30T04:47:16Z,12.7,63.1,72.1,1395.7,0,0,0,0.21,0
CAT-EQ-1010,2026-08-30T05:47:16Z,7.9,62.2,72.1,1396.5,0,0,0,0.356,0
CAT-EQ-1010,2026-08-30T06:47:16Z,20.2,60.5,72.1,1397.3,0,0,0,0.104,0
CAT-EQ-1010,2026-08-30T07:47:16Z,18.9,58.8,72.1,1398.1,0,0,0,0.257,0
CAT-EQ-1010,2026-08-30T08:47:16Z,0.0,57.9,72.3,1398.1,0,0,0,0.372,0
CAT-EQ-1010,2026-08-30T09:47:16Z,0.0,56.9,72.5,1398.1,0,0,0,0.161,0
CAT-EQ-1010,2026-08-30T10:47:16Z,0.0,54.9,72.7,1398.1,0,0,0,0.371,0
CAT-EQ-1010,2026-08-30T11:47:16Z,0.0,52.9,72.9,1398.1,0,0,0,0.159,0
CAT-EQ-1010,2026-08-30T12:47:16Z,0.0,51.8,73.1,1398.1,0,0,0,0.448,0
CAT-EQ-1010,2026-08-30T13:47:16Z,0.0,49.7,73.3,1398.1,0,0,0,0.196,0
CAT-EQ-1010,2026-08-30T14:47:16Z,0.0,49.1,73.5,1398.1,0,0,0,0.145,0
CAT-EQ-1010,2026-08-30T15:47:16Z,0.0,47.1,73.7,1398.1,0,0,0,0.436,0
CAT-EQ-1010,2026-08-30T16:47:16Z,0.0,45.6,73.9,1398.1,0,0,0,0.101,0
CAT-EQ-1010,2026-08-30T17:47:16Z,0.0,43.5,74.1,1398.1,0,0,0,0.24,0
CAT-EQ-1010,2026-08-30T18:47:16Z,0.0,42.8,74.3,1398.1,0,0,0,0.277,0
CAT-EQ-1010,2026-08-30T19:47:16Z,0.0,41.7,74.5,1398.1,0,0,0,0.206,0
CAT-EQ-1010,2026-08-30T20:47:16Z,28.0,39.9,74.5,1398.9,0,0,0,0.328,0
CAT-EQ-1010,2026-08-30T21:47:16Z,13.4,37.7,74.5,1399.7,0,0,0,0.296,0
CAT-EQ-1010,2026-08-30T22:47:16Z,26.0,37.1,74.5,1400.5,0,0,0,0.321,0
CAT-EQ-1010,2026-08-30T23:47:16Z,13.5,36.3,74.5,1401.3,0,0,0,0.294,0
CAT-EQ-1010,2026-08-31T00:47:16Z,5.8,35.1,74.5,1402.1,0,0,0,0.315,0
CAT-EQ-1010,2026-08-31T01:47:16Z,21.6,33.7,74.5,1402.9,0,0,0,0.171,0
CAT-EQ-1010,2026-08-31T02:47:16Z,29.8,32.6,74.5,1403.7,0,0,0,0.365,0
CAT-EQ-1010,2026-08-31T03:47:16Z,21.7,30.9,74.5,1404.5,0,0,0,0.448,0
CAT-EQ-1010,2026-08-31T04:47:16Z,16.8,28.9,74.5,1405.3,0,0,0,0.186,0
CAT-EQ-1010,2026-08-31T05:47:16Z,18.0,27.2,74.5,1406.1,0,0,0,0.367,0
CAT-EQ-1010,2026-08-31T06:47:16Z,23.8,26.6,74.5,1406.9,0,0,0,0.347,0
CAT-EQ-1010,2026-08-31T07:47:16Z,19.3,25.6,74.5,1407.7,0,0,0,0.343,0
CAT-EQ-1010,2026-08-31T08:47:16Z,0.0,24.2,74.7,1407.7,0,0,0,0.162,0
CAT-EQ-1010,2026-08-31T09:47:16Z,0.0,22.9,74.9,1407.7,0,0,0,0.384,0
CAT-EQ-1010,2026-08-31T10:47:16Z,0.0,21.7,75.1,1407.7,0,0,0,0.131,0
CAT-EQ-1010,2026-08-31T11:47:16Z,0.0,21.0,75.3,1407.7,0,0,0,0.267,0
CAT-EQ-1010,2026-08-31T12:47:16Z,0.0,95.0,75.5,1407.7,0,0,0,0.146,0
CAT-EQ-1010,2026-08-31T13:47:16Z,0.0,92.8,75.7,1407.7,0,0,0,0.179,0
CAT-EQ-1010,2026-08-31T14:47:16Z,0.0,91.7,75.9,1407.7,0,0,0,0.16,0
CAT-EQ-1010,2026-08-31T15:47:16Z,0.0,90.8,76.1,1407.7,0,0,0,0.366,0
CAT-EQ-1010,2026-08-31T16:47:16Z,0.0,89.0,76.3,1407.7,0,0,0,0.356,0
CAT-EQ-1010,2026-08-31T17:47:16Z,0.0,87.6,76.5,1407.7,0,0,0,0.263,0
CAT-EQ-1010,2026-08-31T18:47:16Z,0.0,86.9,76.7,1407.7,0,0,0,0.366,0
CAT-EQ-1010,2026-08-31T19:47:16Z,0.0,86.3,76.9,1407.7,0,0,0,0.408,0
CAT-EQ-1010,2026-08-31T20:47:16Z,15.0,84.2,76.9,1408.5,0,0,0,0.181,0
CAT-EQ-1010,2026-08-31T21:47:16Z,29.8,83.1,76.9,1409.3,0,0,0,0.37,0
CAT-EQ-1010,2026-08-31T22:47:16Z,10.8,81.2,76.9,1410.1,0,0,0,0.165,0
CAT-EQ-1010,2026-08-31T23:47:16Z,23.8,79.3,76.9,1410.9,0,0,0,0.357,0
CAT-EQ-1010,2026-09-01T00:47:16Z,22.9,77.8,76.9,1411.7,0,0,0,0.427,0
CAT-EQ-1010,2026-09-01T01:47:16Z,5.9,53.8,76.9,1412.5,0,1,0,0.867,1
CAT-EQ-1010,2026-09-01T02:47:16Z,22.1,51.9,76.9,1413.3,0,0,0,0.24,0
CAT-EQ-1010,2026-09-01T03:47:16Z,24.2,50.6,76.9,1414.1,0,0,0,0.194,0
CAT-EQ-1010,2026-09-01T04:47:16Z,10.5,48.9,76.9,1414.9,0,0,0,0.34,0
CAT-EQ-1010,2026-09-01T05:47:16Z,7.8,47.7,76.9,1415.7,0,0,0,0.32,0
CAT-EQ-1010,2026-09-01T06:47:16Z,12.4,46.7,76.9,1416.5,0,0,0,0.229,0
CAT-EQ-1010,2026-09-01T07:47:16Z,21.6,45.1,76.9,1417.3,0,0,0,0.213,0
CAT-EQ-1010,2026-09-01T08:47:16Z,0.0,43.9,77.1,1417.3,0,0,0,0.311,0
CAT-EQ-1010,2026-09-01T09:47:16Z,0.0,43.0,77.3,1417.3,0,0,0,0.447,0
CAT-EQ-1010,2026-09-01T10:47:16Z,0.0,42.5,77.5,1417.3,0,0,0,0.313,0
CAT-EQ-1010,2026-09-01T11:47:16Z,0.0,41.1,77.7,1417.3,0,0,0,0.343,0
CAT-EQ-1010,2026-09-01T12:47:16Z,0.0,39.6,77.9,1417.3,0,0,0,0.336,0
CAT-EQ-1010,2026-09-01T13:47:16Z,0.0,37.8,78.1,1417.3,0,0,0,0.145,0
CAT-EQ-1010,2026-09-01T14:47:16Z,0.0,35.8,78.3,1417.3,0,0,0,0.323,0
CAT-EQ-1010,2026-09-01T15:47:16Z,0.0,34.5,78.5,1417.3,0,0,0,0.265,0
CAT-EQ-1010,2026-09-01T16:47:16Z,0.0,33.0,78.7,1417.3,0,0,0,0.296,0
CAT-EQ-1010,2026-09-01T17:47:16Z,0.0,31.0,78.9,1417.3,0,0,0,0.165,0
CAT-EQ-1010,2026-09-01T18:47:16Z,0.0,30.2,79.1,1417.3,0,0,0,0.366,0
CAT-EQ-1010,2026-09-01T19:47:16Z,0.0,29.2,79.3,1417.3,0,0,0,0.18,0
CAT-EQ-1010,2026-09-01T20:47:16Z,20.1,28.2,79.3,1418.1,0,0,0,0.212,0
CAT-EQ-1010,2026-09-01T21:47:16Z,23.6,26.6,79.3,1418.9,0,0,0,0.12,0
CAT-EQ-1010,2026-09-01T22:47:16Z,17.3,24.6,79.3,1419.7,0,0,0,0.382,0
CAT-EQ-1010,2026-09-01T23:47:16Z,16.7,23.8,79.3,1420.5,0,0,0,0.358,0
CAT-EQ-1010,2026-09-02T00:47:16Z,21.4,21.9,79.3,1421.3,0,0,0,0.2,0
CAT-EQ-1010,2026-09-02T01:47:16Z,17.6,95.0,79.3,1422.1,0,0,0,0.379,0
CAT-EQ-1010,2026-09-02T02:47:16Z,19.5,71.0,79.3,1422.9,0,1,0,0.852,1
CAT-EQ-1010,2026-09-02T03:47:16Z,23.2,69.0,79.3,1423.7,0,0,0,0.423,0
CAT-EQ-1010,2026-09-02T04:47:16Z,16.2,67.5,79.3,1424.5,0,0,0,0.225,0
CAT-EQ-1010,2026-09-02T05:47:16Z,14.1,65.3,79.3,1425.3,0,0,0,0.316,0
CAT-EQ-1010,2026-09-02T06:47:16Z,5.6,64.1,79.3,1426.1,0,0,0,0.33,0
CAT-EQ-1010,2026-09-02T07:47:16Z,14.1,63.1,79.3,1426.9,0,0,0,0.351,0
CAT-EQ-1010,2026-09-02T08:47:16Z,0.0,61.2,79.5,1426.9,0,0,0,0.175,0
CAT-EQ-1010,2026-09-02T09:47:16Z,0.0,59.9,79.7,1426.9,0,0,0,0.37,0
CAT-EQ-1010,2026-09-02T10:47:16Z,0.0,59.2,79.9,1426.9,0,0,0,0.216,0
CAT-EQ-1010,2026-09-02T11:47:16Z,0.0,58.6,80.1,1426.9,0,0,0,0.413,0
CAT-EQ-1010,2026-09-02T12:47:16Z,0.0,57.0,80.3,1426.9,0,0,0,0.183,0
