site_code,equipment_type,date,count
S-CAT-BLR01,EXCAVATOR,2026-05-05,4
S-CAT-BLR01,EXCAVATOR,2026-05-06,2
S-CAT-BLR01,EXCAVATOR,2026-05-07,2
S-CAT-BLR01,EXCAVATOR,2026-05-08,4
S-CAT-BLR01,EXCAVATOR,2026-05-09,1
S-CAT-BLR01,EXCAVATOR,2026-05-10,2
S-CAT-BLR01,EXCAVATOR,2026-05-11,4
S-CAT-BLR01,EXCAVATOR,2026-05-12,5
S-CAT-BLR01,EXCAVATOR,2026-05-13,5
S-CAT-BLR01,EXCAVATOR,2026-05-14,3
S-CAT-BLR01,EXCAVATOR,2026-05-15,5
S-CAT-BLR01,EXCAVATOR,2026-05-16,2
S-CAT-BLR01,EXCAVATOR,2026-05-17,1
S-CAT-BLR01,EXCAVATOR,2026-05-18,2
S-CAT-BLR01,EXCAVATOR,2026-05-19,4
S-CAT-BLR01,EXCAVATOR,2026-05-20,3
S-CAT-BLR01,EXCAVATOR,2026-05-21,5
S-CAT-BLR01,EXCAVATOR,2026-05-22,4
S-CAT-BLR01,EXCAVATOR,2026-05-23,1
S-CAT-BLR01,EXCAVATOR,2026-05-24,1
S-CAT-BLR01,EXCAVATOR,2026-05-25,4
S-CAT-BLR01,EXCAVATOR,2026-05-26,4
S-CAT-BLR01,EXCAVATOR,2026-05-27,3
S-CAT-BLR01,EXCAVATOR,2026-05-28,3
S-CAT-BLR01,EXCAVATOR,2026-05-29,5
S-CAT-BLR01,EXCAVATOR,2026-05-30,3
S-CAT-BLR01,EXCAVATOR,2026-05-31,2
S-CAT-BLR01,EXCAVATOR,2026-06-01,2
S-CAT-BLR01,EXCAVATOR,2026-06-02,5
S-CAT-BLR01,EXCAVATOR,2026-06-03,2
S-CAT-BLR01,EXCAVATOR,2026-06-04,3
S-CAT-BLR01,EXCAVATOR,2026-06-05,3
S-CAT-BLR01,EXCAVATOR,2026-06-06,3
S-CAT-BLR01,EXCAVATOR,2026-06-07,2
S-CAT-BLR01,EXCAVATOR,2026-06-08,3
S-CAT-BLR01,EXCAVATOR,2026-06-09,2
S-CAT-BLR01,EXCAVATOR,2026-06-10,4
S-CAT-BLR01,EXCAVATOR,2026-06-11,5
S-CAT-BLR01,EXCAVATOR,2026-06-12,3
S-CAT-BLR01,EXCAVATOR,2026-06-13,3
S-CAT-BLR01,EXCAVATOR,2026-06-14,2
S-CAT-BLR01,EXCAVATOR,2026-06-15,4
S-CAT-BLR01,EXCAVATOR,2026-06-16,4
S-CAT-BLR01,EXCAVATOR,2026-06-17,2
S-CAT-BLR01,EXCAVATOR,2026-06-18,4
S-CAT-BLR01,EXCAVATOR,2026-06-19,4
S-CAT-BLR01,EXCAVATOR,2026-06-20,1
S-CAT-BLR01,EXCAVATOR,2026-06-21,1
S-CAT-BLR01,EXCAVATOR,2026-06-22,2
S-CAT-BLR01,EXCAVATOR,2026-06-23,5
S-CAT-BLR01,EXCAVATOR,2026-06-24,4
S-CAT-BLR01,EXCAVATOR,2026-06-25,3
S-CAT-BLR01,EXCAVATOR,2026-06-26,5
S-CAT-BLR01,EXCAVATOR,2026-06-27,2
S-CAT-BLR01,EXCAVATOR,2026-06-28,1
S-CAT-BLR01,EXCAVATOR,2026-06-29,4
S-CAT-BLR01,EXCAVATOR,2026-06-30,4
S-CAT-BLR01,EXCAVATOR,2026-07-01,3
S-CAT-BLR01,EXCAVATOR,2026-07-02,3
S-CAT-BLR01,EXCAVATOR,2026-07-03,3
S-CAT-BLR01,EXCAVATOR,2026-07-04,3
S-CAT-BLR01,EXCAVATOR,2026-07-05,1
S-CAT-BLR01,EXCAVATOR,2026-07-06,5
S-CAT-BLR01,EXCAVATOR,2026-07-07,4
S-CAT-BLR01,EXCAVATOR,2026-07-08,5
S-CAT-BLR01,EXCAVATOR,2026-07-09,5
S-CAT-BLR01,EXCAVATOR,2026-07-10,3
S-CAT-BLR01,EXCAVATOR,2026-07-11,1
S-CAT-BLR01,EXCAVATOR,2026-07-12,1
S-CAT-BLR01,EXCAVATOR,2026-07-13,5
S-CAT-BLR01,EXCAVATOR,2026-07-14,4
S-CAT-BLR01,EXCAVATOR,2026-07-15,2
S-CAT-BLR01,EXCAVATOR,2026-07-16,2
S-CAT-BLR01,EXCAVATOR,2026-07-17,2
S-CAT-BLR01,EXCAVATOR,2026-07-18,1
S-CAT-BLR01,EXCAVATOR,2026-07-19,1
S-CAT-BLR01,EXCAVATOR,2026-07-20,3
S-CAT-BLR01,EXCAVATOR,2026-07-21,4
S-CAT-BLR01,EXCAVATOR,2026-07-22,5
S-CAT-BLR01,EXCAVATOR,2026-07-23,2
S-CAT-BLR01,EXCAVATOR,2026-07-24,3
S-CAT-BLR01,EXCAVATOR,2026-07-25,3
S-CAT-BLR01,EXCAVATOR,2026-07-26,1
S-CAT-BLR01,EXCAVATOR,2026-07-27,5
S-CAT-BLR01,EXCAVATOR,2026-07-28,2
S-CAT-BLR01,EXCAVATOR,2026-07-29,5
S-CAT-BLR01,EXCAVATOR,2026-07-30,3
S-CAT-BLR01,EXCAVATOR,2026-07-31,5
S-CAT-BLR01,EXCAVATOR,2026-08-01,3
S-CAT-BLR01,EXCAVATOR,2026-08-02,1
S-CAT-BLR01,EXCAVATOR,2026-08-03,5
S-CAT-BLR01,EXCAVATOR,2026-08-04,4
S-CAT-BLR01,EXCAVATOR,2026-08-05,2
S-CAT-BLR01,EXCAVATOR,2026-08-06,5
S-CAT-BLR01,EXCAVATOR,2026-08-07,4
S-CAT-BLR01,EXCAVATOR,2026-08-08,1
S-CAT-BLR01,EXCAVATOR,2026-08-09,1
S-CAT-BLR01,EXCAVATOR,2026-08-10,2
S-CAT-BLR01,EXCAVATOR,2026-08-11,2
S-CAT-BLR01,EXCAVATOR,2026-08-12,5
S-CAT-BLR01,EXCAVATOR,2026-08-13,4
S-CAT-BLR01,EXCAVATOR,2026-08-14,2
S-CAT-BLR01,EXCAVATOR,2026-08-15,1
S-CAT-BLR01,EXCAVATOR,2026-08-16,1
S-CAT-BLR01,EXCAVATOR,2026-08-17,5
S-CAT-BLR01,EXCAVATOR,2026-08-18,2
S-CAT-BLR01,EXCAVATOR,2026-08-19,4
S-CAT-BLR01,EXCAVATOR,2026-08-20,5
S-CAT-BLR01,EXCAVATOR,2026-08-21,3
S-CAT-BLR01,EXCAVATOR,2026-08-22,1
S-CAT-BLR01,EXCAVATOR,2026-08-23,3
S-CAT-BLR01,EXCAVATOR,2026-08-24,4
S-CAT-BLR01,EXCAVATOR,2026-08-25,5
S-CAT-BLR01,EXCAVATOR,2026-08-26,5
S-CAT-BLR01,EXCAVATOR,2026-08-27,5
S-CAT-BLR01,EXCAVATOR,2026-08-28,5
S-CAT-BLR01,EXCAVATOR,2026-08-29,1
S-CAT-BLR01,EXCAVATOR,2026-08-30,1
S-CAT-BLR01,EXCAVATOR,2026-08-31,4
S-CAT-BLR01,EXCAVATOR,2026-09-01,2
S-CAT-BLR01,EXCAVATOR,2026-05-05,5
S-CAT-BLR01,EXCAVATOR,2026-05-06,3
S-CAT-BLR01,EXCAVATOR,2026-05-07,3
S-CAT-BLR01,EXCAVATOR,2026-05-08,2
S-CAT-BLR01,EXCAVATOR,2026-05-09,1
S-CAT-BLR01,EXCAVATOR,2026-05-10,2
S-CAT-BLR01,EXCAVATOR,2026-05-11,5
S-CAT-BLR01,EXCAVATOR,2026-05-12,5
S-CAT-BLR01,EXCAVATOR,2026-05-13,5
S-CAT-BLR01,EXCAVATOR,2026-05-14,3
S-CAT-BLR01,EXCAVATOR,2026-05-15,3
S-CAT-BLR01,EXCAVATOR,2026-05-16,3
S-CAT-BLR01,EXCAVATOR,2026-05-17,2
S-CAT-BLR01,EXCAVATOR,2026-05-18,3
S-CAT-BLR01,EXCAVATOR,2026-05-19,4
S-CAT-BLR01,EXCAVATOR,2026-05-20,3
S-CAT-BLR01,EXCAVATOR,2026-05-21,2
S-CAT-BLR01,EXCAVATOR,2026-05-22,2
S-CAT-BLR01,EXCAVATOR,2026-05-23,3
S-CAT-BLR01,EXCAVATOR,2026-05-24,1
S-CAT-BLR01,EXCAVATOR,2026-05-25,3
S-CAT-BLR01,EXCAVATOR,2026-05-26,3
S-CAT-BLR01,EXCAVATOR,2026-05-27,2
S-CAT-BLR01,EXCAVATOR,2026-05-28,2
S-CAT-BLR01,EXCAVATOR,2026-05-29,2
S-CAT-BLR01,EXCAVATOR,2026-05-30,3
S-CAT-BLR01,EXCAVATOR,2026-05-31,1
S-CAT-BLR01,EXCAVATOR,2026-06-01,3
S-CAT-BLR01,EXCAVATOR,2026-06-02,2
S-CAT-BLR01,EXCAVATOR,2026-06-03,5
S-CAT-BLR01,EXCAVATOR,2026-06-04,5
S-CAT-BLR01,EXCAVATOR,2026-06-05,3
S-CAT-BLR01,EXCAVATOR,2026-06-06,1
S-CAT-BLR01,EXCAVATOR,2026-06-07,1
S-CAT-BLR01,EXCAVATOR,2026-06-08,3
S-CAT-BLR01,EXCAVATOR,2026-06-09,4
S-CAT-BLR01,EXCAVATOR,2026-06-10,3
S-CAT-BLR01,EXCAVATOR,2026-06-11,4
S-CAT-BLR01,EXCAVATOR,2026-06-12,4
S-CAT-BLR01,EXCAVATOR,2026-06-13,1
S-CAT-BLR01,EXCAVATOR,2026-06-14,2
S-CAT-BLR01,EXCAVATOR,2026-06-15,3
S-CAT-BLR01,EXCAVATOR,2026-06-16,3
S-CAT-BLR01,EXCAVATOR,2026-06-17,5
S-CAT-BLR01,EXCAVATOR,2026-06-18,4
S-CAT-BLR01,EXCAVATOR,2026-06-19,4
S-CAT-BLR01,EXCAVATOR,2026-06-20,1
S-CAT-BLR01,EXCAVATOR,2026-06-21,1
S-CAT-BLR01,EXCAVATOR,2026-06-22,5
S-CAT-BLR01,EXCAVATOR,2026-06-23,5
S-CAT-BLR01,EXCAVATOR,2026-06-24,2
S-CAT-BLR01,EXCAVATOR,2026-06-25,4
S-CAT-BLR01,EXCAVATOR,2026-06-26,5
S-CAT-BLR01,EXCAVATOR,2026-06-27,2
S-CAT-BLR01,EXCAVATOR,2026-06-28,3
S-CAT-BLR01,EXCAVATOR,2026-06-29,5
S-CAT-BLR01,EXCAVATOR,2026-06-30,3
S-CAT-BLR01,EXCAVATOR,2026-07-01,4
S-CAT-BLR01,EXCAVATOR,2026-07-02,5
S-CAT-BLR01,EXCAVATOR,2026-07-03,3
S-CAT-BLR01,EXCAVATOR,2026-07-04,3
S-CAT-BLR01,EXCAVATOR,2026-07-05,1
S-CAT-BLR01,EXCAVATOR,2026-07-06,3
S-CAT-BLR01,EXCAVATOR,2026-07-07,4
S-CAT-BLR01,EXCAVATOR,2026-07-08,3
S-CAT-BLR01,EXCAVATOR,2026-07-09,5
S-CAT-BLR01,EXCAVATOR,2026-07-10,2
S-CAT-BLR01,EXCAVATOR,2026-07-11,3
S-CAT-BLR01,EXCAVATOR,2026-07-12,3
S-CAT-BLR01,EXCAVATOR,2026-07-13,3
S-CAT-BLR01,EXCAVATOR,2026-07-14,5
S-CAT-BLR01,EXCAVATOR,2026-07-15,3
S-CAT-BLR01,EXCAVATOR,2026-07-16,4
S-CAT-BLR01,EXCAVATOR,2026-07-17,3
S-CAT-BLR01,EXCAVATOR,2026-07-18,2
S-CAT-BLR01,EXCAVATOR,2026-07-19,1
S-CAT-BLR01,EXCAVATOR,2026-07-20,5
S-CAT-BLR01,EXCAVATOR,2026-07-21,4
S-CAT-BLR01,EXCAVATOR,2026-07-22,2
S-CAT-BLR01,EXCAVATOR,2026-07-23,3
S-CAT-BLR01,EXCAVATOR,2026-07-24,2
S-CAT-BLR01,EXCAVATOR,2026-07-25,2
S-CAT-BLR01,EXCAVATOR,2026-07-26,3
S-CAT-BLR01,EXCAVATOR,2026-07-27,2
S-CAT-BLR01,EXCAVATOR,2026-07-28,2
S-CAT-BLR01,EXCAVATOR,2026-07-29,3
S-CAT-BLR01,EXCAVATOR,2026-07-30,3
S-CAT-BLR01,EXCAVATOR,2026-07-31,5
S-CAT-BLR01,EXCAVATOR,2026-08-01,1
S-CAT-BLR01,EXCAVATOR,2026-08-02,2
S-CAT-BLR01,EXCAVATOR,2026-08-03,4
S-CAT-BLR01,EXCAVATOR,2026-08-04,2
S-CAT-BLR01,EXCAVATOR,2026-08-05,3
S-CAT-BLR01,EXCAVATOR,2026-08-06,3
S-CAT-BLR01,EXCAVATOR,2026-08-07,2
S-CAT-BLR01,EXCAVATOR,2026-08-08,3
S-CAT-BLR01,EXCAVATOR,2026-08-09,1
S-CAT-BLR01,EXCAVATOR,2026-08-10,3
S-CAT-BLR01,EXCAVATOR,2026-08-11,5
S-CAT-BLR01,EXCAVATOR,2026-08-12,3
S-CAT-BLR01,EXCAVATOR,2026-08-13,4
S-CAT-BLR01,EXCAVATOR,2026-08-14,4
S-CAT-BLR01,EXCAVATOR,2026-08-15,3
S-CAT-BLR01,EXCAVATOR,2026-08-16,3
S-CAT-BLR01,EXCAVATOR,2026-08-17,4
S-CAT-BLR01,EXCAVATOR,2026-08-18,4
S-CAT-BLR01,EXCAVATOR,2026-08-19,4
S-CAT-BLR01,EXCAVATOR,2026-08-20,4
S-CAT-BLR01,EXCAVATOR,2026-08-21,5
S-CAT-BLR01,EXCAVATOR,2026-08-22,3
S-CAT-BLR01,EXCAVATOR,2026-08-23,1
S-CAT-BLR01,EXCAVATOR,2026-08-24,5
S-CAT-BLR01,EXCAVATOR,2026-08-25,4
S-CAT-BLR01,EXCAVATOR,2026-08-26,3
S-CAT-BLR01,EXCAVATOR,2026-08-27,4
S-CAT-BLR01,EXCAVATOR,2026-08-28,4
S-CAT-BLR01,EXCAVATOR,2026-08-29,3
S-CAT-BLR01,EXCAVATOR,2026-08-30,1
S-CAT-BLR01,EXCAVATOR,2026-08-31,3
S-CAT-BLR01,EXCAVATOR,2026-09-01,3
S-CAT-BLR01,BULLDOZER,2026-05-05,3
S-CAT-BLR01,BULLDOZER,2026-05-06,4
S-CAT-BLR01,BULLDOZER,2026-05-07,3
S-CAT-BLR01,BULLDOZER,2026-05-08,2
S-CAT-BLR01,BULLDOZER,2026-05-09,1
S-CAT-BLR01,BULLDOZER,2026-05-10,1
S-CAT-BLR01,BULLDOZER,2026-05-11,2
S-CAT-BLR01,BULLDOZER,2026-05-12,4
S-CAT-BLR01,BULLDOZER,2026-05-13,2
S-CAT-BLR01,BULLDOZER,2026-05-14,4
S-CAT-BLR01,BULLDOZER,2026-05-15,3
S-CAT-BLR01,BULLDOZER,2026-05-16,1
S-CAT-BLR01,BULLDOZER,2026-05-17,2
S-CAT-BLR01,BULLDOZER,2026-05-18,4
S-CAT-BLR01,BULLDOZER,2026-05-19,4
S-CAT-BLR01,BULLDOZER,2026-05-20,2
S-CAT-BLR01,BULLDOZER,2026-05-21,3
S-CAT-BLR01,BULLDOZER,2026-05-22,2
S-CAT-BLR01,BULLDOZER,2026-05-23,1
S-CAT-BLR01,BULLDOZER,2026-05-24,2
S-CAT-BLR01,BULLDOZER,2026-05-25,2
S-CAT-BLR01,BULLDOZER,2026-05-26,1
S-CAT-BLR01,BULLDOZER,2026-05-27,1
S-CAT-BLR01,BULLDOZER,2026-05-28,1
S-CAT-BLR01,BULLDOZER,2026-05-29,1
S-CAT-BLR01,BULLDOZER,2026-05-30,0
S-CAT-BLR01,BULLDOZER,2026-05-31,2
S-CAT-BLR01,BULLDOZER,2026-06-01,2
S-CAT-BLR01,BULLDOZER,2026-06-02,2
S-CAT-BLR01,BULLDOZER,2026-06-03,1
S-CAT-BLR01,BULLDOZER,2026-06-04,2
S-CAT-BLR01,BULLDOZER,2026-06-05,1
S-CAT-BLR01,BULLDOZER,2026-06-06,1
S-CAT-BLR01,BULLDOZER,2026-06-07,2
S-CAT-BLR01,BULLDOZER,2026-06-08,3
S-CAT-BLR01,BULLDOZER,2026-06-09,1
S-CAT-BLR01,BULLDOZER,2026-06-10,4
S-CAT-BLR01,BULLDOZER,2026-06-11,4
S-CAT-BLR01,BULLDOZER,2026-06-12,1
S-CAT-BLR01,BULLDOZER,2026-06-13,0
S-CAT-BLR01,BULLDOZER,2026-06-14,2
S-CAT-BLR01,BULLDOZER,2026-06-15,1
S-CAT-BLR01,BULLDOZER,2026-06-16,1
S-CAT-BLR01,BULLDOZER,2026-06-17,3
S-CAT-BLR01,BULLDOZER,2026-06-18,3
S-CAT-BLR01,BULLDOZER,2026-06-19,1
S-CAT-BLR01,BULLDOZER,2026-06-20,2
S-CAT-BLR01,BULLDOZER,2026-06-21,1
S-CAT-BLR01,BULLDOZER,2026-06-22,1
S-CAT-BLR01,BULLDOZER,2026-06-23,1
S-CAT-BLR01,BULLDOZER,2026-06-24,2
S-CAT-BLR01,BULLDOZER,2026-06-25,2
S-CAT-BLR01,BULLDOZER,2026-06-26,2
S-CAT-BLR01,BULLDOZER,2026-06-27,1
S-CAT-BLR01,BULLDOZER,2026-06-28,1
S-CAT-BLR01,BULLDOZER,2026-06-29,3
S-CAT-BLR01,BULLDOZER,2026-06-30,4
S-CAT-BLR01,BULLDOZER,2026-07-01,1
S-CAT-BLR01,BULLDOZER,2026-07-02,3
S-CAT-BLR01,BULLDOZER,2026-07-03,4
S-CAT-BLR01,BULLDOZER,2026-07-04,2
S-CAT-BLR01,BULLDOZER,2026-07-05,1
S-CAT-BLR01,BULLDOZER,2026-07-06,2
S-CAT-BLR01,BULLDOZER,2026-07-07,3
S-CAT-BLR01,BULLDOZER,2026-07-08,1
S-CAT-BLR01,BULLDOZER,2026-07-09,1
S-CAT-BLR01,BULLDOZER,2026-07-10,1
S-CAT-BLR01,BULLDOZER,2026-07-11,2
S-CAT-BLR01,BULLDOZER,2026-07-12,2
S-CAT-BLR01,BULLDOZER,2026-07-13,4
S-CAT-BLR01,BULLDOZER,2026-07-14,4
S-CAT-BLR01,BULLDOZER,2026-07-15,1
S-CAT-BLR01,BULLDOZER,2026-07-16,1
S-CAT-BLR01,BULLDOZER,2026-07-17,2
S-CAT-BLR01,BULLDOZER,2026-07-18,0
S-CAT-BLR01,BULLDOZER,2026-07-19,2
S-CAT-BLR01,BULLDOZER,2026-07-20,4
S-CAT-BLR01,BULLDOZER,2026-07-21,3
S-CAT-BLR01,BULLDOZER,2026-07-22,1
S-CAT-BLR01,BULLDOZER,2026-07-23,1
S-CAT-BLR01,BULLDOZER,2026-07-24,2
S-CAT-BLR01,BULLDOZER,2026-07-25,1
S-CAT-BLR01,BULLDOZER,2026-07-26,2
S-CAT-BLR01,BULLDOZER,2026-07-27,3
S-CAT-BLR01,BULLDOZER,2026-07-28,1
S-CAT-BLR01,BULLDOZER,2026-07-29,1
S-CAT-BLR01,BULLDOZER,2026-07-30,3
S-CAT-BLR01,BULLDOZER,2026-07-31,1
S-CAT-BLR01,BULLDOZER,2026-08-01,1
S-CAT-BLR01,BULLDOZER,2026-08-02,1
S-CAT-BLR01,BULLDOZER,2026-08-03,1
S-CAT-BLR01,BULLDOZER,2026-08-04,2
S-CAT-BLR01,BULLDOZER,2026-08-05,2
S-CAT-BLR01,BULLDOZER,2026-08-06,4
S-CAT-BLR01,BULLDOZER,2026-08-07,1
S-CAT-BLR01,BULLDOZER,2026-08-08,1
S-CAT-BLR01,BULLDOZER,2026-08-09,1
S-CAT-BLR01,BULLDOZER,2026-08-10,2
S-CAT-BLR01,BULLDOZER,2026-08-11,4
S-CAT-BLR01,BULLDOZER,2026-08-12,3
S-CAT-BLR01,BULLDOZER,2026-08-13,4
S-CAT-BLR01,BULLDOZER,2026-08-14,2
S-CAT-BLR01,BULLDOZER,2026-08-15,0
S-CAT-BLR01,BULLDOZER,2026-08-16,1
S-CAT-BLR01,BULLDOZER,2026-08-17,1
S-CAT-BLR01,BULLDOZER,2026-08-18,1
S-CAT-BLR01,BULLDOZER,2026-08-19,4
S-CAT-BLR01,BULLDOZER,2026-08-20,2
S-CAT-BLR01,BULLDOZER,2026-08-21,1
S-CAT-BLR01,BULLDOZER,2026-08-22,1
S-CAT-BLR01,BULLDOZER,2026-08-23,2
S-CAT-BLR01,BULLDOZER,2026-08-24,3
S-CAT-BLR01,BULLDOZER,2026-08-25,1
S-CAT-BLR01,BULLDOZER,2026-08-26,3
S-CAT-BLR01,BULLDOZER,2026-08-27,4
S-CAT-BLR01,BULLDOZER,2026-08-28,4
S-CAT-BLR01,BULLDOZER,2026-08-29,1
S-CAT-BLR01,BULLDOZER,2026-08-30,1
S-CAT-BLR01,BULLDOZER,2026-08-31,4
S-CAT-BLR01,BULLDOZER,2026-09-01,4
S-CAT-BLR01,BULLDOZER,2026-05-05,5
S-CAT-BLR01,BULLDOZER,2026-05-06,2
S-CAT-BLR01,BULLDOZER,2026-05-07,4
S-CAT-BLR01,BULLDOZER,2026-05-08,3
S-CAT-BLR01,BULLDOZER,2026-05-09,1
S-CAT-BLR01,BULLDOZER,2026-05-10,1
S-CAT-BLR01,BULLDOZER,2026-05-11,4
S-CAT-BLR01,BULLDOZER,2026-05-12,3
S-CAT-BLR01,BULLDOZER,2026-05-13,5
S-CAT-BLR01,BULLDOZER,2026-05-14,3
S-CAT-BLR01,BULLDOZER,2026-05-15,5
S-CAT-BLR01,BULLDOZER,2026-05-16,2
S-CAT-BLR01,BULLDOZER,2026-05-17,2
S-CAT-BLR01,BULLDOZER,2026-05-18,2
S-CAT-BLR01,BULLDOZER,2026-05-19,2
S-CAT-BLR01,BULLDOZER,2026-05-20,2
S-CAT-BLR01,BULLDOZER,2026-05-21,4
S-CAT-BLR01,BULLDOZER,2026-05-22,5
S-CAT-BLR01,BULLDOZER,2026-05-23,2
S-CAT-BLR01,BULLDOZER,2026-05-24,2
S-CAT-BLR01,BULLDOZER,2026-05-25,2
S-CAT-BLR01,BULLDOZER,2026-05-26,3
S-CAT-BLR01,BULLDOZER,2026-05-27,2
S-CAT-BLR01,BULLDOZER,2026-05-28,3
S-CAT-BLR01,BULLDOZER,2026-05-29,5
S-CAT-BLR01,BULLDOZER,2026-05-30,3
S-CAT-BLR01,BULLDOZER,2026-05-31,3
S-CAT-BLR01,BULLDOZER,2026-06-01,2
S-CAT-BLR01,BULLDOZER,2026-06-02,2
S-CAT-BLR01,BULLDOZER,2026-06-03,2
S-CAT-BLR01,BULLDOZER,2026-06-04,4
S-CAT-BLR01,BULLDOZER,2026-06-05,2
S-CAT-BLR01,BULLDOZER,2026-06-06,2
S-CAT-BLR01,BULLDOZER,2026-06-07,3
S-CAT-BLR01,BULLDOZER,2026-06-08,2
S-CAT-BLR01,BULLDOZER,2026-06-09,4
S-CAT-BLR01,BULLDOZER,2026-06-10,5
S-CAT-BLR01,BULLDOZER,2026-06-11,5
S-CAT-BLR01,BULLDOZER,2026-06-12,2
S-CAT-BLR01,BULLDOZER,2026-06-13,1
S-CAT-BLR01,BULLDOZER,2026-06-14,1
S-CAT-BLR01,BULLDOZER,2026-06-15,5
S-CAT-BLR01,BULLDOZER,2026-06-16,3
S-CAT-BLR01,BULLDOZER,2026-06-17,3
S-CAT-BLR01,BULLDOZER,2026-06-18,4
S-CAT-BLR01,BULLDOZER,2026-06-19,4
S-CAT-BLR01,BULLDOZER,2026-06-20,2
S-CAT-BLR01,BULLDOZER,2026-06-21,3
S-CAT-BLR01,BULLDOZER,2026-06-22,3
S-CAT-BLR01,BULLDOZER,2026-06-23,2
S-CAT-BLR01,BULLDOZER,2026-06-24,3
S-CAT-BLR01,BULLDOZER,2026-06-25,5
S-CAT-BLR01,BULLDOZER,2026-06-26,4
S-CAT-BLR01,BULLDOZER,2026-06-27,3
S-CAT-BLR01,BULLDOZER,2026-06-28,2
S-CAT-BLR01,BULLDOZER,2026-06-29,5
S-CAT-BLR01,BULLDOZER,2026-06-30,2
S-CAT-BLR01,BULLDOZER,2026-07-01,4
S-CAT-BLR01,BULLDOZER,2026-07-02,4
S-CAT-BLR01,BULLDOZER,2026-07-03,3
S-CAT-BLR01,BULLDOZER,2026-07-04,3
S-CAT-BLR01,BULLDOZER,2026-07-05,1
S-CAT-BLR01,BULLDOZER,2026-07-06,5
S-CAT-BLR01,BULLDOZER,2026-07-07,2
S-CAT-BLR01,BULLDOZER,2026-07-08,3
S-CAT-BLR01,BULLDOZER,2026-07-09,4
S-CAT-BLR01,BULLDOZER,2026-07-10,2
S-CAT-BLR01,BULLDOZER,2026-07-11,3
S-CAT-BLR01,BULLDOZER,2026-07-12,2
S-CAT-BLR01,BULLDOZER,2026-07-13,5
S-CAT-BLR01,BULLDOZER,2026-07-14,4
S-CAT-BLR01,BULLDOZER,2026-07-15,5
S-CAT-BLR01,BULLDOZER,2026-07-16,4
S-CAT-BLR01,BULLDOZER,2026-07-17,5
S-CAT-BLR01,BULLDOZER,2026-07-18,1
S-CAT-BLR01,BULLDOZER,2026-07-19,2
S-CAT-BLR01,BULLDOZER,2026-07-20,4
S-CAT-BLR01,BULLDOZER,2026-07-21,3
S-CAT-BLR01,BULLDOZER,2026-07-22,5
S-CAT-BLR01,BULLDOZER,2026-07-23,4
S-CAT-BLR01,BULLDOZER,2026-07-24,3
S-CAT-BLR01,BULLDOZER,2026-07-25,3
S-CAT-BLR01,BULLDOZER,2026-07-26,2
S-CAT-BLR01,BULLDOZER,2026-07-27,4
S-CAT-BLR01,BULLDOZER,2026-07-28,5
S-CAT-BLR01,BULLDOZER,2026-07-29,3
S-CAT-BLR01,BULLDOZER,2026-07-30,4
S-CAT-BLR01,BULLDOZER,2026-07-31,5
S-CAT-BLR01,BULLDOZER,2026-08-01,2
S-CAT-BLR01,BULLDOZER,2026-08-02,3
S-CAT-BLR01,BULLDOZER,2026-08-03,4
S-CAT-BLR01,BULLDOZER,2026-08-04,2
S-CAT-BLR01,BULLDOZER,2026-08-05,3
S-CAT-BLR01,BULLDOZER,2026-08-06,3
S-CAT-BLR01,BULLDOZER,2026-08-07,2
S-CAT-BLR01,BULLDOZER,2026-08-08,3
S-CAT-BLR01,BULLDOZER,2026-08-09,1
S-CAT-BLR01,BULLDOZER,2026-08-10,5
S-CAT-BLR01,BULLDOZER,2026-08-11,4
S-CAT-BLR01,BULLDOZER,2026-08-12,2
S-CAT-BLR01,BULLDOZER,2026-08-13,5
S-CAT-BLR01,BULLDOZER,2026-08-14,5
S-CAT-BLR01,BULLDOZER,2026-08-15,1
S-CAT-BLR01,BULLDOZER,2026-08-16,2
S-CAT-BLR01,BULLDOZER,2026-08-17,3
S-CAT-BLR01,BULLDOZER,2026-08-18,4
S-CAT-BLR01,BULLDOZER,2026-08-19,3
S-CAT-BLR01,BULLDOZER,2026-08-20,5
S-CAT-BLR01,BULLDOZER,2026-08-21,5
S-CAT-BLR01,BULLDOZER,2026-08-22,1
S-CAT-BLR01,BULLDOZER,2026-08-23,3
S-CAT-BLR01,BULLDOZER,2026-08-24,5
S-CAT-BLR01,BULLDOZER,2026-08-25,5
S-CAT-BLR01,BULLDOZER,2026-08-26,5
S-CAT-BLR01,BULLDOZER,2026-08-27,2
S-CAT-BLR01,BULLDOZER,2026-08-28,4
S-CAT-BLR01,BULLDOZER,2026-08-29,1
S-CAT-BLR01,BULLDOZER,2026-08-30,1
S-CAT-BLR01,BULLDOZER,2026-08-31,3
S-CAT-BLR01,BULLDOZER,2026-09-01,4
S-CAT-BLR01,WHEEL_LOADER,2026-05-05,2
S-CAT-BLR01,WHEEL_LOADER,2026-05-06,5
S-CAT-BLR01,WHEEL_LOADER,2026-05-07,4
S-CAT-BLR01,WHEEL_LOADER,2026-05-08,5
S-CAT-BLR01,WHEEL_LOADER,2026-05-09,1
S-CAT-BLR01,WHEEL_LOADER,2026-05-10,1
S-CAT-BLR01,WHEEL_LOADER,2026-05-11,2
S-CAT-BLR01,WHEEL_LOADER,2026-05-12,4
S-CAT-BLR01,WHEEL_LOADER,2026-05-13,3
S-CAT-BLR01,WHEEL_LOADER,2026-05-14,3
S-CAT-BLR01,WHEEL_LOADER,2026-05-15,5
S-CAT-BLR01,WHEEL_LOADER,2026-05-16,2
S-CAT-BLR01,WHEEL_LOADER,2026-05-17,3
S-CAT-BLR01,WHEEL_LOADER,2026-05-18,5
S-CAT-BLR01,WHEEL_LOADER,2026-05-19,3
S-CAT-BLR01,WHEEL_LOADER,2026-05-20,4
S-CAT-BLR01,WHEEL_LOADER,2026-05-21,2
S-CAT-BLR01,WHEEL_LOADER,2026-05-22,5
S-CAT-BLR01,WHEEL_LOADER,2026-05-23,1
S-CAT-BLR01,WHEEL_LOADER,2026-05-24,2
S-CAT-BLR01,WHEEL_LOADER,2026-05-25,5
S-CAT-BLR01,WHEEL_LOADER,2026-05-26,2
S-CAT-BLR01,WHEEL_LOADER,2026-05-27,2
S-CAT-BLR01,WHEEL_LOADER,2026-05-28,3
S-CAT-BLR01,WHEEL_LOADER,2026-05-29,4
S-CAT-BLR01,WHEEL_LOADER,2026-05-30,2
S-CAT-BLR01,WHEEL_LOADER,2026-05-31,2
S-CAT-BLR01,WHEEL_LOADER,2026-06-01,5
S-CAT-BLR01,WHEEL_LOADER,2026-06-02,3
S-CAT-BLR01,WHEEL_LOADER,2026-06-03,5
S-CAT-BLR01,WHEEL_LOADER,2026-06-04,4
S-CAT-BLR01,WHEEL_LOADER,2026-06-05,5
S-CAT-BLR01,WHEEL_LOADER,2026-06-06,1
S-CAT-BLR01,WHEEL_LOADER,2026-06-07,3
S-CAT-BLR01,WHEEL_LOADER,2026-06-08,5
S-CAT-BLR01,WHEEL_LOADER,2026-06-09,4
S-CAT-BLR01,WHEEL_LOADER,2026-06-10,2
S-CAT-BLR01,WHEEL_LOADER,2026-06-11,4
S-CAT-BLR01,WHEEL_LOADER,2026-06-12,2
S-CAT-BLR01,WHEEL_LOADER,2026-06-13,1
S-CAT-BLR01,WHEEL_LOADER,2026-06-14,1
S-CAT-BLR01,WHEEL_LOADER,2026-06-15,4
S-CAT-BLR01,WHEEL_LOADER,2026-06-16,2
S-CAT-BLR01,WHEEL_LOADER,2026-06-17,3
S-CAT-BLR01,WHEEL_LOADER,2026-06-18,3
S-CAT-BLR01,WHEEL_LOADER,2026-06-19,3
S-CAT-BLR01,WHEEL_LOADER,2026-06-20,1
S-CAT-BLR01,WHEEL_LOADER,2026-06-21,2
S-CAT-BLR01,WHEEL_LOADER,2026-06-22,5
S-CAT-BLR01,WHEEL_LOADER,2026-06-23,5
S-CAT-BLR01,WHEEL_LOADER,2026-06-24,3
S-CAT-BLR01,WHEEL_LOADER,2026-06-25,5
S-CAT-BLR01,WHEEL_LOADER,2026-06-26,3
S-CAT-BLR01,WHEEL_LOADER,2026-06-27,1
S-CAT-BLR01,WHEEL_LOADER,2026-06-28,3
S-CAT-BLR01,WHEEL_LOADER,2026-06-29,5
S-CAT-BLR01,WHEEL_LOADER,2026-06-30,2
S-CAT-BLR01,WHEEL_LOADER,2026-07-01,3
S-CAT-BLR01,WHEEL_LOADER,2026-07-02,5
S-CAT-BLR01,WHEEL_LOADER,2026-07-03,5
S-CAT-BLR01,WHEEL_LOADER,2026-07-04,3
S-CAT-BLR01,WHEEL_LOADER,2026-07-05,1
S-CAT-BLR01,WHEEL_LOADER,2026-07-06,3
S-CAT-BLR01,WHEEL_LOADER,2026-07-07,3
S-CAT-BLR01,WHEEL_LOADER,2026-07-08,4
S-CAT-BLR01,WHEEL_LOADER,2026-07-09,2
S-CAT-BLR01,WHEEL_LOADER,2026-07-10,2
S-CAT-BLR01,WHEEL_LOADER,2026-07-11,1
S-CAT-BLR01,WHEEL_LOADER,2026-07-12,2
S-CAT-BLR01,WHEEL_LOADER,2026-07-13,4
S-CAT-BLR01,WHEEL_LOADER,2026-07-14,3
S-CAT-BLR01,WHEEL_LOADER,2026-07-15,5
S-CAT-BLR01,WHEEL_LOADER,2026-07-16,2
S-CAT-BLR01,WHEEL_LOADER,2026-07-17,4
S-CAT-BLR01,WHEEL_LOADER,2026-07-18,3
S-CAT-BLR01,WHEEL_LOADER,2026-07-19,2
S-CAT-BLR01,WHEEL_LOADER,2026-07-20,5
S-CAT-BLR01,WHEEL_LOADER,2026-07-21,5
S-CAT-BLR01,WHEEL_LOADER,2026-07-22,2
S-CAT-BLR01,WHEEL_LOADER,2026-07-23,4
S-CAT-BLR01,WHEEL_LOADER,2026-07-24,4
S-CAT-BLR01,WHEEL_LOADER,2026-07-25,3
S-CAT-BLR01,WHEEL_LOADER,2026-07-26,1
S-CAT-BLR01,WHEEL_LOADER,2026-07-27,4
S-CAT-BLR01,WHEEL_LOADER,2026-07-28,2
S-CAT-BLR01,WHEEL_LOADER,2026-07-29,3
S-CAT-BLR01,WHEEL_LOADER,2026-07-30,4
S-CAT-BLR01,WHEEL_LOADER,2026-07-31,2
S-CAT-BLR01,WHEEL_LOADER,2026-08-01,1
S-CAT-BLR01,WHEEL_LOADER,2026-08-02,2
S-CAT-BLR01,WHEEL_LOADER,2026-08-03,2
S-CAT-BLR01,WHEEL_LOADER,2026-08-04,3
S-CAT-BLR01,WHEEL_LOADER,2026-08-05,4
S-CAT-BLR01,WHEEL_LOADER,2026-08-06,3
S-CAT-BLR01,WHEEL_LOADER,2026-08-07,5
S-CAT-BLR01,WHEEL_LOADER,2026-08-08,3
S-CAT-BLR01,WHEEL_LOADER,2026-08-09,1
S-CAT-BLR01,WHEEL_LOADER,2026-08-10,5
S-CAT-BLR01,WHEEL_LOADER,2026-08-11,5
S-CAT-BLR01,WHEEL_LOADER,2026-08-12,3
S-CAT-BLR01,WHEEL_LOADER,2026-08-13,5
S-CAT-BLR01,WHEEL_LOADER,2026-08-14,3
S-CAT-BLR01,WHEEL_LOADER,2026-08-15,1
S-CAT-BLR01,WHEEL_LOADER,2026-08-16,3
S-CAT-BLR01,WHEEL_LOADER,2026-08-17,4
S-CAT-BLR01,WHEEL_LOADER,2026-08-18,3
S-CAT-BLR01,WHEEL_LOADER,2026-08-19,3
S-CAT-BLR01,WHEEL_LOADER,2026-08-20,4
S-CAT-BLR01,WHEEL_LOADER,2026-08-21,5
S-CAT-BLR01,WHEEL_LOADER,2026-08-22,1
S-CAT-BLR01,WHEEL_LOADER,2026-08-23,2
S-CAT-BLR01,WHEEL_LOADER,2026-08-24,2
S-CAT-BLR01,WHEEL_LOADER,2026-08-25,5
S-CAT-BLR01,WHEEL_LOADER,2026-08-26,3
S-CAT-BLR01,WHEEL_LOADER,2026-08-27,3
S-CAT-BLR01,WHEEL_LOADER,2026-08-28,5
S-CAT-BLR01,WHEEL_LOADER,2026-08-29,3
S-CAT-BLR01,WHEEL_LOADER,2026-08-30,3
S-CAT-BLR01,WHEEL_LOADER,2026-08-31,5
S-CAT-BLR01,WHEEL_LOADER,2026-09-01,5
S-CAT-BLR01,WHEEL_LOADER,2026-05-05,7
S-CAT-BLR01,WHEEL_LOADER,2026-05-06,5
S-CAT-BLR01,WHEEL_LOADER,2026-05-07,4
S-CAT-BLR01,WHEEL_LOADER,2026-05-08,4
S-CAT-BLR01,WHEEL_LOADER,2026-05-09,3
S-CAT-BLR01,WHEEL_LOADER,2026-05-10,3
S-CAT-BLR01,WHEEL_LOADER,2026-05-11,4
S-CAT-BLR01,WHEEL_LOADER,2026-05-12,6
S-CAT-BLR01,WHEEL_LOADER,2026-05-13,5
S-CAT-BLR01,WHEEL_LOADER,2026-05-14,6
S-CAT-BLR01,WHEEL_LOADER,2026-05-15,5
S-CAT-BLR01,WHEEL_LOADER,2026-05-16,4
S-CAT-BLR01,WHEEL_LOADER,2026-05-17,4
S-CAT-BLR01,WHEEL_LOADER,2026-05-18,4
S-CAT-BLR01,WHEEL_LOADER,2026-05-19,4
S-CAT-BLR01,WHEEL_LOADER,2026-05-20,6
S-CAT-BLR01,WHEEL_LOADER,2026-05-21,6
S-CAT-BLR01,WHEEL_LOADER,2026-05-22,4
S-CAT-BLR01,WHEEL_LOADER,2026-05-23,4
S-CAT-BLR01,WHEEL_LOADER,2026-05-24,3
S-CAT-BLR01,WHEEL_LOADER,2026-05-25,7
S-CAT-BLR01,WHEEL_LOADER,2026-05-26,4
S-CAT-BLR01,WHEEL_LOADER,2026-05-27,5
S-CAT-BLR01,WHEEL_LOADER,2026-05-28,6
S-CAT-BLR01,WHEEL_LOADER,2026-05-29,4
S-CAT-BLR01,WHEEL_LOADER,2026-05-30,4
S-CAT-BLR01,WHEEL_LOADER,2026-05-31,3
S-CAT-BLR01,WHEEL_LOADER,2026-06-01,6
S-CAT-BLR01,WHEEL_LOADER,2026-06-02,4
S-CAT-BLR01,WHEEL_LOADER,2026-06-03,7
S-CAT-BLR01,WHEEL_LOADER,2026-06-04,4
S-CAT-BLR01,WHEEL_LOADER,2026-06-05,5
S-CAT-BLR01,WHEEL_LOADER,2026-06-06,3
S-CAT-BLR01,WHEEL_LOADER,2026-06-07,3
S-CAT-BLR01,WHEEL_LOADER,2026-06-08,7
S-CAT-BLR01,WHEEL_LOADER,2026-06-09,5
S-CAT-BLR01,WHEEL_LOADER,2026-06-10,5
S-CAT-BLR01,WHEEL_LOADER,2026-06-11,5
S-CAT-BLR01,WHEEL_LOADER,2026-06-12,5
S-CAT-BLR01,WHEEL_LOADER,2026-06-13,2
S-CAT-BLR01,WHEEL_LOADER,2026-06-14,3
S-CAT-BLR01,WHEEL_LOADER,2026-06-15,6
S-CAT-BLR01,WHEEL_LOADER,2026-06-16,5
S-CAT-BLR01,WHEEL_LOADER,2026-06-17,6
S-CAT-BLR01,WHEEL_LOADER,2026-06-18,6
S-CAT-BLR01,WHEEL_LOADER,2026-06-19,6
S-CAT-BLR01,WHEEL_LOADER,2026-06-20,3
S-CAT-BLR01,WHEEL_LOADER,2026-06-21,2
S-CAT-BLR01,WHEEL_LOADER,2026-06-22,5
S-CAT-BLR01,WHEEL_LOADER,2026-06-23,7
S-CAT-BLR01,WHEEL_LOADER,2026-06-24,4
S-CAT-BLR01,WHEEL_LOADER,2026-06-25,6
S-CAT-BLR01,WHEEL_LOADER,2026-06-26,5
S-CAT-BLR01,WHEEL_LOADER,2026-06-27,3
S-CAT-BLR01,WHEEL_LOADER,2026-06-28,3
S-CAT-BLR01,WHEEL_LOADER,2026-06-29,5
S-CAT-BLR01,WHEEL_LOADER,2026-06-30,6
S-CAT-BLR01,WHEEL_LOADER,2026-07-01,5
S-CAT-BLR01,WHEEL_LOADER,2026-07-02,7
S-CAT-BLR01,WHEEL_LOADER,2026-07-03,7
S-CAT-BLR01,WHEEL_LOADER,2026-07-04,3
S-CAT-BLR01,WHEEL_LOADER,2026-07-05,3
S-CAT-BLR01,WHEEL_LOADER,2026-07-06,7
S-CAT-BLR01,WHEEL_LOADER,2026-07-07,7
S-CAT-BLR01,WHEEL_LOADER,2026-07-08,7
S-CAT-BLR01,WHEEL_LOADER,2026-07-09,4
S-CAT-BLR01,WHEEL_LOADER,2026-07-10,4
S-CAT-BLR01,WHEEL_LOADER,2026-07-11,4
S-CAT-BLR01,WHEEL_LOADER,2026-07-12,3
S-CAT-BLR01,WHEEL_LOADER,2026-07-13,6
S-CAT-BLR01,WHEEL_LOADER,2026-07-14,7
S-CAT-BLR01,WHEEL_LOADER,2026-07-15,7
S-CAT-BLR01,WHEEL_LOADER,2026-07-16,6
S-CAT-BLR01,WHEEL_LOADER,2026-07-17,4
S-CAT-BLR01,WHEEL_LOADER,2026-07-18,2
S-CAT-BLR01,WHEEL_LOADER,2026-07-19,4
S-CAT-BLR01,WHEEL_LOADER,2026-07-20,6
S-CAT-BLR01,WHEEL_LOADER,2026-07-21,4
S-CAT-BLR01,WHEEL_LOADER,2026-07-22,7
S-CAT-BLR01,WHEEL_LOADER,2026-07-23,5
S-CAT-BLR01,WHEEL_LOADER,2026-07-24,7
S-CAT-BLR01,WHEEL_LOADER,2026-07-25,3
S-CAT-BLR01,WHEEL_LOADER,2026-07-26,4
S-CAT-BLR01,WHEEL_LOADER,2026-07-27,6
S-CAT-BLR01,WHEEL_LOADER,2026-07-28,6
S-CAT-BLR01,WHEEL_LOADER,2026-07-29,6
S-CAT-BLR01,WHEEL_LOADER,2026-07-30,6
S-CAT-BLR01,WHEEL_LOADER,2026-07-31,5
S-CAT-BLR01,WHEEL_LOADER,2026-08-01,4
S-CAT-BLR01,WHEEL_LOADER,2026-08-02,3
S-CAT-BLR01,WHEEL_LOADER,2026-08-03,4
S-CAT-BLR01,WHEEL_LOADER,2026-08-04,4
S-CAT-BLR01,WHEEL_LOADER,2026-08-05,4
S-CAT-BLR01,WHEEL_LOADER,2026-08-06,7
S-CAT-BLR01,WHEEL_LOADER,2026-08-07,4
S-CAT-BLR01,WHEEL_LOADER,2026-08-08,2
S-CAT-BLR01,WHEEL_LOADER,2026-08-09,3
S-CAT-BLR01,WHEEL_LOADER,2026-08-10,7
S-CAT-BLR01,WHEEL_LOADER,2026-08-11,7
S-CAT-BLR01,WHEEL_LOADER,2026-08-12,4
S-CAT-BLR01,WHEEL_LOADER,2026-08-13,7
S-CAT-BLR01,WHEEL_LOADER,2026-08-14,5
S-CAT-BLR01,WHEEL_LOADER,2026-08-15,3
S-CAT-BLR01,WHEEL_LOADER,2026-08-16,3
S-CAT-BLR01,WHEEL_LOADER,2026-08-17,5
S-CAT-BLR01,WHEEL_LOADER,2026-08-18,6
S-CAT-BLR01,WHEEL_LOADER,2026-08-19,4
S-CAT-BLR01,WHEEL_LOADER,2026-08-20,6
S-CAT-BLR01,WHEEL_LOADER,2026-08-21,6
S-CAT-BLR01,WHEEL_LOADER,2026-08-22,2
S-CAT-BLR01,WHEEL_LOADER,2026-08-23,3
S-CAT-BLR01,WHEEL_LOADER,2026-08-24,5
S-CAT-BLR01,WHEEL_LOADER,2026-08-25,4
S-CAT-BLR01,WHEEL_LOADER,2026-08-26,7
S-CAT-BLR01,WHEEL_LOADER,2026-08-27,6
S-CAT-BLR01,WHEEL_LOADER,2026-08-28,5
S-CAT-BLR01,WHEEL_LOADER,2026-08-29,4
S-CAT-BLR01,WHEEL_LOADER,2026-08-30,2
S-CAT-BLR01,WHEEL_LOADER,2026-08-31,4
S-CAT-BLR01,WHEEL_LOADER,2026-09-01,4
S-CAT-BLR01,DUMP_TRUCK,2026-05-05,5
S-CAT-BLR01,DUMP_TRUCK,2026-05-06,2
S-CAT-BLR01,DUMP_TRUCK,2026-05-07,3
S-CAT-BLR01,DUMP_TRUCK,2026-05-08,3
S-CAT-BLR01,DUMP_TRUCK,2026-05-09,3
S-CAT-BLR01,DUMP_TRUCK,2026-05-10,1
S-CAT-BLR01,DUMP_TRUCK,2026-05-11,2
S-CAT-BLR01,DUMP_TRUCK,2026-05-12,4
S-CAT-BLR01,DUMP_TRUCK,2026-05-13,2
S-CAT-BLR01,DUMP_TRUCK,2026-05-14,5
S-CAT-BLR01,DUMP_TRUCK,2026-05-15,3
S-CAT-BLR01,DUMP_TRUCK,2026-05-16,3
S-CAT-BLR01,DUMP_TRUCK,2026-05-17,1
S-CAT-BLR01,DUMP_TRUCK,2026-05-18,3
S-CAT-BLR01,DUMP_TRUCK,2026-05-19,5
S-CAT-BLR01,DUMP_TRUCK,2026-05-20,2
S-CAT-BLR01,DUMP_TRUCK,2026-05-21,2
S-CAT-BLR01,DUMP_TRUCK,2026-05-22,2
S-CAT-BLR01,DUMP_TRUCK,2026-05-23,2
S-CAT-BLR01,DUMP_TRUCK,2026-05-24,2
S-CAT-BLR01,DUMP_TRUCK,2026-05-25,4
S-CAT-BLR01,DUMP_TRUCK,2026-05-26,3
S-CAT-BLR01,DUMP_TRUCK,2026-05-27,5
S-CAT-BLR01,DUMP_TRUCK,2026-05-28,3
S-CAT-BLR01,DUMP_TRUCK,2026-05-29,3
S-CAT-BLR01,DUMP_TRUCK,2026-05-30,1
S-CAT-BLR01,DUMP_TRUCK,2026-05-31,1
S-CAT-BLR01,DUMP_TRUCK,2026-06-01,3
S-CAT-BLR01,DUMP_TRUCK,2026-06-02,5
S-CAT-BLR01,DUMP_TRUCK,2026-06-03,4
S-CAT-BLR01,DUMP_TRUCK,2026-06-04,3
S-CAT-BLR01,DUMP_TRUCK,2026-06-05,3
S-CAT-BLR01,DUMP_TRUCK,2026-06-06,3
S-CAT-BLR01,DUMP_TRUCK,2026-06-07,3
S-CAT-BLR01,DUMP_TRUCK,2026-06-08,3
S-CAT-BLR01,DUMP_TRUCK,2026-06-09,2
S-CAT-BLR01,DUMP_TRUCK,2026-06-10,2
S-CAT-BLR01,DUMP_TRUCK,2026-06-11,3
S-CAT-BLR01,DUMP_TRUCK,2026-06-12,2
S-CAT-BLR01,DUMP_TRUCK,2026-06-13,3
S-CAT-BLR01,DUMP_TRUCK,2026-06-14,2
S-CAT-BLR01,DUMP_TRUCK,2026-06-15,5
S-CAT-BLR01,DUMP_TRUCK,2026-06-16,4
S-CAT-BLR01,DUMP_TRUCK,2026-06-17,3
S-CAT-BLR01,DUMP_TRUCK,2026-06-18,3
S-CAT-BLR01,DUMP_TRUCK,2026-06-19,4
S-CAT-BLR01,DUMP_TRUCK,2026-06-20,1
S-CAT-BLR01,DUMP_TRUCK,2026-06-21,1
S-CAT-BLR01,DUMP_TRUCK,2026-06-22,4
S-CAT-BLR01,DUMP_TRUCK,2026-06-23,2
S-CAT-BLR01,DUMP_TRUCK,2026-06-24,4
S-CAT-BLR01,DUMP_TRUCK,2026-06-25,3
S-CAT-BLR01,DUMP_TRUCK,2026-06-26,3
S-CAT-BLR01,DUMP_TRUCK,2026-06-27,3
S-CAT-BLR01,DUMP_TRUCK,2026-06-28,2
S-CAT-BLR01,DUMP_TRUCK,2026-06-29,2
S-CAT-BLR01,DUMP_TRUCK,2026-06-30,3
S-CAT-BLR01,DUMP_TRUCK,2026-07-01,5
S-CAT-BLR01,DUMP_TRUCK,2026-07-02,5
S-CAT-BLR01,DUMP_TRUCK,2026-07-03,2
S-CAT-BLR01,DUMP_TRUCK,2026-07-04,1
S-CAT-BLR01,DUMP_TRUCK,2026-07-05,3
S-CAT-BLR01,DUMP_TRUCK,2026-07-06,2
S-CAT-BLR01,DUMP_TRUCK,2026-07-07,2
S-CAT-BLR01,DUMP_TRUCK,2026-07-08,4
S-CAT-BLR01,DUMP_TRUCK,2026-07-09,4
S-CAT-BLR01,DUMP_TRUCK,2026-07-10,3
S-CAT-BLR01,DUMP_TRUCK,2026-07-11,3
S-CAT-BLR01,DUMP_TRUCK,2026-07-12,3
S-CAT-BLR01,DUMP_TRUCK,2026-07-13,4
S-CAT-BLR01,DUMP_TRUCK,2026-07-14,3
S-CAT-BLR01,DUMP_TRUCK,2026-07-15,5
S-CAT-BLR01,DUMP_TRUCK,2026-07-16,2
S-CAT-BLR01,DUMP_TRUCK,2026-07-17,2
S-CAT-BLR01,DUMP_TRUCK,2026-07-18,1
S-CAT-BLR01,DUMP_TRUCK,2026-07-19,1
S-CAT-BLR01,DUMP_TRUCK,2026-07-20,4
S-CAT-BLR01,DUMP_TRUCK,2026-07-21,3
S-CAT-BLR01,DUMP_TRUCK,2026-07-22,2
S-CAT-BLR01,DUMP_TRUCK,2026-07-23,2
S-CAT-BLR01,DUMP_TRUCK,2026-07-24,5
S-CAT-BLR01,DUMP_TRUCK,2026-07-25,2
S-CAT-BLR01,DUMP_TRUCK,2026-07-26,3
S-CAT-BLR01,DUMP_TRUCK,2026-07-27,5
S-CAT-BLR01,DUMP_TRUCK,2026-07-28,5
S-CAT-BLR01,DUMP_TRUCK,2026-07-29,2
S-CAT-BLR01,DUMP_TRUCK,2026-07-30,3
S-CAT-BLR01,DUMP_TRUCK,2026-07-31,4
S-CAT-BLR01,DUMP_TRUCK,2026-08-01,1
S-CAT-BLR01,DUMP_TRUCK,2026-08-02,2
S-CAT-BLR01,DUMP_TRUCK,2026-08-03,2
S-CAT-BLR01,DUMP_TRUCK,2026-08-04,3
S-CAT-BLR01,DUMP_TRUCK,2026-08-05,3
S-CAT-BLR01,DUMP_TRUCK,2026-08-06,4
S-CAT-BLR01,DUMP_TRUCK,2026-08-07,5
S-CAT-BLR01,DUMP_TRUCK,2026-08-08,1
S-CAT-BLR01,DUMP_TRUCK,2026-08-09,2
S-CAT-BLR01,DUMP_TRUCK,2026-08-10,5
S-CAT-BLR01,DUMP_TRUCK,2026-08-11,3
S-CAT-BLR01,DUMP_TRUCK,2026-08-12,2
S-CAT-BLR01,DUMP_TRUCK,2026-08-13,3
S-CAT-BLR01,DUMP_TRUCK,2026-08-14,2
S-CAT-BLR01,DUMP_TRUCK,2026-08-15,3
S-CAT-BLR01,DUMP_TRUCK,2026-08-16,1
S-CAT-BLR01,DUMP_TRUCK,2026-08-17,5
S-CAT-BLR01,DUMP_TRUCK,2026-08-18,2
S-CAT-BLR01,DUMP_TRUCK,2026-08-19,4
S-CAT-BLR01,DUMP_TRUCK,2026-08-20,3
S-CAT-BLR01,DUMP_TRUCK,2026-08-21,2
S-CAT-BLR01,DUMP_TRUCK,2026-08-22,1
S-CAT-BLR01,DUMP_TRUCK,2026-08-23,1
S-CAT-BLR01,DUMP_TRUCK,2026-08-24,2
S-CAT-BLR01,DUMP_TRUCK,2026-08-25,3
S-CAT-BLR01,DUMP_TRUCK,2026-08-26,5
S-CAT-BLR01,DUMP_TRUCK,2026-08-27,4
S-CAT-BLR01,DUMP_TRUCK,2026-08-28,4
S-CAT-BLR01,DUMP_TRUCK,2026-08-29,1
S-CAT-BLR01,DUMP_TRUCK,2026-08-30,2
S-CAT-BLR01,DUMP_TRUCK,2026-08-31,3
S-CAT-BLR01,DUMP_TRUCK,2026-09-01,4
S-CAT-BLR01,DUMP_TRUCK,2026-05-05,1
S-CAT-BLR01,DUMP_TRUCK,2026-05-06,3
S-CAT-BLR01,DUMP_TRUCK,2026-05-07,4
S-CAT-BLR01,DUMP_TRUCK,2026-05-08,3
S-CAT-BLR01,DUMP_TRUCK,2026-05-09,0
S-CAT-BLR01,DUMP_TRUCK,2026-05-10,1
S-CAT-BLR01,DUMP_TRUCK,2026-05-11,1
S-CAT-BLR01,DUMP_TRUCK,2026-05-12,4
S-CAT-BLR01,DUMP_TRUCK,2026-05-13,4
S-CAT-BLR01,DUMP_TRUCK,2026-05-14,3
S-CAT-BLR01,DUMP_TRUCK,2026-05-15,1
S-CAT-BLR01,DUMP_TRUCK,2026-05-16,2
S-CAT-BLR01,DUMP_TRUCK,2026-05-17,1
S-CAT-BLR01,DUMP_TRUCK,2026-05-18,3
S-CAT-BLR01,DUMP_TRUCK,2026-05-19,2
S-CAT-BLR01,DUMP_TRUCK,2026-05-20,3
S-CAT-BLR01,DUMP_TRUCK,2026-05-21,1
S-CAT-BLR01,DUMP_TRUCK,2026-05-22,1
S-CAT-BLR01,DUMP_TRUCK,2026-05-23,1
S-CAT-BLR01,DUMP_TRUCK,2026-05-24,0
S-CAT-BLR01,DUMP_TRUCK,2026-05-25,1
S-CAT-BLR01,DUMP_TRUCK,2026-05-26,1
S-CAT-BLR01,DUMP_TRUCK,2026-05-27,2
S-CAT-BLR01,DUMP_TRUCK,2026-05-28,1
S-CAT-BLR01,DUMP_TRUCK,2026-05-29,4
S-CAT-BLR01,DUMP_TRUCK,2026-05-30,1
S-CAT-BLR01,DUMP_TRUCK,2026-05-31,2
S-CAT-BLR01,DUMP_TRUCK,2026-06-01,2
S-CAT-BLR01,DUMP_TRUCK,2026-06-02,2
S-CAT-BLR01,DUMP_TRUCK,2026-06-03,1
S-CAT-BLR01,DUMP_TRUCK,2026-06-04,4
S-CAT-BLR01,DUMP_TRUCK,2026-06-05,2
S-CAT-BLR01,DUMP_TRUCK,2026-06-06,1
S-CAT-BLR01,DUMP_TRUCK,2026-06-07,1
S-CAT-BLR01,DUMP_TRUCK,2026-06-08,4
S-CAT-BLR01,DUMP_TRUCK,2026-06-09,3
S-CAT-BLR01,DUMP_TRUCK,2026-06-10,3
S-CAT-BLR01,DUMP_TRUCK,2026-06-11,1
S-CAT-BLR01,DUMP_TRUCK,2026-06-12,3
S-CAT-BLR01,DUMP_TRUCK,2026-06-13,0
S-CAT-BLR01,DUMP_TRUCK,2026-06-14,0
S-CAT-BLR01,DUMP_TRUCK,2026-06-15,2
S-CAT-BLR01,DUMP_TRUCK,2026-06-16,2
S-CAT-BLR01,DUMP_TRUCK,2026-06-17,1
S-CAT-BLR01,DUMP_TRUCK,2026-06-18,4
S-CAT-BLR01,DUMP_TRUCK,2026-06-19,1
S-CAT-BLR01,DUMP_TRUCK,2026-06-20,2
S-CAT-BLR01,DUMP_TRUCK,2026-06-21,1
S-CAT-BLR01,DUMP_TRUCK,2026-06-22,3
S-CAT-BLR01,DUMP_TRUCK,2026-06-23,3
S-CAT-BLR01,DUMP_TRUCK,2026-06-24,1
S-CAT-BLR01,DUMP_TRUCK,2026-06-25,4
S-CAT-BLR01,DUMP_TRUCK,2026-06-26,1
S-CAT-BLR01,DUMP_TRUCK,2026-06-27,1
S-CAT-BLR01,DUMP_TRUCK,2026-06-28,1
S-CAT-BLR01,DUMP_TRUCK,2026-06-29,3
S-CAT-BLR01,DUMP_TRUCK,2026-06-30,3
S-CAT-BLR01,DUMP_TRUCK,2026-07-01,2
S-CAT-BLR01,DUMP_TRUCK,2026-07-02,4
S-CAT-BLR01,DUMP_TRUCK,2026-07-03,3
S-CAT-BLR01,DUMP_TRUCK,2026-07-04,2
S-CAT-BLR01,DUMP_TRUCK,2026-07-05,1
S-CAT-BLR01,DUMP_TRUCK,2026-07-06,2
S-CAT-BLR01,DUMP_TRUCK,2026-07-07,2
S-CAT-BLR01,DUMP_TRUCK,2026-07-08,1
S-CAT-BLR01,DUMP_TRUCK,2026-07-09,4
S-CAT-BLR01,DUMP_TRUCK,2026-07-10,1
S-CAT-BLR01,DUMP_TRUCK,2026-07-11,1
S-CAT-BLR01,DUMP_TRUCK,2026-07-12,1
S-CAT-BLR01,DUMP_TRUCK,2026-07-13,1
S-CAT-BLR01,DUMP_TRUCK,2026-07-14,3
S-CAT-BLR01,DUMP_TRUCK,2026-07-15,1
S-CAT-BLR01,DUMP_TRUCK,2026-07-16,4
S-CAT-BLR01,DUMP_TRUCK,2026-07-17,3
S-CAT-BLR01,DUMP_TRUCK,2026-07-18,0
S-CAT-BLR01,DUMP_TRUCK,2026-07-19,1
S-CAT-BLR01,DUMP_TRUCK,2026-07-20,2
S-CAT-BLR01,DUMP_TRUCK,2026-07-21,4
S-CAT-BLR01,DUMP_TRUCK,2026-07-22,4
S-CAT-BLR01,DUMP_TRUCK,2026-07-23,1
S-CAT-BLR01,DUMP_TRUCK,2026-07-24,2
S-CAT-BLR01,DUMP_TRUCK,2026-07-25,1
S-CAT-BLR01,DUMP_TRUCK,2026-07-26,0
S-CAT-BLR01,DUMP_TRUCK,2026-07-27,1
S-CAT-BLR01,DUMP_TRUCK,2026-07-28,2
S-CAT-BLR01,DUMP_TRUCK,2026-07-29,4
S-CAT-BLR01,DUMP_TRUCK,2026-07-30,3
S-CAT-BLR01,DUMP_TRUCK,2026-07-31,4
S-CAT-BLR01,DUMP_TRUCK,2026-08-01,0
S-CAT-BLR01,DUMP_TRUCK,2026-08-02,0
S-CAT-BLR01,DUMP_TRUCK,2026-08-03,2
S-CAT-BLR01,DUMP_TRUCK,2026-08-04,4
S-CAT-BLR01,DUMP_TRUCK,2026-08-05,1
S-CAT-BLR01,DUMP_TRUCK,2026-08-06,1
S-CAT-BLR01,DUMP_TRUCK,2026-08-07,4
S-CAT-BLR01,DUMP_TRUCK,2026-08-08,1
S-CAT-BLR01,DUMP_TRUCK,2026-08-09,1
S-CAT-BLR01,DUMP_TRUCK,2026-08-10,3
S-CAT-BLR01,DUMP_TRUCK,2026-08-11,3
S-CAT-BLR01,DUMP_TRUCK,2026-08-12,3
S-CAT-BLR01,DUMP_TRUCK,2026-08-13,4
S-CAT-BLR01,DUMP_TRUCK,2026-08-14,3
S-CAT-BLR01,DUMP_TRUCK,2026-08-15,1
S-CAT-BLR01,DUMP_TRUCK,2026-08-16,2
S-CAT-BLR01,DUMP_TRUCK,2026-08-17,3
S-CAT-BLR01,DUMP_TRUCK,2026-08-18,2
S-CAT-BLR01,DUMP_TRUCK,2026-08-19,1
S-CAT-BLR01,DUMP_TRUCK,2026-08-20,2
S-CAT-BLR01,DUMP_TRUCK,2026-08-21,2
S-CAT-BLR01,DUMP_TRUCK,2026-08-22,0
S-CAT-BLR01,DUMP_TRUCK,2026-08-23,1
S-CAT-BLR01,DUMP_TRUCK,2026-08-24,1
S-CAT-BLR01,DUMP_TRUCK,2026-08-25,2
S-CAT-BLR01,DUMP_TRUCK,2026-08-26,4
S-CAT-BLR01,DUMP_TRUCK,2026-08-27,4
S-CAT-BLR01,DUMP_TRUCK,2026-08-28,3
S-CAT-BLR01,DUMP_TRUCK,2026-08-29,2
S-CAT-BLR01,DUMP_TRUCK,2026-08-30,0
S-CAT-BLR01,DUMP_TRUCK,2026-08-31,3
S-CAT-BLR01,DUMP_TRUCK,2026-09-01,2
S-CAT-BLR01,COMPACTOR,2026-05-05,6
S-CAT-BLR01,COMPACTOR,2026-05-06,7
S-CAT-BLR01,COMPACTOR,2026-05-07,6
S-CAT-BLR01,COMPACTOR,2026-05-08,4
S-CAT-BLR01,COMPACTOR,2026-05-09,2
S-CAT-BLR01,COMPACTOR,2026-05-10,3
S-CAT-BLR01,COMPACTOR,2026-05-11,6
S-CAT-BLR01,COMPACTOR,2026-05-12,4
S-CAT-BLR01,COMPACTOR,2026-05-13,5
S-CAT-BLR01,COMPACTOR,2026-05-14,6
S-CAT-BLR01,COMPACTOR,2026-05-15,5
S-CAT-BLR01,COMPACTOR,2026-05-16,2
S-CAT-BLR01,COMPACTOR,2026-05-17,3
S-CAT-BLR01,COMPACTOR,2026-05-18,6
S-CAT-BLR01,COMPACTOR,2026-05-19,7
S-CAT-BLR01,COMPACTOR,2026-05-20,4
S-CAT-BLR01,COMPACTOR,2026-05-21,6
S-CAT-BLR01,COMPACTOR,2026-05-22,6
S-CAT-BLR01,COMPACTOR,2026-05-23,3
S-CAT-BLR01,COMPACTOR,2026-05-24,2
S-CAT-BLR01,COMPACTOR,2026-05-25,7
S-CAT-BLR01,COMPACTOR,2026-05-26,7
S-CAT-BLR01,COMPACTOR,2026-05-27,5
S-CAT-BLR01,COMPACTOR,2026-05-28,4
S-CAT-BLR01,COMPACTOR,2026-05-29,7
S-CAT-BLR01,COMPACTOR,2026-05-30,2
S-CAT-BLR01,COMPACTOR,2026-05-31,3
S-CAT-BLR01,COMPACTOR,2026-06-01,4
S-CAT-BLR01,COMPACTOR,2026-06-02,4
S-CAT-BLR01,COMPACTOR,2026-06-03,4
S-CAT-BLR01,COMPACTOR,2026-06-04,5
S-CAT-BLR01,COMPACTOR,2026-06-05,5
S-CAT-BLR01,COMPACTOR,2026-06-06,3
S-CAT-BLR01,COMPACTOR,2026-06-07,4
S-CAT-BLR01,COMPACTOR,2026-06-08,6
S-CAT-BLR01,COMPACTOR,2026-06-09,4
S-CAT-BLR01,COMPACTOR,2026-06-10,6
S-CAT-BLR01,COMPACTOR,2026-06-11,4
S-CAT-BLR01,COMPACTOR,2026-06-12,4
S-CAT-BLR01,COMPACTOR,2026-06-13,2
S-CAT-BLR01,COMPACTOR,2026-06-14,3
S-CAT-BLR01,COMPACTOR,2026-06-15,7
S-CAT-BLR01,COMPACTOR,2026-06-16,5
S-CAT-BLR01,COMPACTOR,2026-06-17,4
S-CAT-BLR01,COMPACTOR,2026-06-18,6
S-CAT-BLR01,COMPACTOR,2026-06-19,4
S-CAT-BLR01,COMPACTOR,2026-06-20,2
S-CAT-BLR01,COMPACTOR,2026-06-21,4
S-CAT-BLR01,COMPACTOR,2026-06-22,4
S-CAT-BLR01,COMPACTOR,2026-06-23,5
S-CAT-BLR01,COMPACTOR,2026-06-24,7
S-CAT-BLR01,COMPACTOR,2026-06-25,7
S-CAT-BLR01,COMPACTOR,2026-06-26,7
S-CAT-BLR01,COMPACTOR,2026-06-27,2
S-CAT-BLR01,COMPACTOR,2026-06-28,4
S-CAT-BLR01,COMPACTOR,2026-06-29,7
S-CAT-BLR01,COMPACTOR,2026-06-30,5
S-CAT-BLR01,COMPACTOR,2026-07-01,6
S-CAT-BLR01,COMPACTOR,2026-07-02,5
S-CAT-BLR01,COMPACTOR,2026-07-03,5
S-CAT-BLR01,COMPACTOR,2026-07-04,3
S-CAT-BLR01,COMPACTOR,2026-07-05,3
S-CAT-BLR01,COMPACTOR,2026-07-06,7
S-CAT-BLR01,COMPACTOR,2026-07-07,5
S-CAT-BLR01,COMPACTOR,2026-07-08,4
S-CAT-BLR01,COMPACTOR,2026-07-09,5
S-CAT-BLR01,COMPACTOR,2026-07-10,6
S-CAT-BLR01,COMPACTOR,2026-07-11,4
S-CAT-BLR01,COMPACTOR,2026-07-12,4
S-CAT-BLR01,COMPACTOR,2026-07-13,7
S-CAT-BLR01,COMPACTOR,2026-07-14,4
S-CAT-BLR01,COMPACTOR,2026-07-15,4
S-CAT-BLR01,COMPACTOR,2026-07-16,6
S-CAT-BLR01,COMPACTOR,2026-07-17,7
S-CAT-BLR01,COMPACTOR,2026-07-18,3
S-CAT-BLR01,COMPACTOR,2026-07-19,4
S-CAT-BLR01,COMPACTOR,2026-07-20,5
S-CAT-BLR01,COMPACTOR,2026-07-21,5
S-CAT-BLR01,COMPACTOR,2026-07-22,4
S-CAT-BLR01,COMPACTOR,2026-07-23,7
S-CAT-BLR01,COMPACTOR,2026-07-24,6
S-CAT-BLR01,COMPACTOR,2026-07-25,4
S-CAT-BLR01,COMPACTOR,2026-07-26,4
S-CAT-BLR01,COMPACTOR,2026-07-27,6
S-CAT-BLR01,COMPACTOR,2026-07-28,6
S-CAT-BLR01,COMPACTOR,2026-07-29,7
S-CAT-BLR01,COMPACTOR,2026-07-30,6
S-CAT-BLR01,COMPACTOR,2026-07-31,5
S-CAT-BLR01,COMPACTOR,2026-08-01,2
S-CAT-BLR01,COMPACTOR,2026-08-02,3
S-CAT-BLR01,COMPACTOR,2026-08-03,5
S-CAT-BLR01,COMPACTOR,2026-08-04,4
S-CAT-BLR01,COMPACTOR,2026-08-05,6
S-CAT-BLR01,COMPACTOR,2026-08-06,4
S-CAT-BLR01,COMPACTOR,2026-08-07,7
S-CAT-BLR01,COMPACTOR,2026-08-08,3
S-CAT-BLR01,COMPACTOR,2026-08-09,3
S-CAT-BLR01,COMPACTOR,2026-08-10,5
S-CAT-BLR01,COMPACTOR,2026-08-11,4
S-CAT-BLR01,COMPACTOR,2026-08-12,5
S-CAT-BLR01,COMPACTOR,2026-08-13,5
S-CAT-BLR01,COMPACTOR,2026-08-14,6
S-CAT-BLR01,COMPACTOR,2026-08-15,2
S-CAT-BLR01,COMPACTOR,2026-08-16,3
S-CAT-BLR01,COMPACTOR,2026-08-17,7
S-CAT-BLR01,COMPACTOR,2026-08-18,6
S-CAT-BLR01,COMPACTOR,2026-08-19,5
S-CAT-BLR01,COMPACTOR,2026-08-20,5
S-CAT-BLR01,COMPACTOR,2026-08-21,5
S-CAT-BLR01,COMPACTOR,2026-08-22,3
S-CAT-BLR01,COMPACTOR,2026-08-23,3
S-CAT-BLR01,COMPACTOR,2026-08-24,4
S-CAT-BLR01,COMPACTOR,2026-08-25,6
S-CAT-BLR01,COMPACTOR,2026-08-26,5
S-CAT-BLR01,COMPACTOR,2026-08-27,5
S-CAT-BLR01,COMPACTOR,2026-08-28,7
S-CAT-BLR01,COMPACTOR,2026-08-29,3
S-CAT-BLR01,COMPACTOR,2026-08-30,3
S-CAT-BLR01,COMPACTOR,2026-08-31,7
S-CAT-BLR01,COMPACTOR,2026-09-01,4
S-CAT-BLR01,CRANE,2026-05-05,1
S-CAT-BLR01,CRANE,2026-05-06,2
S-CAT-BLR01,CRANE,2026-05-07,2
S-CAT-BLR01,CRANE,2026-05-08,1
S-CAT-BLR01,CRANE,2026-05-09,2
S-CAT-BLR01,CRANE,2026-05-10,0
S-CAT-BLR01,CRANE,2026-05-11,3
S-CAT-BLR01,CRANE,2026-05-12,2
S-CAT-BLR01,CRANE,2026-05-13,2
S-CAT-BLR01,CRANE,2026-05-14,3
S-CAT-BLR01,CRANE,2026-05-15,2
S-CAT-BLR01,CRANE,2026-05-16,1
S-CAT-BLR01,CRANE,2026-05-17,0
S-CAT-BLR01,CRANE,2026-05-18,1
S-CAT-BLR01,CRANE,2026-05-19,2
S-CAT-BLR01,CRANE,2026-05-20,2
S-CAT-BLR01,CRANE,2026-05-21,1
S-CAT-BLR01,CRANE,2026-05-22,3
S-CAT-BLR01,CRANE,2026-05-23,0
S-CAT-BLR01,CRANE,2026-05-24,1
S-CAT-BLR01,CRANE,2026-05-25,4
S-CAT-BLR01,CRANE,2026-05-26,1
S-CAT-BLR01,CRANE,2026-05-27,3
S-CAT-BLR01,CRANE,2026-05-28,3
S-CAT-BLR01,CRANE,2026-05-29,3
S-CAT-BLR01,CRANE,2026-05-30,1
S-CAT-BLR01,CRANE,2026-05-31,1
S-CAT-BLR01,CRANE,2026-06-01,4
S-CAT-BLR01,CRANE,2026-06-02,4
S-CAT-BLR01,CRANE,2026-06-03,3
S-CAT-BLR01,CRANE,2026-06-04,2
S-CAT-BLR01,CRANE,2026-06-05,3
S-CAT-BLR01,CRANE,2026-06-06,1
S-CAT-BLR01,CRANE,2026-06-07,1
S-CAT-BLR01,CRANE,2026-06-08,4
S-CAT-BLR01,CRANE,2026-06-09,3
S-CAT-BLR01,CRANE,2026-06-10,3
S-CAT-BLR01,CRANE,2026-06-11,2
S-CAT-BLR01,CRANE,2026-06-12,2
S-CAT-BLR01,CRANE,2026-06-13,0
S-CAT-BLR01,CRANE,2026-06-14,2
S-CAT-BLR01,CRANE,2026-06-15,1
S-CAT-BLR01,CRANE,2026-06-16,2
S-CAT-BLR01,CRANE,2026-06-17,3
S-CAT-BLR01,CRANE,2026-06-18,2
S-CAT-BLR01,CRANE,2026-06-19,1
S-CAT-BLR01,CRANE,2026-06-20,2
S-CAT-BLR01,CRANE,2026-06-21,1
S-CAT-BLR01,CRANE,2026-06-22,3
S-CAT-BLR01,CRANE,2026-06-23,1
S-CAT-BLR01,CRANE,2026-06-24,2
S-CAT-BLR01,CRANE,2026-06-25,3
S-CAT-BLR01,CRANE,2026-06-26,3
S-CAT-BLR01,CRANE,2026-06-27,1
S-CAT-BLR01,CRANE,2026-06-28,0
S-CAT-BLR01,CRANE,2026-06-29,3
S-CAT-BLR01,CRANE,2026-06-30,4
S-CAT-BLR01,CRANE,2026-07-01,1
S-CAT-BLR01,CRANE,2026-07-02,3
S-CAT-BLR01,CRANE,2026-07-03,2
S-CAT-BLR01,CRANE,2026-07-04,1
S-CAT-BLR01,CRANE,2026-07-05,0
S-CAT-BLR01,CRANE,2026-07-06,3
S-CAT-BLR01,CRANE,2026-07-07,3
S-CAT-BLR01,CRANE,2026-07-08,1
S-CAT-BLR01,CRANE,2026-07-09,1
S-CAT-BLR01,CRANE,2026-07-10,1
S-CAT-BLR01,CRANE,2026-07-11,2
S-CAT-BLR01,CRANE,2026-07-12,2
S-CAT-BLR01,CRANE,2026-07-13,4
S-CAT-BLR01,CRANE,2026-07-14,2
S-CAT-BLR01,CRANE,2026-07-15,4
S-CAT-BLR01,CRANE,2026-07-16,4
S-CAT-BLR01,CRANE,2026-07-17,4
S-CAT-BLR01,CRANE,2026-07-18,1
S-CAT-BLR01,CRANE,2026-07-19,2
S-CAT-BLR01,CRANE,2026-07-20,1
S-CAT-BLR01,CRANE,2026-07-21,4
S-CAT-BLR01,CRANE,2026-07-22,2
S-CAT-BLR01,CRANE,2026-07-23,2
S-CAT-BLR01,CRANE,2026-07-24,4
S-CAT-BLR01,CRANE,2026-07-25,0
S-CAT-BLR01,CRANE,2026-07-26,0
S-CAT-BLR01,CRANE,2026-07-27,3
S-CAT-BLR01,CRANE,2026-07-28,1
S-CAT-BLR01,CRANE,2026-07-29,3
S-CAT-BLR01,CRANE,2026-07-30,3
S-CAT-BLR01,CRANE,2026-07-31,1
S-CAT-BLR01,CRANE,2026-08-01,0
S-CAT-BLR01,CRANE,2026-08-02,1
S-CAT-BLR01,CRANE,2026-08-03,2
S-CAT-BLR01,CRANE,2026-08-04,4
S-CAT-BLR01,CRANE,2026-08-05,2
S-CAT-BLR01,CRANE,2026-08-06,1
S-CAT-BLR01,CRANE,2026-08-07,1
S-CAT-BLR01,CRANE,2026-08-08,1
S-CAT-BLR01,CRANE,2026-08-09,2
S-CAT-BLR01,CRANE,2026-08-10,1
S-CAT-BLR01,CRANE,2026-08-11,4
S-CAT-BLR01,CRANE,2026-08-12,2
S-CAT-BLR01,CRANE,2026-08-13,4
S-CAT-BLR01,CRANE,2026-08-14,2
S-CAT-BLR01,CRANE,2026-08-15,0
S-CAT-BLR01,CRANE,2026-08-16,0
S-CAT-BLR01,CRANE,2026-08-17,3
S-CAT-BLR01,CRANE,2026-08-18,2
S-CAT-BLR01,CRANE,2026-08-19,2
S-CAT-BLR01,CRANE,2026-08-20,4
S-CAT-BLR01,CRANE,2026-08-21,3
S-CAT-BLR01,CRANE,2026-08-22,1
S-CAT-BLR01,CRANE,2026-08-23,1
S-CAT-BLR01,CRANE,2026-08-24,2
S-CAT-BLR01,CRANE,2026-08-25,1
S-CAT-BLR01,CRANE,2026-08-26,1
S-CAT-BLR01,CRANE,2026-08-27,4
S-CAT-BLR01,CRANE,2026-08-28,4
S-CAT-BLR01,CRANE,2026-08-29,1
S-CAT-BLR01,CRANE,2026-08-30,0
S-CAT-BLR01,CRANE,2026-08-31,3
S-CAT-BLR01,CRANE,2026-09-01,1
S-CAT-HYD02,EXCAVATOR,2026-05-05,4
S-CAT-HYD02,EXCAVATOR,2026-05-06,6
S-CAT-HYD02,EXCAVATOR,2026-05-07,7
S-CAT-HYD02,EXCAVATOR,2026-05-08,5
S-CAT-HYD02,EXCAVATOR,2026-05-09,2
S-CAT-HYD02,EXCAVATOR,2026-05-10,2
S-CAT-HYD02,EXCAVATOR,2026-05-11,5
S-CAT-HYD02,EXCAVATOR,2026-05-12,5
S-CAT-HYD02,EXCAVATOR,2026-05-13,6
S-CAT-HYD02,EXCAVATOR,2026-05-14,4
S-CAT-HYD02,EXCAVATOR,2026-05-15,7
S-CAT-HYD02,EXCAVATOR,2026-05-16,2
S-CAT-HYD02,EXCAVATOR,2026-05-17,3
S-CAT-HYD02,EXCAVATOR,2026-05-18,7
S-CAT-HYD02,EXCAVATOR,2026-05-19,7
S-CAT-HYD02,EXCAVATOR,2026-05-20,7
S-CAT-HYD02,EXCAVATOR,2026-05-21,6
S-CAT-HYD02,EXCAVATOR,2026-05-22,4
S-CAT-HYD02,EXCAVATOR,2026-05-23,4
S-CAT-HYD02,EXCAVATOR,2026-05-24,3
S-CAT-HYD02,EXCAVATOR,2026-05-25,6
S-CAT-HYD02,EXCAVATOR,2026-05-26,7
S-CAT-HYD02,EXCAVATOR,2026-05-27,6
S-CAT-HYD02,EXCAVATOR,2026-05-28,5
S-CAT-HYD02,EXCAVATOR,2026-05-29,7
S-CAT-HYD02,EXCAVATOR,2026-05-30,2
S-CAT-HYD02,EXCAVATOR,2026-05-31,3
S-CAT-HYD02,EXCAVATOR,2026-06-01,7
S-CAT-HYD02,EXCAVATOR,2026-06-02,7
S-CAT-HYD02,EXCAVATOR,2026-06-03,6
S-CAT-HYD02,EXCAVATOR,2026-06-04,5
S-CAT-HYD02,EXCAVATOR,2026-06-05,6
S-CAT-HYD02,EXCAVATOR,2026-06-06,2
S-CAT-HYD02,EXCAVATOR,2026-06-07,3
S-CAT-HYD02,EXCAVATOR,2026-06-08,4
S-CAT-HYD02,EXCAVATOR,2026-06-09,4
S-CAT-HYD02,EXCAVATOR,2026-06-10,6
S-CAT-HYD02,EXCAVATOR,2026-06-11,7
S-CAT-HYD02,EXCAVATOR,2026-06-12,5
S-CAT-HYD02,EXCAVATOR,2026-06-13,2
S-CAT-HYD02,EXCAVATOR,2026-06-14,4
S-CAT-HYD02,EXCAVATOR,2026-06-15,7
S-CAT-HYD02,EXCAVATOR,2026-06-16,7
S-CAT-HYD02,EXCAVATOR,2026-06-17,5
S-CAT-HYD02,EXCAVATOR,2026-06-18,7
S-CAT-HYD02,EXCAVATOR,2026-06-19,6
S-CAT-HYD02,EXCAVATOR,2026-06-20,2
S-CAT-HYD02,EXCAVATOR,2026-06-21,4
S-CAT-HYD02,EXCAVATOR,2026-06-22,4
S-CAT-HYD02,EXCAVATOR,2026-06-23,5
S-CAT-HYD02,EXCAVATOR,2026-06-24,4
S-CAT-HYD02,EXCAVATOR,2026-06-25,7
S-CAT-HYD02,EXCAVATOR,2026-06-26,5
S-CAT-HYD02,EXCAVATOR,2026-06-27,3
S-CAT-HYD02,EXCAVATOR,2026-06-28,3
S-CAT-HYD02,EXCAVATOR,2026-06-29,5
S-CAT-HYD02,EXCAVATOR,2026-06-30,5
S-CAT-HYD02,EXCAVATOR,2026-07-01,4
S-CAT-HYD02,EXCAVATOR,2026-07-02,7
S-CAT-HYD02,EXCAVATOR,2026-07-03,4
S-CAT-HYD02,EXCAVATOR,2026-07-04,4
S-CAT-HYD02,EXCAVATOR,2026-07-05,3
S-CAT-HYD02,EXCAVATOR,2026-07-06,5
S-CAT-HYD02,EXCAVATOR,2026-07-07,6
S-CAT-HYD02,EXCAVATOR,2026-07-08,6
S-CAT-HYD02,EXCAVATOR,2026-07-09,4
S-CAT-HYD02,EXCAVATOR,2026-07-10,4
S-CAT-HYD02,EXCAVATOR,2026-07-11,4
S-CAT-HYD02,EXCAVATOR,2026-07-12,4
S-CAT-HYD02,EXCAVATOR,2026-07-13,6
S-CAT-HYD02,EXCAVATOR,2026-07-14,6
S-CAT-HYD02,EXCAVATOR,2026-07-15,7
S-CAT-HYD02,EXCAVATOR,2026-07-16,4
S-CAT-HYD02,EXCAVATOR,2026-07-17,7
S-CAT-HYD02,EXCAVATOR,2026-07-18,2
S-CAT-HYD02,EXCAVATOR,2026-07-19,4
S-CAT-HYD02,EXCAVATOR,2026-07-20,5
S-CAT-HYD02,EXCAVATOR,2026-07-21,5
S-CAT-HYD02,EXCAVATOR,2026-07-22,4
S-CAT-HYD02,EXCAVATOR,2026-07-23,4
S-CAT-HYD02,EXCAVATOR,2026-07-24,4
S-CAT-HYD02,EXCAVATOR,2026-07-25,3
S-CAT-HYD02,EXCAVATOR,2026-07-26,3
S-CAT-HYD02,EXCAVATOR,2026-07-27,7
S-CAT-HYD02,EXCAVATOR,2026-07-28,6
S-CAT-HYD02,EXCAVATOR,2026-07-29,7
S-CAT-HYD02,EXCAVATOR,2026-07-30,7
S-CAT-HYD02,EXCAVATOR,2026-07-31,7
S-CAT-HYD02,EXCAVATOR,2026-08-01,2
S-CAT-HYD02,EXCAVATOR,2026-08-02,3
S-CAT-HYD02,EXCAVATOR,2026-08-03,6
S-CAT-HYD02,EXCAVATOR,2026-08-04,7
S-CAT-HYD02,EXCAVATOR,2026-08-05,5
S-CAT-HYD02,EXCAVATOR,2026-08-06,7
S-CAT-HYD02,EXCAVATOR,2026-08-07,4
S-CAT-HYD02,EXCAVATOR,2026-08-08,4
S-CAT-HYD02,EXCAVATOR,2026-08-09,3
S-CAT-HYD02,EXCAVATOR,2026-08-10,5
S-CAT-HYD02,EXCAVATOR,2026-08-11,4
S-CAT-HYD02,EXCAVATOR,2026-08-12,7
S-CAT-HYD02,EXCAVATOR,2026-08-13,6
S-CAT-HYD02,EXCAVATOR,2026-08-14,6
S-CAT-HYD02,EXCAVATOR,2026-08-15,2
S-CAT-HYD02,EXCAVATOR,2026-08-16,3
S-CAT-HYD02,EXCAVATOR,2026-08-17,6
S-CAT-HYD02,EXCAVATOR,2026-08-18,6
S-CAT-HYD02,EXCAVATOR,2026-08-19,6
S-CAT-HYD02,EXCAVATOR,2026-08-20,7
S-CAT-HYD02,EXCAVATOR,2026-08-21,4
S-CAT-HYD02,EXCAVATOR,2026-08-22,3
S-CAT-HYD02,EXCAVATOR,2026-08-23,3
S-CAT-HYD02,EXCAVATOR,2026-08-24,6
S-CAT-HYD02,EXCAVATOR,2026-08-25,7
S-CAT-HYD02,EXCAVATOR,2026-08-26,6
S-CAT-HYD02,EXCAVATOR,2026-08-27,6
S-CAT-HYD02,EXCAVATOR,2026-08-28,7
S-CAT-HYD02,EXCAVATOR,2026-08-29,2
S-CAT-HYD02,EXCAVATOR,2026-08-30,3
S-CAT-HYD02,EXCAVATOR,2026-08-31,7
S-CAT-HYD02,EXCAVATOR,2026-09-01,5
S-CAT-HYD02,EXCAVATOR,2026-05-05,7
S-CAT-HYD02,EXCAVATOR,2026-05-06,6
S-CAT-HYD02,EXCAVATOR,2026-05-07,4
S-CAT-HYD02,EXCAVATOR,2026-05-08,5
S-CAT-HYD02,EXCAVATOR,2026-05-09,2
S-CAT-HYD02,EXCAVATOR,2026-05-10,3
S-CAT-HYD02,EXCAVATOR,2026-05-11,7
S-CAT-HYD02,EXCAVATOR,2026-05-12,5
S-CAT-HYD02,EXCAVATOR,2026-05-13,4
S-CAT-HYD02,EXCAVATOR,2026-05-14,5
S-CAT-HYD02,EXCAVATOR,2026-05-15,5
S-CAT-HYD02,EXCAVATOR,2026-05-16,3
S-CAT-HYD02,EXCAVATOR,2026-05-17,2
S-CAT-HYD02,EXCAVATOR,2026-05-18,5
S-CAT-HYD02,EXCAVATOR,2026-05-19,4
S-CAT-HYD02,EXCAVATOR,2026-05-20,7
S-CAT-HYD02,EXCAVATOR,2026-05-21,4
S-CAT-HYD02,EXCAVATOR,2026-05-22,6
S-CAT-HYD02,EXCAVATOR,2026-05-23,3
S-CAT-HYD02,EXCAVATOR,2026-05-24,3
S-CAT-HYD02,EXCAVATOR,2026-05-25,6
S-CAT-HYD02,EXCAVATOR,2026-05-26,7
S-CAT-HYD02,EXCAVATOR,2026-05-27,7
S-CAT-HYD02,EXCAVATOR,2026-05-28,4
S-CAT-HYD02,EXCAVATOR,2026-05-29,4
S-CAT-HYD02,EXCAVATOR,2026-05-30,3
S-CAT-HYD02,EXCAVATOR,2026-05-31,3
S-CAT-HYD02,EXCAVATOR,2026-06-01,7
S-CAT-HYD02,EXCAVATOR,2026-06-02,7
S-CAT-HYD02,EXCAVATOR,2026-06-03,5
S-CAT-HYD02,EXCAVATOR,2026-06-04,7
S-CAT-HYD02,EXCAVATOR,2026-06-05,6
S-CAT-HYD02,EXCAVATOR,2026-06-06,3
S-CAT-HYD02,EXCAVATOR,2026-06-07,3
S-CAT-HYD02,EXCAVATOR,2026-06-08,6
S-CAT-HYD02,EXCAVATOR,2026-06-09,4
S-CAT-HYD02,EXCAVATOR,2026-06-10,6
S-CAT-HYD02,EXCAVATOR,2026-06-11,4
S-CAT-HYD02,EXCAVATOR,2026-06-12,7
S-CAT-HYD02,EXCAVATOR,2026-06-13,2
S-CAT-HYD02,EXCAVATOR,2026-06-14,3
S-CAT-HYD02,EXCAVATOR,2026-06-15,5
S-CAT-HYD02,EXCAVATOR,2026-06-16,5
S-CAT-HYD02,EXCAVATOR,2026-06-17,5
S-CAT-HYD02,EXCAVATOR,2026-06-18,5
S-CAT-HYD02,EXCAVATOR,2026-06-19,6
S-CAT-HYD02,EXCAVATOR,2026-06-20,4
S-CAT-HYD02,EXCAVATOR,2026-06-21,2
S-CAT-HYD02,EXCAVATOR,2026-06-22,4
S-CAT-HYD02,EXCAVATOR,2026-06-23,7
S-CAT-HYD02,EXCAVATOR,2026-06-24,5
S-CAT-HYD02,EXCAVATOR,2026-06-25,5
S-CAT-HYD02,EXCAVATOR,2026-06-26,4
S-CAT-HYD02,EXCAVATOR,2026-06-27,3
S-CAT-HYD02,EXCAVATOR,2026-06-28,3
S-CAT-HYD02,EXCAVATOR,2026-06-29,6
S-CAT-HYD02,EXCAVATOR,2026-06-30,6
S-CAT-HYD02,EXCAVATOR,2026-07-01,7
S-CAT-HYD02,EXCAVATOR,2026-07-02,7
S-CAT-HYD02,EXCAVATOR,2026-07-03,6
S-CAT-HYD02,EXCAVATOR,2026-07-04,4
S-CAT-HYD02,EXCAVATOR,2026-07-05,3
S-CAT-HYD02,EXCAVATOR,2026-07-06,5
S-CAT-HYD02,EXCAVATOR,2026-07-07,7
S-CAT-HYD02,EXCAVATOR,2026-07-08,6
S-CAT-HYD02,EXCAVATOR,2026-07-09,7
S-CAT-HYD02,EXCAVATOR,2026-07-10,4
S-CAT-HYD02,EXCAVATOR,2026-07-11,2
S-CAT-HYD02,EXCAVATOR,2026-07-12,3
S-CAT-HYD02,EXCAVATOR,2026-07-13,6
S-CAT-HYD02,EXCAVATOR,2026-07-14,6
S-CAT-HYD02,EXCAVATOR,2026-07-15,4
S-CAT-HYD02,EXCAVATOR,2026-07-16,7
S-CAT-HYD02,EXCAVATOR,2026-07-17,4
S-CAT-HYD02,EXCAVATOR,2026-07-18,3
S-CAT-HYD02,EXCAVATOR,2026-07-19,3
S-CAT-HYD02,EXCAVATOR,2026-07-20,6
S-CAT-HYD02,EXCAVATOR,2026-07-21,6
S-CAT-HYD02,EXCAVATOR,2026-07-22,6
S-CAT-HYD02,EXCAVATOR,2026-07-23,6
S-CAT-HYD02,EXCAVATOR,2026-07-24,5
S-CAT-HYD02,EXCAVATOR,2026-07-25,3
S-CAT-HYD02,EXCAVATOR,2026-07-26,3
S-CAT-HYD02,EXCAVATOR,2026-07-27,4
S-CAT-HYD02,EXCAVATOR,2026-07-28,7
S-CAT-HYD02,EXCAVATOR,2026-07-29,6
S-CAT-HYD02,EXCAVATOR,2026-07-30,5
S-CAT-HYD02,EXCAVATOR,2026-07-31,4
S-CAT-HYD02,EXCAVATOR,2026-08-01,4
S-CAT-HYD02,EXCAVATOR,2026-08-02,3
S-CAT-HYD02,EXCAVATOR,2026-08-03,6
S-CAT-HYD02,EXCAVATOR,2026-08-04,7
S-CAT-HYD02,EXCAVATOR,2026-08-05,7
S-CAT-HYD02,EXCAVATOR,2026-08-06,7
S-CAT-HYD02,EXCAVATOR,2026-08-07,4
S-CAT-HYD02,EXCAVATOR,2026-08-08,3
S-CAT-HYD02,EXCAVATOR,2026-08-09,3
S-CAT-HYD02,EXCAVATOR,2026-08-10,5
S-CAT-HYD02,EXCAVATOR,2026-08-11,7
S-CAT-HYD02,EXCAVATOR,2026-08-12,6
S-CAT-HYD02,EXCAVATOR,2026-08-13,6
S-CAT-HYD02,EXCAVATOR,2026-08-14,5
S-CAT-HYD02,EXCAVATOR,2026-08-15,3
S-CAT-HYD02,EXCAVATOR,2026-08-16,3
S-CAT-HYD02,EXCAVATOR,2026-08-17,4
S-CAT-HYD02,EXCAVATOR,2026-08-18,7
S-CAT-HYD02,EXCAVATOR,2026-08-19,5
S-CAT-HYD02,EXCAVATOR,2026-08-20,6
S-CAT-HYD02,EXCAVATOR,2026-08-21,5
S-CAT-HYD02,EXCAVATOR,2026-08-22,3
S-CAT-HYD02,EXCAVATOR,2026-08-23,2
S-CAT-HYD02,EXCAVATOR,2026-08-24,5
S-CAT-HYD02,EXCAVATOR,2026-08-25,6
S-CAT-HYD02,EXCAVATOR,2026-08-26,5
S-CAT-HYD02,EXCAVATOR,2026-08-27,6
S-CAT-HYD02,EXCAVATOR,2026-08-28,7
S-CAT-HYD02,EXCAVATOR,2026-08-29,3
S-CAT-HYD02,EXCAVATOR,2026-08-30,3
S-CAT-HYD02,EXCAVATOR,2026-08-31,6
S-CAT-HYD02,EXCAVATOR,2026-09-01,6
S-CAT-HYD02,BULLDOZER,2026-05-05,4
S-CAT-HYD02,BULLDOZER,2026-05-06,7
S-CAT-HYD02,BULLDOZER,2026-05-07,4
S-CAT-HYD02,BULLDOZER,2026-05-08,4
S-CAT-HYD02,BULLDOZER,2026-05-09,4
S-CAT-HYD02,BULLDOZER,2026-05-10,3
S-CAT-HYD02,BULLDOZER,2026-05-11,4
S-CAT-HYD02,BULLDOZER,2026-05-12,7
S-CAT-HYD02,BULLDOZER,2026-05-13,6
S-CAT-HYD02,BULLDOZER,2026-05-14,7
S-CAT-HYD02,BULLDOZER,2026-05-15,4
S-CAT-HYD02,BULLDOZER,2026-05-16,3
S-CAT-HYD02,BULLDOZER,2026-05-17,3
S-CAT-HYD02,BULLDOZER,2026-05-18,5
S-CAT-HYD02,BULLDOZER,2026-05-19,6
S-CAT-HYD02,BULLDOZER,2026-05-20,7
S-CAT-HYD02,BULLDOZER,2026-05-21,7
S-CAT-HYD02,BULLDOZER,2026-05-22,5
S-CAT-HYD02,BULLDOZER,2026-05-23,3
S-CAT-HYD02,BULLDOZER,2026-05-24,3
S-CAT-HYD02,BULLDOZER,2026-05-25,4
S-CAT-HYD02,BULLDOZER,2026-05-26,7
S-CAT-HYD02,BULLDOZER,2026-05-27,6
S-CAT-HYD02,BULLDOZER,2026-05-28,5
S-CAT-HYD02,BULLDOZER,2026-05-29,6
S-CAT-HYD02,BULLDOZER,2026-05-30,2
S-CAT-HYD02,BULLDOZER,2026-05-31,2
S-CAT-HYD02,BULLDOZER,2026-06-01,7
S-CAT-HYD02,BULLDOZER,2026-06-02,6
S-CAT-HYD02,BULLDOZER,2026-06-03,5
S-CAT-HYD02,BULLDOZER,2026-06-04,5
S-CAT-HYD02,BULLDOZER,2026-06-05,5
S-CAT-HYD02,BULLDOZER,2026-06-06,4
S-CAT-HYD02,BULLDOZER,2026-06-07,2
S-CAT-HYD02,BULLDOZER,2026-06-08,5
S-CAT-HYD02,BULLDOZER,2026-06-09,7
S-CAT-HYD02,BULLDOZER,2026-06-10,7
S-CAT-HYD02,BULLDOZER,2026-06-11,7
S-CAT-HYD02,BULLDOZER,2026-06-12,7
S-CAT-HYD02,BULLDOZER,2026-06-13,4
S-CAT-HYD02,BULLDOZER,2026-06-14,4
S-CAT-HYD02,BULLDOZER,2026-06-15,4
S-CAT-HYD02,BULLDOZER,2026-06-16,4
S-CAT-HYD02,BULLDOZER,2026-06-17,5
S-CAT-HYD02,BULLDOZER,2026-06-18,6
S-CAT-HYD02,BULLDOZER,2026-06-19,4
S-CAT-HYD02,BULLDOZER,2026-06-20,3
S-CAT-HYD02,BULLDOZER,2026-06-21,3
S-CAT-HYD02,BULLDOZER,2026-06-22,4
S-CAT-HYD02,BULLDOZER,2026-06-23,4
S-CAT-HYD02,BULLDOZER,2026-06-24,5
S-CAT-HYD02,BULLDOZER,2026-06-25,5
S-CAT-HYD02,BULLDOZER,2026-06-26,6
S-CAT-HYD02,BULLDOZER,2026-06-27,3
S-CAT-HYD02,BULLDOZER,2026-06-28,3
S-CAT-HYD02,BULLDOZER,2026-06-29,4
S-CAT-HYD02,BULLDOZER,2026-06-30,7
S-CAT-HYD02,BULLDOZER,2026-07-01,6
S-CAT-HYD02,BULLDOZER,2026-07-02,5
S-CAT-HYD02,BULLDOZER,2026-07-03,4
S-CAT-HYD02,BULLDOZER,2026-07-04,2
S-CAT-HYD02,BULLDOZER,2026-07-05,3
S-CAT-HYD02,BULLDOZER,2026-07-06,6
S-CAT-HYD02,BULLDOZER,2026-07-07,7
S-CAT-HYD02,BULLDOZER,2026-07-08,6
S-CAT-HYD02,BULLDOZER,2026-07-09,7
S-CAT-HYD02,BULLDOZER,2026-07-10,5
S-CAT-HYD02,BULLDOZER,2026-07-11,3
S-CAT-HYD02,BULLDOZER,2026-07-12,4
S-CAT-HYD02,BULLDOZER,2026-07-13,6
S-CAT-HYD02,BULLDOZER,2026-07-14,5
S-CAT-HYD02,BULLDOZER,2026-07-15,5
S-CAT-HYD02,BULLDOZER,2026-07-16,7
S-CAT-HYD02,BULLDOZER,2026-07-17,4
S-CAT-HYD02,BULLDOZER,2026-07-18,3
S-CAT-HYD02,BULLDOZER,2026-07-19,3
S-CAT-HYD02,BULLDOZER,2026-07-20,5
S-CAT-HYD02,BULLDOZER,2026-07-21,5
S-CAT-HYD02,BULLDOZER,2026-07-22,4
S-CAT-HYD02,BULLDOZER,2026-07-23,5
S-CAT-HYD02,BULLDOZER,2026-07-24,4
S-CAT-HYD02,BULLDOZER,2026-07-25,3
S-CAT-HYD02,BULLDOZER,2026-07-26,2
S-CAT-HYD02,BULLDOZER,2026-07-27,7
S-CAT-HYD02,BULLDOZER,2026-07-28,6
S-CAT-HYD02,BULLDOZER,2026-07-29,4
S-CAT-HYD02,BULLDOZER,2026-07-30,4
S-CAT-HYD02,BULLDOZER,2026-07-31,4
S-CAT-HYD02,BULLDOZER,2026-08-01,2
S-CAT-HYD02,BULLDOZER,2026-08-02,2
S-CAT-HYD02,BULLDOZER,2026-08-03,4
S-CAT-HYD02,BULLDOZER,2026-08-04,7
S-CAT-HYD02,BULLDOZER,2026-08-05,7
S-CAT-HYD02,BULLDOZER,2026-08-06,7
S-CAT-HYD02,BULLDOZER,2026-08-07,4
S-CAT-HYD02,BULLDOZER,2026-08-08,3
S-CAT-HYD02,BULLDOZER,2026-08-09,4
S-CAT-HYD02,BULLDOZER,2026-08-10,5
S-CAT-HYD02,BULLDOZER,2026-08-11,5
S-CAT-HYD02,BULLDOZER,2026-08-12,4
S-CAT-HYD02,BULLDOZER,2026-08-13,6
S-CAT-HYD02,BULLDOZER,2026-08-14,7
S-CAT-HYD02,BULLDOZER,2026-08-15,2
S-CAT-HYD02,BULLDOZER,2026-08-16,3
S-CAT-HYD02,BULLDOZER,2026-08-17,5
S-CAT-HYD02,BULLDOZER,2026-08-18,7
S-CAT-HYD02,BULLDOZER,2026-08-19,4
S-CAT-HYD02,BULLDOZER,2026-08-20,4
S-CAT-HYD02,BULLDOZER,2026-08-21,6
S-CAT-HYD02,BULLDOZER,2026-08-22,2
S-CAT-HYD02,BULLDOZER,2026-08-23,2
S-CAT-HYD02,BULLDOZER,2026-08-24,7
S-CAT-HYD02,BULLDOZER,2026-08-25,5
S-CAT-HYD02,BULLDOZER,2026-08-26,5
S-CAT-HYD02,BULLDOZER,2026-08-27,6
S-CAT-HYD02,BULLDOZER,2026-08-28,5
S-CAT-HYD02,BULLDOZER,2026-08-29,3
S-CAT-HYD02,BULLDOZER,2026-08-30,4
S-CAT-HYD02,BULLDOZER,2026-08-31,6
S-CAT-HYD02,BULLDOZER,2026-09-01,5
S-CAT-HYD02,BULLDOZER,2026-05-05,4
S-CAT-HYD02,BULLDOZER,2026-05-06,2
S-CAT-HYD02,BULLDOZER,2026-05-07,4
S-CAT-HYD02,BULLDOZER,2026-05-08,3
S-CAT-HYD02,BULLDOZER,2026-05-09,1
S-CAT-HYD02,BULLDOZER,2026-05-10,0
S-CAT-HYD02,BULLDOZER,2026-05-11,1
S-CAT-HYD02,BULLDOZER,2026-05-12,1
S-CAT-HYD02,BULLDOZER,2026-05-13,1
S-CAT-HYD02,BULLDOZER,2026-05-14,4
S-CAT-HYD02,BULLDOZER,2026-05-15,2
S-CAT-HYD02,BULLDOZER,2026-05-16,0
S-CAT-HYD02,BULLDOZER,2026-05-17,0
S-CAT-HYD02,BULLDOZER,2026-05-18,1
S-CAT-HYD02,BULLDOZER,2026-05-19,3
S-CAT-HYD02,BULLDOZER,2026-05-20,2
S-CAT-HYD02,BULLDOZER,2026-05-21,4
S-CAT-HYD02,BULLDOZER,2026-05-22,3
S-CAT-HYD02,BULLDOZER,2026-05-23,1
S-CAT-HYD02,BULLDOZER,2026-05-24,2
S-CAT-HYD02,BULLDOZER,2026-05-25,1
S-CAT-HYD02,BULLDOZER,2026-05-26,1
S-CAT-HYD02,BULLDOZER,2026-05-27,2
S-CAT-HYD02,BULLDOZER,2026-05-28,1
S-CAT-HYD02,BULLDOZER,2026-05-29,3
S-CAT-HYD02,BULLDOZER,2026-05-30,1
S-CAT-HYD02,BULLDOZER,2026-05-31,1
S-CAT-HYD02,BULLDOZER,2026-06-01,4
S-CAT-HYD02,BULLDOZER,2026-06-02,1
S-CAT-HYD02,BULLDOZER,2026-06-03,1
S-CAT-HYD02,BULLDOZER,2026-06-04,1
S-CAT-HYD02,BULLDOZER,2026-06-05,1
S-CAT-HYD02,BULLDOZER,2026-06-06,1
S-CAT-HYD02,BULLDOZER,2026-06-07,1
S-CAT-HYD02,BULLDOZER,2026-06-08,3
S-CAT-HYD02,BULLDOZER,2026-06-09,3
S-CAT-HYD02,BULLDOZER,2026-06-10,4
S-CAT-HYD02,BULLDOZER,2026-06-11,3
S-CAT-HYD02,BULLDOZER,2026-06-12,1
S-CAT-HYD02,BULLDOZER,2026-06-13,1
S-CAT-HYD02,BULLDOZER,2026-06-14,1
S-CAT-HYD02,BULLDOZER,2026-06-15,2
S-CAT-HYD02,BULLDOZER,2026-06-16,1
S-CAT-HYD02,BULLDOZER,2026-06-17,4
S-CAT-HYD02,BULLDOZER,2026-06-18,4
S-CAT-HYD02,BULLDOZER,2026-06-19,4
S-CAT-HYD02,BULLDOZER,2026-06-20,1
S-CAT-HYD02,BULLDOZER,2026-06-21,2
S-CAT-HYD02,BULLDOZER,2026-06-22,4
S-CAT-HYD02,BULLDOZER,2026-06-23,4
S-CAT-HYD02,BULLDOZER,2026-06-24,2
S-CAT-HYD02,BULLDOZER,2026-06-25,1
S-CAT-HYD02,BULLDOZER,2026-06-26,2
S-CAT-HYD02,BULLDOZER,2026-06-27,0
S-CAT-HYD02,BULLDOZER,2026-06-28,1
S-CAT-HYD02,BULLDOZER,2026-06-29,1
S-CAT-HYD02,BULLDOZER,2026-06-30,4
S-CAT-HYD02,BULLDOZER,2026-07-01,4
S-CAT-HYD02,BULLDOZER,2026-07-02,4
S-CAT-HYD02,BULLDOZER,2026-07-03,2
S-CAT-HYD02,BULLDOZER,2026-07-04,2
S-CAT-HYD02,BULLDOZER,2026-07-05,1
S-CAT-HYD02,BULLDOZER,2026-07-06,1
S-CAT-HYD02,BULLDOZER,2026-07-07,2
S-CAT-HYD02,BULLDOZER,2026-07-08,4
S-CAT-HYD02,BULLDOZER,2026-07-09,4
S-CAT-HYD02,BULLDOZER,2026-07-10,1
S-CAT-HYD02,BULLDOZER,2026-07-11,2
S-CAT-HYD02,BULLDOZER,2026-07-12,2
S-CAT-HYD02,BULLDOZER,2026-07-13,1
S-CAT-HYD02,BULLDOZER,2026-07-14,1
S-CAT-HYD02,BULLDOZER,2026-07-15,3
S-CAT-HYD02,BULLDOZER,2026-07-16,3
S-CAT-HYD02,BULLDOZER,2026-07-17,1
S-CAT-HYD02,BULLDOZER,2026-07-18,1
S-CAT-HYD02,BULLDOZER,2026-07-19,1
S-CAT-HYD02,BULLDOZER,2026-07-20,1
S-CAT-HYD02,BULLDOZER,2026-07-21,4
S-CAT-HYD02,BULLDOZER,2026-07-22,2
S-CAT-HYD02,BULLDOZER,2026-07-23,4
S-CAT-HYD02,BULLDOZER,2026-07-24,3
S-CAT-HYD02,BULLDOZER,2026-07-25,2
S-CAT-HYD02,BULLDOZER,2026-07-26,1
S-CAT-HYD02,BULLDOZER,2026-07-27,1
S-CAT-HYD02,BULLDOZER,2026-07-28,1
S-CAT-HYD02,BULLDOZER,2026-07-29,2
S-CAT-HYD02,BULLDOZER,2026-07-30,4
S-CAT-HYD02,BULLDOZER,2026-07-31,4
S-CAT-HYD02,BULLDOZER,2026-08-01,1
S-CAT-HYD02,BULLDOZER,2026-08-02,0
S-CAT-HYD02,BULLDOZER,2026-08-03,4
S-CAT-HYD02,BULLDOZER,2026-08-04,3
S-CAT-HYD02,BULLDOZER,2026-08-05,2
S-CAT-HYD02,BULLDOZER,2026-08-06,3
S-CAT-HYD02,BULLDOZER,2026-08-07,3
S-CAT-HYD02,BULLDOZER,2026-08-08,0
S-CAT-HYD02,BULLDOZER,2026-08-09,1
S-CAT-HYD02,BULLDOZER,2026-08-10,4
S-CAT-HYD02,BULLDOZER,2026-08-11,4
S-CAT-HYD02,BULLDOZER,2026-08-12,2
S-CAT-HYD02,BULLDOZER,2026-08-13,1
S-CAT-HYD02,BULLDOZER,2026-08-14,4
S-CAT-HYD02,BULLDOZER,2026-08-15,2
S-CAT-HYD02,BULLDOZER,2026-08-16,2
S-CAT-HYD02,BULLDOZER,2026-08-17,1
S-CAT-HYD02,BULLDOZER,2026-08-18,4
S-CAT-HYD02,BULLDOZER,2026-08-19,4
S-CAT-HYD02,BULLDOZER,2026-08-20,3
S-CAT-HYD02,BULLDOZER,2026-08-21,1
S-CAT-HYD02,BULLDOZER,2026-08-22,2
S-CAT-HYD02,BULLDOZER,2026-08-23,0
S-CAT-HYD02,BULLDOZER,2026-08-24,1
S-CAT-HYD02,BULLDOZER,2026-08-25,4
S-CAT-HYD02,BULLDOZER,2026-08-26,4
S-CAT-HYD02,BULLDOZER,2026-08-27,1
S-CAT-HYD02,BULLDOZER,2026-08-28,1
S-CAT-HYD02,BULLDOZER,2026-08-29,0
S-CAT-HYD02,BULLDOZER,2026-08-30,1
S-CAT-HYD02,BULLDOZER,2026-08-31,2
S-CAT-HYD02,BULLDOZER,2026-09-01,4
S-CAT-HYD02,WHEEL_LOADER,2026-05-05,5
S-CAT-HYD02,WHEEL_LOADER,2026-05-06,3
S-CAT-HYD02,WHEEL_LOADER,2026-05-07,4
S-CAT-HYD02,WHEEL_LOADER,2026-05-08,6
S-CAT-HYD02,WHEEL_LOADER,2026-05-09,3
S-CAT-HYD02,WHEEL_LOADER,2026-05-10,3
S-CAT-HYD02,WHEEL_LOADER,2026-05-11,5
S-CAT-HYD02,WHEEL_LOADER,2026-05-12,6
S-CAT-HYD02,WHEEL_LOADER,2026-05-13,3
S-CAT-HYD02,WHEEL_LOADER,2026-05-14,3
S-CAT-HYD02,WHEEL_LOADER,2026-05-15,4
S-CAT-HYD02,WHEEL_LOADER,2026-05-16,1
S-CAT-HYD02,WHEEL_LOADER,2026-05-17,3
S-CAT-HYD02,WHEEL_LOADER,2026-05-18,5
S-CAT-HYD02,WHEEL_LOADER,2026-05-19,5
S-CAT-HYD02,WHEEL_LOADER,2026-05-20,5
S-CAT-HYD02,WHEEL_LOADER,2026-05-21,3
S-CAT-HYD02,WHEEL_LOADER,2026-05-22,3
S-CAT-HYD02,WHEEL_LOADER,2026-05-23,2
S-CAT-HYD02,WHEEL_LOADER,2026-05-24,3
S-CAT-HYD02,WHEEL_LOADER,2026-05-25,4
S-CAT-HYD02,WHEEL_LOADER,2026-05-26,6
S-CAT-HYD02,WHEEL_LOADER,2026-05-27,3
S-CAT-HYD02,WHEEL_LOADER,2026-05-28,5
S-CAT-HYD02,WHEEL_LOADER,2026-05-29,4
S-CAT-HYD02,WHEEL_LOADER,2026-05-30,2
S-CAT-HYD02,WHEEL_LOADER,2026-05-31,1
S-CAT-HYD02,WHEEL_LOADER,2026-06-01,6
S-CAT-HYD02,WHEEL_LOADER,2026-06-02,4
S-CAT-HYD02,WHEEL_LOADER,2026-06-03,6
S-CAT-HYD02,WHEEL_LOADER,2026-06-04,4
S-CAT-HYD02,WHEEL_LOADER,2026-06-05,5
S-CAT-HYD02,WHEEL_LOADER,2026-06-06,1
S-CAT-HYD02,WHEEL_LOADER,2026-06-07,3
S-CAT-HYD02,WHEEL_LOADER,2026-06-08,3
S-CAT-HYD02,WHEEL_LOADER,2026-06-09,3
S-CAT-HYD02,WHEEL_LOADER,2026-06-10,6
S-CAT-HYD02,WHEEL_LOADER,2026-06-11,6
S-CAT-HYD02,WHEEL_LOADER,2026-06-12,4
S-CAT-HYD02,WHEEL_LOADER,2026-06-13,3
S-CAT-HYD02,WHEEL_LOADER,2026-06-14,1
S-CAT-HYD02,WHEEL_LOADER,2026-06-15,3
S-CAT-HYD02,WHEEL_LOADER,2026-06-16,6
S-CAT-HYD02,WHEEL_LOADER,2026-06-17,6
S-CAT-HYD02,WHEEL_LOADER,2026-06-18,4
S-CAT-HYD02,WHEEL_LOADER,2026-06-19,4
S-CAT-HYD02,WHEEL_LOADER,2026-06-20,2
S-CAT-HYD02,WHEEL_LOADER,2026-06-21,1
S-CAT-HYD02,WHEEL_LOADER,2026-06-22,6
S-CAT-HYD02,WHEEL_LOADER,2026-06-23,5
S-CAT-HYD02,WHEEL_LOADER,2026-06-24,6
S-CAT-HYD02,WHEEL_LOADER,2026-06-25,6
S-CAT-HYD02,WHEEL_LOADER,2026-06-26,4
S-CAT-HYD02,WHEEL_LOADER,2026-06-27,3
S-CAT-HYD02,WHEEL_LOADER,2026-06-28,3
S-CAT-HYD02,WHEEL_LOADER,2026-06-29,5
S-CAT-HYD02,WHEEL_LOADER,2026-06-30,5
S-CAT-HYD02,WHEEL_LOADER,2026-07-01,6
S-CAT-HYD02,WHEEL_LOADER,2026-07-02,4
S-CAT-HYD02,WHEEL_LOADER,2026-07-03,4
S-CAT-HYD02,WHEEL_LOADER,2026-07-04,3
S-CAT-HYD02,WHEEL_LOADER,2026-07-05,3
S-CAT-HYD02,WHEEL_LOADER,2026-07-06,5
S-CAT-HYD02,WHEEL_LOADER,2026-07-07,4
S-CAT-HYD02,WHEEL_LOADER,2026-07-08,4
S-CAT-HYD02,WHEEL_LOADER,2026-07-09,4
S-CAT-HYD02,WHEEL_LOADER,2026-07-10,5
S-CAT-HYD02,WHEEL_LOADER,2026-07-11,3
S-CAT-HYD02,WHEEL_LOADER,2026-07-12,2
S-CAT-HYD02,WHEEL_LOADER,2026-07-13,4
S-CAT-HYD02,WHEEL_LOADER,2026-07-14,5
S-CAT-HYD02,WHEEL_LOADER,2026-07-15,3
S-CAT-HYD02,WHEEL_LOADER,2026-07-16,5
S-CAT-HYD02,WHEEL_LOADER,2026-07-17,6
S-CAT-HYD02,WHEEL_LOADER,2026-07-18,3
S-CAT-HYD02,WHEEL_LOADER,2026-07-19,3
S-CAT-HYD02,WHEEL_LOADER,2026-07-20,6
S-CAT-HYD02,WHEEL_LOADER,2026-07-21,3
S-CAT-HYD02,WHEEL_LOADER,2026-07-22,3
S-CAT-HYD02,WHEEL_LOADER,2026-07-23,3
S-CAT-HYD02,WHEEL_LOADER,2026-07-24,6
S-CAT-HYD02,WHEEL_LOADER,2026-07-25,2
S-CAT-HYD02,WHEEL_LOADER,2026-07-26,1
S-CAT-HYD02,WHEEL_LOADER,2026-07-27,3
S-CAT-HYD02,WHEEL_LOADER,2026-07-28,4
S-CAT-HYD02,WHEEL_LOADER,2026-07-29,5
S-CAT-HYD02,WHEEL_LOADER,2026-07-30,4
S-CAT-HYD02,WHEEL_LOADER,2026-07-31,5
S-CAT-HYD02,WHEEL_LOADER,2026-08-01,3
S-CAT-HYD02,WHEEL_LOADER,2026-08-02,2
S-CAT-HYD02,WHEEL_LOADER,2026-08-03,3
S-CAT-HYD02,WHEEL_LOADER,2026-08-04,5
S-CAT-HYD02,WHEEL_LOADER,2026-08-05,4
S-CAT-HYD02,WHEEL_LOADER,2026-08-06,3
S-CAT-HYD02,WHEEL_LOADER,2026-08-07,5
S-CAT-HYD02,WHEEL_LOADER,2026-08-08,3
S-CAT-HYD02,WHEEL_LOADER,2026-08-09,1
S-CAT-HYD02,WHEEL_LOADER,2026-08-10,4
S-CAT-HYD02,WHEEL_LOADER,2026-08-11,6
S-CAT-HYD02,WHEEL_LOADER,2026-08-12,4
S-CAT-HYD02,WHEEL_LOADER,2026-08-13,5
S-CAT-HYD02,WHEEL_LOADER,2026-08-14,3
S-CAT-HYD02,WHEEL_LOADER,2026-08-15,3
S-CAT-HYD02,WHEEL_LOADER,2026-08-16,3
S-CAT-HYD02,WHEEL_LOADER,2026-08-17,6
S-CAT-HYD02,WHEEL_LOADER,2026-08-18,5
S-CAT-HYD02,WHEEL_LOADER,2026-08-19,3
S-CAT-HYD02,WHEEL_LOADER,2026-08-20,3
S-CAT-HYD02,WHEEL_LOADER,2026-08-21,5
S-CAT-HYD02,WHEEL_LOADER,2026-08-22,2
S-CAT-HYD02,WHEEL_LOADER,2026-08-23,3
S-CAT-HYD02,WHEEL_LOADER,2026-08-24,4
S-CAT-HYD02,WHEEL_LOADER,2026-08-25,5
S-CAT-HYD02,WHEEL_LOADER,2026-08-26,4
S-CAT-HYD02,WHEEL_LOADER,2026-08-27,4
S-CAT-HYD02,WHEEL_LOADER,2026-08-28,5
S-CAT-HYD02,WHEEL_LOADER,2026-08-29,3
S-CAT-HYD02,WHEEL_LOADER,2026-08-30,2
S-CAT-HYD02,WHEEL_LOADER,2026-08-31,3
S-CAT-HYD02,WHEEL_LOADER,2026-09-01,4
S-CAT-HYD02,WHEEL_LOADER,2026-05-05,2
S-CAT-HYD02,WHEEL_LOADER,2026-05-06,5
S-CAT-HYD02,WHEEL_LOADER,2026-05-07,2
S-CAT-HYD02,WHEEL_LOADER,2026-05-08,5
S-CAT-HYD02,WHEEL_LOADER,2026-05-09,2
S-CAT-HYD02,WHEEL_LOADER,2026-05-10,2
S-CAT-HYD02,WHEEL_LOADER,2026-05-11,3
S-CAT-HYD02,WHEEL_LOADER,2026-05-12,3
S-CAT-HYD02,WHEEL_LOADER,2026-05-13,4
S-CAT-HYD02,WHEEL_LOADER,2026-05-14,2
S-CAT-HYD02,WHEEL_LOADER,2026-05-15,4
S-CAT-HYD02,WHEEL_LOADER,2026-05-16,3
S-CAT-HYD02,WHEEL_LOADER,2026-05-17,1
S-CAT-HYD02,WHEEL_LOADER,2026-05-18,2
S-CAT-HYD02,WHEEL_LOADER,2026-05-19,3
S-CAT-HYD02,WHEEL_LOADER,2026-05-20,4
S-CAT-HYD02,WHEEL_LOADER,2026-05-21,2
S-CAT-HYD02,WHEEL_LOADER,2026-05-22,4
S-CAT-HYD02,WHEEL_LOADER,2026-05-23,3
S-CAT-HYD02,WHEEL_LOADER,2026-05-24,2
S-CAT-HYD02,WHEEL_LOADER,2026-05-25,2
S-CAT-HYD02,WHEEL_LOADER,2026-05-26,4
S-CAT-HYD02,WHEEL_LOADER,2026-05-27,3
S-CAT-HYD02,WHEEL_LOADER,2026-05-28,3
S-CAT-HYD02,WHEEL_LOADER,2026-05-29,2
S-CAT-HYD02,WHEEL_LOADER,2026-05-30,1
S-CAT-HYD02,WHEEL_LOADER,2026-05-31,3
S-CAT-HYD02,WHEEL_LOADER,2026-06-01,5
S-CAT-HYD02,WHEEL_LOADER,2026-06-02,2
S-CAT-HYD02,WHEEL_LOADER,2026-06-03,4
S-CAT-HYD02,WHEEL_LOADER,2026-06-04,3
S-CAT-HYD02,WHEEL_LOADER,2026-06-05,3
S-CAT-HYD02,WHEEL_LOADER,2026-06-06,2
S-CAT-HYD02,WHEEL_LOADER,2026-06-07,2
S-CAT-HYD02,WHEEL_LOADER,2026-06-08,4
S-CAT-HYD02,WHEEL_LOADER,2026-06-09,4
S-CAT-HYD02,WHEEL_LOADER,2026-06-10,3
S-CAT-HYD02,WHEEL_LOADER,2026-06-11,5
S-CAT-HYD02,WHEEL_LOADER,2026-06-12,2
S-CAT-HYD02,WHEEL_LOADER,2026-06-13,1
S-CAT-HYD02,WHEEL_LOADER,2026-06-14,2
S-CAT-HYD02,WHEEL_LOADER,2026-06-15,5
S-CAT-HYD02,WHEEL_LOADER,2026-06-16,3
S-CAT-HYD02,WHEEL_LOADER,2026-06-17,3
S-CAT-HYD02,WHEEL_LOADER,2026-06-18,2
S-CAT-HYD02,WHEEL_LOADER,2026-06-19,4
S-CAT-HYD02,WHEEL_LOADER,2026-06-20,3
S-CAT-HYD02,WHEEL_LOADER,2026-06-21,1
S-CAT-HYD02,WHEEL_LOADER,2026-06-22,5
S-CAT-HYD02,WHEEL_LOADER,2026-06-23,4
S-CAT-HYD02,WHEEL_LOADER,2026-06-24,4
S-CAT-HYD02,WHEEL_LOADER,2026-06-25,2
S-CAT-HYD02,WHEEL_LOADER,2026-06-26,4
S-CAT-HYD02,WHEEL_LOADER,2026-06-27,3
S-CAT-HYD02,WHEEL_LOADER,2026-06-28,3
S-CAT-HYD02,WHEEL_LOADER,2026-06-29,2
S-CAT-HYD02,WHEEL_LOADER,2026-06-30,4
S-CAT-HYD02,WHEEL_LOADER,2026-07-01,3
S-CAT-HYD02,WHEEL_LOADER,2026-07-02,4
S-CAT-HYD02,WHEEL_LOADER,2026-07-03,2
S-CAT-HYD02,WHEEL_LOADER,2026-07-04,1
S-CAT-HYD02,WHEEL_LOADER,2026-07-05,1
S-CAT-HYD02,WHEEL_LOADER,2026-07-06,2
S-CAT-HYD02,WHEEL_LOADER,2026-07-07,2
S-CAT-HYD02,WHEEL_LOADER,2026-07-08,3
S-CAT-HYD02,WHEEL_LOADER,2026-07-09,3
S-CAT-HYD02,WHEEL_LOADER,2026-07-10,5
S-CAT-HYD02,WHEEL_LOADER,2026-07-11,1
S-CAT-HYD02,WHEEL_LOADER,2026-07-12,1
S-CAT-HYD02,WHEEL_LOADER,2026-07-13,5
S-CAT-HYD02,WHEEL_LOADER,2026-07-14,2
S-CAT-HYD02,WHEEL_LOADER,2026-07-15,3
S-CAT-HYD02,WHEEL_LOADER,2026-07-16,2
S-CAT-HYD02,WHEEL_LOADER,2026-07-17,5
S-CAT-HYD02,WHEEL_LOADER,2026-07-18,2
S-CAT-HYD02,WHEEL_LOADER,2026-07-19,1
S-CAT-HYD02,WHEEL_LOADER,2026-07-20,2
S-CAT-HYD02,WHEEL_LOADER,2026-07-21,2
S-CAT-HYD02,WHEEL_LOADER,2026-07-22,2
S-CAT-HYD02,WHEEL_LOADER,2026-07-23,3
S-CAT-HYD02,WHEEL_LOADER,2026-07-24,4
S-CAT-HYD02,WHEEL_LOADER,2026-07-25,1
S-CAT-HYD02,WHEEL_LOADER,2026-07-26,1
S-CAT-HYD02,WHEEL_LOADER,2026-07-27,4
S-CAT-HYD02,WHEEL_LOADER,2026-07-28,5
S-CAT-HYD02,WHEEL_LOADER,2026-07-29,5
S-CAT-HYD02,WHEEL_LOADER,2026-07-30,5
S-CAT-HYD02,WHEEL_LOADER,2026-07-31,5
S-CAT-HYD02,WHEEL_LOADER,2026-08-01,3
S-CAT-HYD02,WHEEL_LOADER,2026-08-02,2
S-CAT-HYD02,WHEEL_LOADER,2026-08-03,2
S-CAT-HYD02,WHEEL_LOADER,2026-08-04,5
S-CAT-HYD02,WHEEL_LOADER,2026-08-05,2
S-CAT-HYD02,WHEEL_LOADER,2026-08-06,2
S-CAT-HYD02,WHEEL_LOADER,2026-08-07,2
S-CAT-HYD02,WHEEL_LOADER,2026-08-08,1
S-CAT-HYD02,WHEEL_LOADER,2026-08-09,1
S-CAT-HYD02,WHEEL_LOADER,2026-08-10,4
S-CAT-HYD02,WHEEL_LOADER,2026-08-11,2
S-CAT-HYD02,WHEEL_LOADER,2026-08-12,4
S-CAT-HYD02,WHEEL_LOADER,2026-08-13,4
S-CAT-HYD02,WHEEL_LOADER,2026-08-14,2
S-CAT-HYD02,WHEEL_LOADER,2026-08-15,2
S-CAT-HYD02,WHEEL_LOADER,2026-08-16,3
S-CAT-HYD02,WHEEL_LOADER,2026-08-17,5
S-CAT-HYD02,WHEEL_LOADER,2026-08-18,5
S-CAT-HYD02,WHEEL_LOADER,2026-08-19,2
S-CAT-HYD02,WHEEL_LOADER,2026-08-20,5
S-CAT-HYD02,WHEEL_LOADER,2026-08-21,3
S-CAT-HYD02,WHEEL_LOADER,2026-08-22,1
S-CAT-HYD02,WHEEL_LOADER,2026-08-23,1
S-CAT-HYD02,WHEEL_LOADER,2026-08-24,5
S-CAT-HYD02,WHEEL_LOADER,2026-08-25,4
S-CAT-HYD02,WHEEL_LOADER,2026-08-26,3
S-CAT-HYD02,WHEEL_LOADER,2026-08-27,4
S-CAT-HYD02,WHEEL_LOADER,2026-08-28,4
S-CAT-HYD02,WHEEL_LOADER,2026-08-29,1
S-CAT-HYD02,WHEEL_LOADER,2026-08-30,1
S-CAT-HYD02,WHEEL_LOADER,2026-08-31,2
S-CAT-HYD02,WHEEL_LOADER,2026-09-01,2
S-CAT-HYD02,DUMP_TRUCK,2026-05-05,4
S-CAT-HYD02,DUMP_TRUCK,2026-05-06,1
S-CAT-HYD02,DUMP_TRUCK,2026-05-07,3
S-CAT-HYD02,DUMP_TRUCK,2026-05-08,2
S-CAT-HYD02,DUMP_TRUCK,2026-05-09,1
S-CAT-HYD02,DUMP_TRUCK,2026-05-10,1
S-CAT-HYD02,DUMP_TRUCK,2026-05-11,4
S-CAT-HYD02,DUMP_TRUCK,2026-05-12,2
S-CAT-HYD02,DUMP_TRUCK,2026-05-13,2
S-CAT-HYD02,DUMP_TRUCK,2026-05-14,2
S-CAT-HYD02,DUMP_TRUCK,2026-05-15,2
S-CAT-HYD02,DUMP_TRUCK,2026-05-16,1
S-CAT-HYD02,DUMP_TRUCK,2026-05-17,1
S-CAT-HYD02,DUMP_TRUCK,2026-05-18,1
S-CAT-HYD02,DUMP_TRUCK,2026-05-19,2
S-CAT-HYD02,DUMP_TRUCK,2026-05-20,1
S-CAT-HYD02,DUMP_TRUCK,2026-05-21,4
S-CAT-HYD02,DUMP_TRUCK,2026-05-22,1
S-CAT-HYD02,DUMP_TRUCK,2026-05-23,1
S-CAT-HYD02,DUMP_TRUCK,2026-05-24,0
S-CAT-HYD02,DUMP_TRUCK,2026-05-25,3
S-CAT-HYD02,DUMP_TRUCK,2026-05-26,1
S-CAT-HYD02,DUMP_TRUCK,2026-05-27,2
S-CAT-HYD02,DUMP_TRUCK,2026-05-28,4
S-CAT-HYD02,DUMP_TRUCK,2026-05-29,3
S-CAT-HYD02,DUMP_TRUCK,2026-05-30,1
S-CAT-HYD02,DUMP_TRUCK,2026-05-31,1
S-CAT-HYD02,DUMP_TRUCK,2026-06-01,2
S-CAT-HYD02,DUMP_TRUCK,2026-06-02,1
S-CAT-HYD02,DUMP_TRUCK,2026-06-03,3
S-CAT-HYD02,DUMP_TRUCK,2026-06-04,1
S-CAT-HYD02,DUMP_TRUCK,2026-06-05,2
S-CAT-HYD02,DUMP_TRUCK,2026-06-06,1
S-CAT-HYD02,DUMP_TRUCK,2026-06-07,2
S-CAT-HYD02,DUMP_TRUCK,2026-06-08,4
S-CAT-HYD02,DUMP_TRUCK,2026-06-09,3
S-CAT-HYD02,DUMP_TRUCK,2026-06-10,3
S-CAT-HYD02,DUMP_TRUCK,2026-06-11,2
S-CAT-HYD02,DUMP_TRUCK,2026-06-12,3
S-CAT-HYD02,DUMP_TRUCK,2026-06-13,1
S-CAT-HYD02,DUMP_TRUCK,2026-06-14,2
S-CAT-HYD02,DUMP_TRUCK,2026-06-15,2
S-CAT-HYD02,DUMP_TRUCK,2026-06-16,1
S-CAT-HYD02,DUMP_TRUCK,2026-06-17,3
S-CAT-HYD02,DUMP_TRUCK,2026-06-18,2
S-CAT-HYD02,DUMP_TRUCK,2026-06-19,2
S-CAT-HYD02,DUMP_TRUCK,2026-06-20,2
S-CAT-HYD02,DUMP_TRUCK,2026-06-21,1
S-CAT-HYD02,DUMP_TRUCK,2026-06-22,3
S-CAT-HYD02,DUMP_TRUCK,2026-06-23,2
S-CAT-HYD02,DUMP_TRUCK,2026-06-24,3
S-CAT-HYD02,DUMP_TRUCK,2026-06-25,4
S-CAT-HYD02,DUMP_TRUCK,2026-06-26,4
S-CAT-HYD02,DUMP_TRUCK,2026-06-27,2
S-CAT-HYD02,DUMP_TRUCK,2026-06-28,1
S-CAT-HYD02,DUMP_TRUCK,2026-06-29,3
S-CAT-HYD02,DUMP_TRUCK,2026-06-30,4
S-CAT-HYD02,DUMP_TRUCK,2026-07-01,1
S-CAT-HYD02,DUMP_TRUCK,2026-07-02,2
S-CAT-HYD02,DUMP_TRUCK,2026-07-03,1
S-CAT-HYD02,DUMP_TRUCK,2026-07-04,1
S-CAT-HYD02,DUMP_TRUCK,2026-07-05,1
S-CAT-HYD02,DUMP_TRUCK,2026-07-06,2
S-CAT-HYD02,DUMP_TRUCK,2026-07-07,3
S-CAT-HYD02,DUMP_TRUCK,2026-07-08,1
S-CAT-HYD02,DUMP_TRUCK,2026-07-09,1
S-CAT-HYD02,DUMP_TRUCK,2026-07-10,1
S-CAT-HYD02,DUMP_TRUCK,2026-07-11,0
S-CAT-HYD02,DUMP_TRUCK,2026-07-12,2
S-CAT-HYD02,DUMP_TRUCK,2026-07-13,2
S-CAT-HYD02,DUMP_TRUCK,2026-07-14,1
S-CAT-HYD02,DUMP_TRUCK,2026-07-15,3
S-CAT-HYD02,DUMP_TRUCK,2026-07-16,4
S-CAT-HYD02,DUMP_TRUCK,2026-07-17,2
S-CAT-HYD02,DUMP_TRUCK,2026-07-18,1
S-CAT-HYD02,DUMP_TRUCK,2026-07-19,2
S-CAT-HYD02,DUMP_TRUCK,2026-07-20,2
S-CAT-HYD02,DUMP_TRUCK,2026-07-21,3
S-CAT-HYD02,DUMP_TRUCK,2026-07-22,2
S-CAT-HYD02,DUMP_TRUCK,2026-07-23,4
S-CAT-HYD02,DUMP_TRUCK,2026-07-24,1
S-CAT-HYD02,DUMP_TRUCK,2026-07-25,2
S-CAT-HYD02,DUMP_TRUCK,2026-07-26,1
S-CAT-HYD02,DUMP_TRUCK,2026-07-27,1
S-CAT-HYD02,DUMP_TRUCK,2026-07-28,2
S-CAT-HYD02,DUMP_TRUCK,2026-07-29,2
S-CAT-HYD02,DUMP_TRUCK,2026-07-30,2
S-CAT-HYD02,DUMP_TRUCK,2026-07-31,4
S-CAT-HYD02,DUMP_TRUCK,2026-08-01,1
S-CAT-HYD02,DUMP_TRUCK,2026-08-02,1
S-CAT-HYD02,DUMP_TRUCK,2026-08-03,2
S-CAT-HYD02,DUMP_TRUCK,2026-08-04,4
S-CAT-HYD02,DUMP_TRUCK,2026-08-05,3
S-CAT-HYD02,DUMP_TRUCK,2026-08-06,1
S-CAT-HYD02,DUMP_TRUCK,2026-08-07,2
S-CAT-HYD02,DUMP_TRUCK,2026-08-08,2
S-CAT-HYD02,DUMP_TRUCK,2026-08-09,1
S-CAT-HYD02,DUMP_TRUCK,2026-08-10,1
S-CAT-HYD02,DUMP_TRUCK,2026-08-11,3
S-CAT-HYD02,DUMP_TRUCK,2026-08-12,3
S-CAT-HYD02,DUMP_TRUCK,2026-08-13,2
S-CAT-HYD02,DUMP_TRUCK,2026-08-14,1
S-CAT-HYD02,DUMP_TRUCK,2026-08-15,1
S-CAT-HYD02,DUMP_TRUCK,2026-08-16,1
S-CAT-HYD02,DUMP_TRUCK,2026-08-17,4
S-CAT-HYD02,DUMP_TRUCK,2026-08-18,4
S-CAT-HYD02,DUMP_TRUCK,2026-08-19,4
S-CAT-HYD02,DUMP_TRUCK,2026-08-20,1
S-CAT-HYD02,DUMP_TRUCK,2026-08-21,1
S-CAT-HYD02,DUMP_TRUCK,2026-08-22,1
S-CAT-HYD02,DUMP_TRUCK,2026-08-23,0
S-CAT-HYD02,DUMP_TRUCK,2026-08-24,3
S-CAT-HYD02,DUMP_TRUCK,2026-08-25,3
S-CAT-HYD02,DUMP_TRUCK,2026-08-26,2
S-CAT-HYD02,DUMP_TRUCK,2026-08-27,4
S-CAT-HYD02,DUMP_TRUCK,2026-08-28,4
S-CAT-HYD02,DUMP_TRUCK,2026-08-29,1
S-CAT-HYD02,DUMP_TRUCK,2026-08-30,0
S-CAT-HYD02,DUMP_TRUCK,2026-08-31,3
S-CAT-HYD02,DUMP_TRUCK,2026-09-01,4
S-CAT-HYD02,DUMP_TRUCK,2026-05-05,5
S-CAT-HYD02,DUMP_TRUCK,2026-05-06,4
S-CAT-HYD02,DUMP_TRUCK,2026-05-07,4
S-CAT-HYD02,DUMP_TRUCK,2026-05-08,5
S-CAT-HYD02,DUMP_TRUCK,2026-05-09,3
S-CAT-HYD02,DUMP_TRUCK,2026-05-10,1
S-CAT-HYD02,DUMP_TRUCK,2026-05-11,3
S-CAT-HYD02,DUMP_TRUCK,2026-05-12,5
S-CAT-HYD02,DUMP_TRUCK,2026-05-13,3
S-CAT-HYD02,DUMP_TRUCK,2026-05-14,3
S-CAT-HYD02,DUMP_TRUCK,2026-05-15,2
S-CAT-HYD02,DUMP_TRUCK,2026-05-16,2
S-CAT-HYD02,DUMP_TRUCK,2026-05-17,1
S-CAT-HYD02,DUMP_TRUCK,2026-05-18,3
S-CAT-HYD02,DUMP_TRUCK,2026-05-19,3
S-CAT-HYD02,DUMP_TRUCK,2026-05-20,3
S-CAT-HYD02,DUMP_TRUCK,2026-05-21,4
S-CAT-HYD02,DUMP_TRUCK,2026-05-22,2
S-CAT-HYD02,DUMP_TRUCK,2026-05-23,1
S-CAT-HYD02,DUMP_TRUCK,2026-05-24,3
S-CAT-HYD02,DUMP_TRUCK,2026-05-25,4
S-CAT-HYD02,DUMP_TRUCK,2026-05-26,2
S-CAT-HYD02,DUMP_TRUCK,2026-05-27,5
S-CAT-HYD02,DUMP_TRUCK,2026-05-28,5
S-CAT-HYD02,DUMP_TRUCK,2026-05-29,5
S-CAT-HYD02,DUMP_TRUCK,2026-05-30,1
S-CAT-HYD02,DUMP_TRUCK,2026-05-31,1
S-CAT-HYD02,DUMP_TRUCK,2026-06-01,5
S-CAT-HYD02,DUMP_TRUCK,2026-06-02,2
S-CAT-HYD02,DUMP_TRUCK,2026-06-03,3
S-CAT-HYD02,DUMP_TRUCK,2026-06-04,2
S-CAT-HYD02,DUMP_TRUCK,2026-06-05,3
S-CAT-HYD02,DUMP_TRUCK,2026-06-06,1
S-CAT-HYD02,DUMP_TRUCK,2026-06-07,1
S-CAT-HYD02,DUMP_TRUCK,2026-06-08,2
S-CAT-HYD02,DUMP_TRUCK,2026-06-09,3
S-CAT-HYD02,DUMP_TRUCK,2026-06-10,2
S-CAT-HYD02,DUMP_TRUCK,2026-06-11,3
S-CAT-HYD02,DUMP_TRUCK,2026-06-12,4
S-CAT-HYD02,DUMP_TRUCK,2026-06-13,1
S-CAT-HYD02,DUMP_TRUCK,2026-06-14,3
S-CAT-HYD02,DUMP_TRUCK,2026-06-15,2
S-CAT-HYD02,DUMP_TRUCK,2026-06-16,4
S-CAT-HYD02,DUMP_TRUCK,2026-06-17,2
S-CAT-HYD02,DUMP_TRUCK,2026-06-18,3
S-CAT-HYD02,DUMP_TRUCK,2026-06-19,5
S-CAT-HYD02,DUMP_TRUCK,2026-06-20,3
S-CAT-HYD02,DUMP_TRUCK,2026-06-21,3
S-CAT-HYD02,DUMP_TRUCK,2026-06-22,3
S-CAT-HYD02,DUMP_TRUCK,2026-06-23,3
S-CAT-HYD02,DUMP_TRUCK,2026-06-24,5
S-CAT-HYD02,DUMP_TRUCK,2026-06-25,3
S-CAT-HYD02,DUMP_TRUCK,2026-06-26,3
S-CAT-HYD02,DUMP_TRUCK,2026-06-27,2
S-CAT-HYD02,DUMP_TRUCK,2026-06-28,1
S-CAT-HYD02,DUMP_TRUCK,2026-06-29,4
S-CAT-HYD02,DUMP_TRUCK,2026-06-30,5
S-CAT-HYD02,DUMP_TRUCK,2026-07-01,2
S-CAT-HYD02,DUMP_TRUCK,2026-07-02,3
S-CAT-HYD02,DUMP_TRUCK,2026-07-03,5
S-CAT-HYD02,DUMP_TRUCK,2026-07-04,3
S-CAT-HYD02,DUMP_TRUCK,2026-07-05,1
S-CAT-HYD02,DUMP_TRUCK,2026-07-06,2
S-CAT-HYD02,DUMP_TRUCK,2026-07-07,2
S-CAT-HYD02,DUMP_TRUCK,2026-07-08,3
S-CAT-HYD02,DUMP_TRUCK,2026-07-09,5
S-CAT-HYD02,DUMP_TRUCK,2026-07-10,3
S-CAT-HYD02,DUMP_TRUCK,2026-07-11,1
S-CAT-HYD02,DUMP_TRUCK,2026-07-12,1
S-CAT-HYD02,DUMP_TRUCK,2026-07-13,5
S-CAT-HYD02,DUMP_TRUCK,2026-07-14,2
S-CAT-HYD02,DUMP_TRUCK,2026-07-15,2
S-CAT-HYD02,DUMP_TRUCK,2026-07-16,2
S-CAT-HYD02,DUMP_TRUCK,2026-07-17,5
S-CAT-HYD02,DUMP_TRUCK,2026-07-18,1
S-CAT-HYD02,DUMP_TRUCK,2026-07-19,1
S-CAT-HYD02,DUMP_TRUCK,2026-07-20,5
S-CAT-HYD02,DUMP_TRUCK,2026-07-21,5
S-CAT-HYD02,DUMP_TRUCK,2026-07-22,4
S-CAT-HYD02,DUMP_TRUCK,2026-07-23,2
S-CAT-HYD02,DUMP_TRUCK,2026-07-24,5
S-CAT-HYD02,DUMP_TRUCK,2026-07-25,1
S-CAT-HYD02,DUMP_TRUCK,2026-07-26,3
S-CAT-HYD02,DUMP_TRUCK,2026-07-27,5
S-CAT-HYD02,DUMP_TRUCK,2026-07-28,4
S-CAT-HYD02,DUMP_TRUCK,2026-07-29,2
S-CAT-HYD02,DUMP_TRUCK,2026-07-30,5
S-CAT-HYD02,DUMP_TRUCK,2026-07-31,3
S-CAT-HYD02,DUMP_TRUCK,2026-08-01,2
S-CAT-HYD02,DUMP_TRUCK,2026-08-02,3
S-CAT-HYD02,DUMP_TRUCK,2026-08-03,3
S-CAT-HYD02,DUMP_TRUCK,2026-08-04,2
S-CAT-HYD02,DUMP_TRUCK,2026-08-05,4
S-CAT-HYD02,DUMP_TRUCK,2026-08-06,5
S-CAT-HYD02,DUMP_TRUCK,2026-08-07,4
S-CAT-HYD02,DUMP_TRUCK,2026-08-08,1
S-CAT-HYD02,DUMP_TRUCK,2026-08-09,1
S-CAT-HYD02,DUMP_TRUCK,2026-08-10,2
S-CAT-HYD02,DUMP_TRUCK,2026-08-11,2
S-CAT-HYD02,DUMP_TRUCK,2026-08-12,2
S-CAT-HYD02,DUMP_TRUCK,2026-08-13,5
S-CAT-HYD02,DUMP_TRUCK,2026-08-14,3
S-CAT-HYD02,DUMP_TRUCK,2026-08-15,2
S-CAT-HYD02,DUMP_TRUCK,2026-08-16,3
S-CAT-HYD02,DUMP_TRUCK,2026-08-17,4
S-CAT-HYD02,DUMP_TRUCK,2026-08-18,2
S-CAT-HYD02,DUMP_TRUCK,2026-08-19,3
S-CAT-HYD02,DUMP_TRUCK,2026-08-20,5
S-CAT-HYD02,DUMP_TRUCK,2026-08-21,4
S-CAT-HYD02,DUMP_TRUCK,2026-08-22,2
S-CAT-HYD02,DUMP_TRUCK,2026-08-23,3
S-CAT-HYD02,DUMP_TRUCK,2026-08-24,4
S-CAT-HYD02,DUMP_TRUCK,2026-08-25,4
S-CAT-HYD02,DUMP_TRUCK,2026-08-26,5
S-CAT-HYD02,DUMP_TRUCK,2026-08-27,3
S-CAT-HYD02,DUMP_TRUCK,2026-08-28,5
S-CAT-HYD02,DUMP_TRUCK,2026-08-29,3
S-CAT-HYD02,DUMP_TRUCK,2026-08-30,1
S-CAT-HYD02,DUMP_TRUCK,2026-08-31,4
S-CAT-HYD02,DUMP_TRUCK,2026-09-01,5
S-CAT-HYD02,COMPACTOR,2026-05-05,5
S-CAT-HYD02,COMPACTOR,2026-05-06,5
S-CAT-HYD02,COMPACTOR,2026-05-07,6
S-CAT-HYD02,COMPACTOR,2026-05-08,4
S-CAT-HYD02,COMPACTOR,2026-05-09,1
S-CAT-HYD02,COMPACTOR,2026-05-10,2
S-CAT-HYD02,COMPACTOR,2026-05-11,6
S-CAT-HYD02,COMPACTOR,2026-05-12,4
S-CAT-HYD02,COMPACTOR,2026-05-13,3
S-CAT-HYD02,COMPACTOR,2026-05-14,4
S-CAT-HYD02,COMPACTOR,2026-05-15,6
S-CAT-HYD02,COMPACTOR,2026-05-16,3
S-CAT-HYD02,COMPACTOR,2026-05-17,1
S-CAT-HYD02,COMPACTOR,2026-05-18,4
S-CAT-HYD02,COMPACTOR,2026-05-19,6
S-CAT-HYD02,COMPACTOR,2026-05-20,3
S-CAT-HYD02,COMPACTOR,2026-05-21,3
S-CAT-HYD02,COMPACTOR,2026-05-22,4
S-CAT-HYD02,COMPACTOR,2026-05-23,3
S-CAT-HYD02,COMPACTOR,2026-05-24,3
S-CAT-HYD02,COMPACTOR,2026-05-25,3
S-CAT-HYD02,COMPACTOR,2026-05-26,3
S-CAT-HYD02,COMPACTOR,2026-05-27,5
S-CAT-HYD02,COMPACTOR,2026-05-28,4
S-CAT-HYD02,COMPACTOR,2026-05-29,5
S-CAT-HYD02,COMPACTOR,2026-05-30,1
S-CAT-HYD02,COMPACTOR,2026-05-31,1
S-CAT-HYD02,COMPACTOR,2026-06-01,6
S-CAT-HYD02,COMPACTOR,2026-06-02,6
S-CAT-HYD02,COMPACTOR,2026-06-03,5
S-CAT-HYD02,COMPACTOR,2026-06-04,3
S-CAT-HYD02,COMPACTOR,2026-06-05,4
S-CAT-HYD02,COMPACTOR,2026-06-06,3
S-CAT-HYD02,COMPACTOR,2026-06-07,3
S-CAT-HYD02,COMPACTOR,2026-06-08,3
S-CAT-HYD02,COMPACTOR,2026-06-09,4
S-CAT-HYD02,COMPACTOR,2026-06-10,5
S-CAT-HYD02,COMPACTOR,2026-06-11,4
S-CAT-HYD02,COMPACTOR,2026-06-12,3
S-CAT-HYD02,COMPACTOR,2026-06-13,2
S-CAT-HYD02,COMPACTOR,2026-06-14,2
S-CAT-HYD02,COMPACTOR,2026-06-15,3
S-CAT-HYD02,COMPACTOR,2026-06-16,5
S-CAT-HYD02,COMPACTOR,2026-06-17,4
S-CAT-HYD02,COMPACTOR,2026-06-18,3
S-CAT-HYD02,COMPACTOR,2026-06-19,4
S-CAT-HYD02,COMPACTOR,2026-06-20,1
S-CAT-HYD02,COMPACTOR,2026-06-21,3
S-CAT-HYD02,COMPACTOR,2026-06-22,6
S-CAT-HYD02,COMPACTOR,2026-06-23,5
S-CAT-HYD02,COMPACTOR,2026-06-24,6
S-CAT-HYD02,COMPACTOR,2026-06-25,6
S-CAT-HYD02,COMPACTOR,2026-06-26,4
S-CAT-HYD02,COMPACTOR,2026-06-27,1
S-CAT-HYD02,COMPACTOR,2026-06-28,1
S-CAT-HYD02,COMPACTOR,2026-06-29,3
S-CAT-HYD02,COMPACTOR,2026-06-30,5
S-CAT-HYD02,COMPACTOR,2026-07-01,5
S-CAT-HYD02,COMPACTOR,2026-07-02,5
S-CAT-HYD02,COMPACTOR,2026-07-03,5
S-CAT-HYD02,COMPACTOR,2026-07-04,2
S-CAT-HYD02,COMPACTOR,2026-07-05,2
S-CAT-HYD02,COMPACTOR,2026-07-06,6
S-CAT-HYD02,COMPACTOR,2026-07-07,6
S-CAT-HYD02,COMPACTOR,2026-07-08,3
S-CAT-HYD02,COMPACTOR,2026-07-09,5
S-CAT-HYD02,COMPACTOR,2026-07-10,4
S-CAT-HYD02,COMPACTOR,2026-07-11,3
S-CAT-HYD02,COMPACTOR,2026-07-12,1
S-CAT-HYD02,COMPACTOR,2026-07-13,3
S-CAT-HYD02,COMPACTOR,2026-07-14,5
S-CAT-HYD02,COMPACTOR,2026-07-15,5
S-CAT-HYD02,COMPACTOR,2026-07-16,3
S-CAT-HYD02,COMPACTOR,2026-07-17,5
S-CAT-HYD02,COMPACTOR,2026-07-18,3
S-CAT-HYD02,COMPACTOR,2026-07-19,3
S-CAT-HYD02,COMPACTOR,2026-07-20,6
S-CAT-HYD02,COMPACTOR,2026-07-21,6
S-CAT-HYD02,COMPACTOR,2026-07-22,4
S-CAT-HYD02,COMPACTOR,2026-07-23,5
S-CAT-HYD02,COMPACTOR,2026-07-24,6
S-CAT-HYD02,COMPACTOR,2026-07-25,3
S-CAT-HYD02,COMPACTOR,2026-07-26,1
S-CAT-HYD02,COMPACTOR,2026-07-27,6
S-CAT-HYD02,COMPACTOR,2026-07-28,3
S-CAT-HYD02,COMPACTOR,2026-07-29,5
S-CAT-HYD02,COMPACTOR,2026-07-30,3
S-CAT-HYD02,COMPACTOR,2026-07-31,6
S-CAT-HYD02,COMPACTOR,2026-08-01,2
S-CAT-HYD02,COMPACTOR,2026-08-02,2
S-CAT-HYD02,COMPACTOR,2026-08-03,5
S-CAT-HYD02,COMPACTOR,2026-08-04,6
S-CAT-HYD02,COMPACTOR,2026-08-05,5
S-CAT-HYD02,COMPACTOR,2026-08-06,3
S-CAT-HYD02,COMPACTOR,2026-08-07,5
S-CAT-HYD02,COMPACTOR,2026-08-08,2
S-CAT-HYD02,COMPACTOR,2026-08-09,3
S-CAT-HYD02,COMPACTOR,2026-08-10,3
S-CAT-HYD02,COMPACTOR,2026-08-11,6
S-CAT-HYD02,COMPACTOR,2026-08-12,5
S-CAT-HYD02,COMPACTOR,2026-08-13,3
S-CAT-HYD02,COMPACTOR,2026-08-14,4
S-CAT-HYD02,COMPACTOR,2026-08-15,3
S-CAT-HYD02,COMPACTOR,2026-08-16,3
S-CAT-HYD02,COMPACTOR,2026-08-17,5
S-CAT-HYD02,COMPACTOR,2026-08-18,4
S-CAT-HYD02,COMPACTOR,2026-08-19,5
S-CAT-HYD02,COMPACTOR,2026-08-20,4
S-CAT-HYD02,COMPACTOR,2026-08-21,4
S-CAT-HYD02,COMPACTOR,2026-08-22,3
S-CAT-HYD02,COMPACTOR,2026-08-23,2
S-CAT-HYD02,COMPACTOR,2026-08-24,4
S-CAT-HYD02,COMPACTOR,2026-08-25,4
S-CAT-HYD02,COMPACTOR,2026-08-26,5
S-CAT-HYD02,COMPACTOR,2026-08-27,4
S-CAT-HYD02,COMPACTOR,2026-08-28,4
S-CAT-HYD02,COMPACTOR,2026-08-29,2
S-CAT-HYD02,COMPACTOR,2026-08-30,2
S-CAT-HYD02,COMPACTOR,2026-08-31,5
S-CAT-HYD02,COMPACTOR,2026-09-01,4
S-CAT-HYD02,CRANE,2026-05-05,1
S-CAT-HYD02,CRANE,2026-05-06,1
S-CAT-HYD02,CRANE,2026-05-07,4
S-CAT-HYD02,CRANE,2026-05-08,1
S-CAT-HYD02,CRANE,2026-05-09,0
S-CAT-HYD02,CRANE,2026-05-10,2
S-CAT-HYD02,CRANE,2026-05-11,3
S-CAT-HYD02,CRANE,2026-05-12,3
S-CAT-HYD02,CRANE,2026-05-13,4
S-CAT-HYD02,CRANE,2026-05-14,3
S-CAT-HYD02,CRANE,2026-05-15,4
S-CAT-HYD02,CRANE,2026-05-16,1
S-CAT-HYD02,CRANE,2026-05-17,1
S-CAT-HYD02,CRANE,2026-05-18,4
S-CAT-HYD02,CRANE,2026-05-19,2
S-CAT-HYD02,CRANE,2026-05-20,2
S-CAT-HYD02,CRANE,2026-05-21,1
S-CAT-HYD02,CRANE,2026-05-22,4
S-CAT-HYD02,CRANE,2026-05-23,2
S-CAT-HYD02,CRANE,2026-05-24,0
S-CAT-HYD02,CRANE,2026-05-25,3
S-CAT-HYD02,CRANE,2026-05-26,4
S-CAT-HYD02,CRANE,2026-05-27,2
S-CAT-HYD02,CRANE,2026-05-28,4
S-CAT-HYD02,CRANE,2026-05-29,1
S-CAT-HYD02,CRANE,2026-05-30,2
S-CAT-HYD02,CRANE,2026-05-31,1
S-CAT-HYD02,CRANE,2026-06-01,1
S-CAT-HYD02,CRANE,2026-06-02,1
S-CAT-HYD02,CRANE,2026-06-03,2
S-CAT-HYD02,CRANE,2026-06-04,4
S-CAT-HYD02,CRANE,2026-06-05,1
S-CAT-HYD02,CRANE,2026-06-06,1
S-CAT-HYD02,CRANE,2026-06-07,1
S-CAT-HYD02,CRANE,2026-06-08,3
S-CAT-HYD02,CRANE,2026-06-09,2
S-CAT-HYD02,CRANE,2026-06-10,3
S-CAT-HYD02,CRANE,2026-06-11,2
S-CAT-HYD02,CRANE,2026-06-12,3
S-CAT-HYD02,CRANE,2026-06-13,2
S-CAT-HYD02,CRANE,2026-06-14,1
S-CAT-HYD02,CRANE,2026-06-15,3
S-CAT-HYD02,CRANE,2026-06-16,2
S-CAT-HYD02,CRANE,2026-06-17,4
S-CAT-HYD02,CRANE,2026-06-18,4
S-CAT-HYD02,CRANE,2026-06-19,2
S-CAT-HYD02,CRANE,2026-06-20,2
S-CAT-HYD02,CRANE,2026-06-21,1
S-CAT-HYD02,CRANE,2026-06-22,3
S-CAT-HYD02,CRANE,2026-06-23,4
S-CAT-HYD02,CRANE,2026-06-24,3
S-CAT-HYD02,CRANE,2026-06-25,4
S-CAT-HYD02,CRANE,2026-06-26,2
S-CAT-HYD02,CRANE,2026-06-27,1
S-CAT-HYD02,CRANE,2026-06-28,1
S-CAT-HYD02,CRANE,2026-06-29,1
S-CAT-HYD02,CRANE,2026-06-30,3
S-CAT-HYD02,CRANE,2026-07-01,2
S-CAT-HYD02,CRANE,2026-07-02,4
S-CAT-HYD02,CRANE,2026-07-03,4
S-CAT-HYD02,CRANE,2026-07-04,1
S-CAT-HYD02,CRANE,2026-07-05,1
S-CAT-HYD02,CRANE,2026-07-06,2
S-CAT-HYD02,CRANE,2026-07-07,4
S-CAT-HYD02,CRANE,2026-07-08,1
S-CAT-HYD02,CRANE,2026-07-09,2
S-CAT-HYD02,CRANE,2026-07-10,4
S-CAT-HYD02,CRANE,2026-07-11,2
S-CAT-HYD02,CRANE,2026-07-12,1
S-CAT-HYD02,CRANE,2026-07-13,3
S-CAT-HYD02,CRANE,2026-07-14,4
S-CAT-HYD02,CRANE,2026-07-15,3
S-CAT-HYD02,CRANE,2026-07-16,3
S-CAT-HYD02,CRANE,2026-07-17,1
S-CAT-HYD02,CRANE,2026-07-18,2
S-CAT-HYD02,CRANE,2026-07-19,0
S-CAT-HYD02,CRANE,2026-07-20,2
S-CAT-HYD02,CRANE,2026-07-21,1
S-CAT-HYD02,CRANE,2026-07-22,2
S-CAT-HYD02,CRANE,2026-07-23,3
S-CAT-HYD02,CRANE,2026-07-24,4
S-CAT-HYD02,CRANE,2026-07-25,0
S-CAT-HYD02,CRANE,2026-07-26,2
S-CAT-HYD02,CRANE,2026-07-27,3
S-CAT-HYD02,CRANE,2026-07-28,3
S-CAT-HYD02,CRANE,2026-07-29,3
S-CAT-HYD02,CRANE,2026-07-30,3
S-CAT-HYD02,CRANE,2026-07-31,3
S-CAT-HYD02,CRANE,2026-08-01,1
S-CAT-HYD02,CRANE,2026-08-02,0
S-CAT-HYD02,CRANE,2026-08-03,4
S-CAT-HYD02,CRANE,2026-08-04,1
S-CAT-HYD02,CRANE,2026-08-05,3
S-CAT-HYD02,CRANE,2026-08-06,2
S-CAT-HYD02,CRANE,2026-08-07,2
S-CAT-HYD02,CRANE,2026-08-08,1
S-CAT-HYD02,CRANE,2026-08-09,1
S-CAT-HYD02,CRANE,2026-08-10,3
S-CAT-HYD02,CRANE,2026-08-11,4
S-CAT-HYD02,CRANE,2026-08-12,4
S-CAT-HYD02,CRANE,2026-08-13,1
S-CAT-HYD02,CRANE,2026-08-14,4
S-CAT-HYD02,CRANE,2026-08-15,1
S-CAT-HYD02,CRANE,2026-08-16,2
S-CAT-HYD02,CRANE,2026-08-17,2
S-CAT-HYD02,CRANE,2026-08-18,2
S-CAT-HYD02,CRANE,2026-08-19,3
S-CAT-HYD02,CRANE,2026-08-20,4
S-CAT-HYD02,CRANE,2026-08-21,4
S-CAT-HYD02,CRANE,2026-08-22,0
S-CAT-HYD02,CRANE,2026-08-23,0
S-CAT-HYD02,CRANE,2026-08-24,2
S-CAT-HYD02,CRANE,2026-08-25,3
S-CAT-HYD02,CRANE,2026-08-26,2
S-CAT-HYD02,CRANE,2026-08-27,3
S-CAT-HYD02,CRANE,2026-08-28,3
S-CAT-HYD02,CRANE,2026-08-29,1
S-CAT-HYD02,CRANE,2026-08-30,1
S-CAT-HYD02,CRANE,2026-08-31,4
S-CAT-HYD02,CRANE,2026-09-01,3
S-CAT-MUM03,EXCAVATOR,2026-05-05,6
S-CAT-MUM03,EXCAVATOR,2026-05-06,7
S-CAT-MUM03,EXCAVATOR,2026-05-07,7
S-CAT-MUM03,EXCAVATOR,2026-05-08,5
S-CAT-MUM03,EXCAVATOR,2026-05-09,3
S-CAT-MUM03,EXCAVATOR,2026-05-10,2
S-CAT-MUM03,EXCAVATOR,2026-05-11,5
S-CAT-MUM03,EXCAVATOR,2026-05-12,5
S-CAT-MUM03,EXCAVATOR,2026-05-13,6
S-CAT-MUM03,EXCAVATOR,2026-05-14,4
S-CAT-MUM03,EXCAVATOR,2026-05-15,5
S-CAT-MUM03,EXCAVATOR,2026-05-16,3
S-CAT-MUM03,EXCAVATOR,2026-05-17,4
S-CAT-MUM03,EXCAVATOR,2026-05-18,4
S-CAT-MUM03,EXCAVATOR,2026-05-19,4
S-CAT-MUM03,EXCAVATOR,2026-05-20,4
S-CAT-MUM03,EXCAVATOR,2026-05-21,7
S-CAT-MUM03,EXCAVATOR,2026-05-22,4
S-CAT-MUM03,EXCAVATOR,2026-05-23,2
S-CAT-MUM03,EXCAVATOR,2026-05-24,4
S-CAT-MUM03,EXCAVATOR,2026-05-25,4
S-CAT-MUM03,EXCAVATOR,2026-05-26,4
S-CAT-MUM03,EXCAVATOR,2026-05-27,6
S-CAT-MUM03,EXCAVATOR,2026-05-28,5
S-CAT-MUM03,EXCAVATOR,2026-05-29,4
S-CAT-MUM03,EXCAVATOR,2026-05-30,4
S-CAT-MUM03,EXCAVATOR,2026-05-31,3
S-CAT-MUM03,EXCAVATOR,2026-06-01,5
S-CAT-MUM03,EXCAVATOR,2026-06-02,5
S-CAT-MUM03,EXCAVATOR,2026-06-03,6
S-CAT-MUM03,EXCAVATOR,2026-06-04,7
S-CAT-MUM03,EXCAVATOR,2026-06-05,5
S-CAT-MUM03,EXCAVATOR,2026-06-06,3
S-CAT-MUM03,EXCAVATOR,2026-06-07,3
S-CAT-MUM03,EXCAVATOR,2026-06-08,4
S-CAT-MUM03,EXCAVATOR,2026-06-09,4
S-CAT-MUM03,EXCAVATOR,2026-06-10,6
S-CAT-MUM03,EXCAVATOR,2026-06-11,6
S-CAT-MUM03,EXCAVATOR,2026-06-12,7
S-CAT-MUM03,EXCAVATOR,2026-06-13,4
S-CAT-MUM03,EXCAVATOR,2026-06-14,3
S-CAT-MUM03,EXCAVATOR,2026-06-15,7
S-CAT-MUM03,EXCAVATOR,2026-06-16,5
S-CAT-MUM03,EXCAVATOR,2026-06-17,5
S-CAT-MUM03,EXCAVATOR,2026-06-18,7
S-CAT-MUM03,EXCAVATOR,2026-06-19,7
S-CAT-MUM03,EXCAVATOR,2026-06-20,3
S-CAT-MUM03,EXCAVATOR,2026-06-21,3
S-CAT-MUM03,EXCAVATOR,2026-06-22,7
S-CAT-MUM03,EXCAVATOR,2026-06-23,5
S-CAT-MUM03,EXCAVATOR,2026-06-24,4
S-CAT-MUM03,EXCAVATOR,2026-06-25,7
S-CAT-MUM03,EXCAVATOR,2026-06-26,6
S-CAT-MUM03,EXCAVATOR,2026-06-27,3
S-CAT-MUM03,EXCAVATOR,2026-06-28,4
S-CAT-MUM03,EXCAVATOR,2026-06-29,6
S-CAT-MUM03,EXCAVATOR,2026-06-30,5
S-CAT-MUM03,EXCAVATOR,2026-07-01,6
S-CAT-MUM03,EXCAVATOR,2026-07-02,4
S-CAT-MUM03,EXCAVATOR,2026-07-03,4
S-CAT-MUM03,EXCAVATOR,2026-07-04,3
S-CAT-MUM03,EXCAVATOR,2026-07-05,3
S-CAT-MUM03,EXCAVATOR,2026-07-06,6
S-CAT-MUM03,EXCAVATOR,2026-07-07,7
S-CAT-MUM03,EXCAVATOR,2026-07-08,4
S-CAT-MUM03,EXCAVATOR,2026-07-09,7
S-CAT-MUM03,EXCAVATOR,2026-07-10,7
S-CAT-MUM03,EXCAVATOR,2026-07-11,3
S-CAT-MUM03,EXCAVATOR,2026-07-12,2
S-CAT-MUM03,EXCAVATOR,2026-07-13,7
S-CAT-MUM03,EXCAVATOR,2026-07-14,6
S-CAT-MUM03,EXCAVATOR,2026-07-15,5
S-CAT-MUM03,EXCAVATOR,2026-07-16,4
S-CAT-MUM03,EXCAVATOR,2026-07-17,6
S-CAT-MUM03,EXCAVATOR,2026-07-18,3
S-CAT-MUM03,EXCAVATOR,2026-07-19,4
S-CAT-MUM03,EXCAVATOR,2026-07-20,7
S-CAT-MUM03,EXCAVATOR,2026-07-21,7
S-CAT-MUM03,EXCAVATOR,2026-07-22,5
S-CAT-MUM03,EXCAVATOR,2026-07-23,5
S-CAT-MUM03,EXCAVATOR,2026-07-24,7
S-CAT-MUM03,EXCAVATOR,2026-07-25,4
S-CAT-MUM03,EXCAVATOR,2026-07-26,3
S-CAT-MUM03,EXCAVATOR,2026-07-27,6
S-CAT-MUM03,EXCAVATOR,2026-07-28,4
S-CAT-MUM03,EXCAVATOR,2026-07-29,7
S-CAT-MUM03,EXCAVATOR,2026-07-30,5
S-CAT-MUM03,EXCAVATOR,2026-07-31,6
S-CAT-MUM03,EXCAVATOR,2026-08-01,3
S-CAT-MUM03,EXCAVATOR,2026-08-02,3
S-CAT-MUM03,EXCAVATOR,2026-08-03,7
S-CAT-MUM03,EXCAVATOR,2026-08-04,5
S-CAT-MUM03,EXCAVATOR,2026-08-05,4
S-CAT-MUM03,EXCAVATOR,2026-08-06,5
S-CAT-MUM03,EXCAVATOR,2026-08-07,5
S-CAT-MUM03,EXCAVATOR,2026-08-08,3
S-CAT-MUM03,EXCAVATOR,2026-08-09,2
S-CAT-MUM03,EXCAVATOR,2026-08-10,7
S-CAT-MUM03,EXCAVATOR,2026-08-11,7
S-CAT-MUM03,EXCAVATOR,2026-08-12,6
S-CAT-MUM03,EXCAVATOR,2026-08-13,7
S-CAT-MUM03,EXCAVATOR,2026-08-14,5
S-CAT-MUM03,EXCAVATOR,2026-08-15,3
S-CAT-MUM03,EXCAVATOR,2026-08-16,2
S-CAT-MUM03,EXCAVATOR,2026-08-17,5
S-CAT-MUM03,EXCAVATOR,2026-08-18,4
S-CAT-MUM03,EXCAVATOR,2026-08-19,4
S-CAT-MUM03,EXCAVATOR,2026-08-20,5
S-CAT-MUM03,EXCAVATOR,2026-08-21,4
S-CAT-MUM03,EXCAVATOR,2026-08-22,3
S-CAT-MUM03,EXCAVATOR,2026-08-23,3
S-CAT-MUM03,EXCAVATOR,2026-08-24,5
S-CAT-MUM03,EXCAVATOR,2026-08-25,7
S-CAT-MUM03,EXCAVATOR,2026-08-26,4
S-CAT-MUM03,EXCAVATOR,2026-08-27,5
S-CAT-MUM03,EXCAVATOR,2026-08-28,4
S-CAT-MUM03,EXCAVATOR,2026-08-29,3
S-CAT-MUM03,EXCAVATOR,2026-08-30,2
S-CAT-MUM03,EXCAVATOR,2026-08-31,7
S-CAT-MUM03,EXCAVATOR,2026-09-01,5
S-CAT-MUM03,EXCAVATOR,2026-05-05,6
S-CAT-MUM03,EXCAVATOR,2026-05-06,5
S-CAT-MUM03,EXCAVATOR,2026-05-07,6
S-CAT-MUM03,EXCAVATOR,2026-05-08,5
S-CAT-MUM03,EXCAVATOR,2026-05-09,3
S-CAT-MUM03,EXCAVATOR,2026-05-10,1
S-CAT-MUM03,EXCAVATOR,2026-05-11,5
S-CAT-MUM03,EXCAVATOR,2026-05-12,3
S-CAT-MUM03,EXCAVATOR,2026-05-13,4
S-CAT-MUM03,EXCAVATOR,2026-05-14,3
S-CAT-MUM03,EXCAVATOR,2026-05-15,5
S-CAT-MUM03,EXCAVATOR,2026-05-16,3
S-CAT-MUM03,EXCAVATOR,2026-05-17,1
S-CAT-MUM03,EXCAVATOR,2026-05-18,6
S-CAT-MUM03,EXCAVATOR,2026-05-19,4
S-CAT-MUM03,EXCAVATOR,2026-05-20,4
S-CAT-MUM03,EXCAVATOR,2026-05-21,5
S-CAT-MUM03,EXCAVATOR,2026-05-22,6
S-CAT-MUM03,EXCAVATOR,2026-05-23,1
S-CAT-MUM03,EXCAVATOR,2026-05-24,1
S-CAT-MUM03,EXCAVATOR,2026-05-25,4
S-CAT-MUM03,EXCAVATOR,2026-05-26,6
S-CAT-MUM03,EXCAVATOR,2026-05-27,6
S-CAT-MUM03,EXCAVATOR,2026-05-28,4
S-CAT-MUM03,EXCAVATOR,2026-05-29,3
S-CAT-MUM03,EXCAVATOR,2026-05-30,2
S-CAT-MUM03,EXCAVATOR,2026-05-31,3
S-CAT-MUM03,EXCAVATOR,2026-06-01,3
S-CAT-MUM03,EXCAVATOR,2026-06-02,4
S-CAT-MUM03,EXCAVATOR,2026-06-03,6
S-CAT-MUM03,EXCAVATOR,2026-06-04,6
S-CAT-MUM03,EXCAVATOR,2026-06-05,5
S-CAT-MUM03,EXCAVATOR,2026-06-06,3
S-CAT-MUM03,EXCAVATOR,2026-06-07,2
S-CAT-MUM03,EXCAVATOR,2026-06-08,3
S-CAT-MUM03,EXCAVATOR,2026-06-09,3
S-CAT-MUM03,EXCAVATOR,2026-06-10,5
S-CAT-MUM03,EXCAVATOR,2026-06-11,6
S-CAT-MUM03,EXCAVATOR,2026-06-12,5
S-CAT-MUM03,EXCAVATOR,2026-06-13,2
S-CAT-MUM03,EXCAVATOR,2026-06-14,3
S-CAT-MUM03,EXCAVATOR,2026-06-15,3
S-CAT-MUM03,EXCAVATOR,2026-06-16,4
S-CAT-MUM03,EXCAVATOR,2026-06-17,3
S-CAT-MUM03,EXCAVATOR,2026-06-18,4
S-CAT-MUM03,EXCAVATOR,2026-06-19,6
S-CAT-MUM03,EXCAVATOR,2026-06-20,3
S-CAT-MUM03,EXCAVATOR,2026-06-21,1
S-CAT-MUM03,EXCAVATOR,2026-06-22,4
S-CAT-MUM03,EXCAVATOR,2026-06-23,5
S-CAT-MUM03,EXCAVATOR,2026-06-24,3
S-CAT-MUM03,EXCAVATOR,2026-06-25,6
S-CAT-MUM03,EXCAVATOR,2026-06-26,4
S-CAT-MUM03,EXCAVATOR,2026-06-27,1
S-CAT-MUM03,EXCAVATOR,2026-06-28,1
S-CAT-MUM03,EXCAVATOR,2026-06-29,6
S-CAT-MUM03,EXCAVATOR,2026-06-30,4
S-CAT-MUM03,EXCAVATOR,2026-07-01,5
S-CAT-MUM03,EXCAVATOR,2026-07-02,3
S-CAT-MUM03,EXCAVATOR,2026-07-03,4
S-CAT-MUM03,EXCAVATOR,2026-07-04,2
S-CAT-MUM03,EXCAVATOR,2026-07-05,3
S-CAT-MUM03,EXCAVATOR,2026-07-06,3
S-CAT-MUM03,EXCAVATOR,2026-07-07,5
S-CAT-MUM03,EXCAVATOR,2026-07-08,3
S-CAT-MUM03,EXCAVATOR,2026-07-09,3
S-CAT-MUM03,EXCAVATOR,2026-07-10,5
S-CAT-MUM03,EXCAVATOR,2026-07-11,2
S-CAT-MUM03,EXCAVATOR,2026-07-12,1
S-CAT-MUM03,EXCAVATOR,2026-07-13,4
S-CAT-MUM03,EXCAVATOR,2026-07-14,6
S-CAT-MUM03,EXCAVATOR,2026-07-15,4
S-CAT-MUM03,EXCAVATOR,2026-07-16,5
S-CAT-MUM03,EXCAVATOR,2026-07-17,5
S-CAT-MUM03,EXCAVATOR,2026-07-18,3
S-CAT-MUM03,EXCAVATOR,2026-07-19,2
S-CAT-MUM03,EXCAVATOR,2026-07-20,3
S-CAT-MUM03,EXCAVATOR,2026-07-21,6
S-CAT-MUM03,EXCAVATOR,2026-07-22,5
S-CAT-MUM03,EXCAVATOR,2026-07-23,4
S-CAT-MUM03,EXCAVATOR,2026-07-24,5
S-CAT-MUM03,EXCAVATOR,2026-07-25,1
S-CAT-MUM03,EXCAVATOR,2026-07-26,3
S-CAT-MUM03,EXCAVATOR,2026-07-27,6
S-CAT-MUM03,EXCAVATOR,2026-07-28,5
S-CAT-MUM03,EXCAVATOR,2026-07-29,6
S-CAT-MUM03,EXCAVATOR,2026-07-30,4
S-CAT-MUM03,EXCAVATOR,2026-07-31,4
S-CAT-MUM03,EXCAVATOR,2026-08-01,3
S-CAT-MUM03,EXCAVATOR,2026-08-02,3
S-CAT-MUM03,EXCAVATOR,2026-08-03,6
S-CAT-MUM03,EXCAVATOR,2026-08-04,5
S-CAT-MUM03,EXCAVATOR,2026-08-05,4
S-CAT-MUM03,EXCAVATOR,2026-08-06,3
S-CAT-MUM03,EXCAVATOR,2026-08-07,4
S-CAT-MUM03,EXCAVATOR,2026-08-08,3
S-CAT-MUM03,EXCAVATOR,2026-08-09,3
S-CAT-MUM03,EXCAVATOR,2026-08-10,5
S-CAT-MUM03,EXCAVATOR,2026-08-11,5
S-CAT-MUM03,EXCAVATOR,2026-08-12,6
S-CAT-MUM03,EXCAVATOR,2026-08-13,3
S-CAT-MUM03,EXCAVATOR,2026-08-14,6
S-CAT-MUM03,EXCAVATOR,2026-08-15,2
S-CAT-MUM03,EXCAVATOR,2026-08-16,1
S-CAT-MUM03,EXCAVATOR,2026-08-17,5
S-CAT-MUM03,EXCAVATOR,2026-08-18,4
S-CAT-MUM03,EXCAVATOR,2026-08-19,5
S-CAT-MUM03,EXCAVATOR,2026-08-20,3
S-CAT-MUM03,EXCAVATOR,2026-08-21,6
S-CAT-MUM03,EXCAVATOR,2026-08-22,2
S-CAT-MUM03,EXCAVATOR,2026-08-23,3
S-CAT-MUM03,EXCAVATOR,2026-08-24,4
S-CAT-MUM03,EXCAVATOR,2026-08-25,5
S-CAT-MUM03,EXCAVATOR,2026-08-26,5
S-CAT-MUM03,EXCAVATOR,2026-08-27,6
S-CAT-MUM03,EXCAVATOR,2026-08-28,5
S-CAT-MUM03,EXCAVATOR,2026-08-29,1
S-CAT-MUM03,EXCAVATOR,2026-08-30,1
S-CAT-MUM03,EXCAVATOR,2026-08-31,3
S-CAT-MUM03,EXCAVATOR,2026-09-01,3
S-CAT-MUM03,BULLDOZER,2026-05-05,3
S-CAT-MUM03,BULLDOZER,2026-05-06,2
S-CAT-MUM03,BULLDOZER,2026-05-07,3
S-CAT-MUM03,BULLDOZER,2026-05-08,2
S-CAT-MUM03,BULLDOZER,2026-05-09,3
S-CAT-MUM03,BULLDOZER,2026-05-10,1
S-CAT-MUM03,BULLDOZER,2026-05-11,2
S-CAT-MUM03,BULLDOZER,2026-05-12,2
S-CAT-MUM03,BULLDOZER,2026-05-13,5
S-CAT-MUM03,BULLDOZER,2026-05-14,5
S-CAT-MUM03,BULLDOZER,2026-05-15,4
S-CAT-MUM03,BULLDOZER,2026-05-16,1
S-CAT-MUM03,BULLDOZER,2026-05-17,2
S-CAT-MUM03,BULLDOZER,2026-05-18,3
S-CAT-MUM03,BULLDOZER,2026-05-19,2
S-CAT-MUM03,BULLDOZER,2026-05-20,2
S-CAT-MUM03,BULLDOZER,2026-05-21,3
S-CAT-MUM03,BULLDOZER,2026-05-22,5
S-CAT-MUM03,BULLDOZER,2026-05-23,1
S-CAT-MUM03,BULLDOZER,2026-05-24,3
S-CAT-MUM03,BULLDOZER,2026-05-25,2
S-CAT-MUM03,BULLDOZER,2026-05-26,4
S-CAT-MUM03,BULLDOZER,2026-05-27,5
S-CAT-MUM03,BULLDOZER,2026-05-28,4
S-CAT-MUM03,BULLDOZER,2026-05-29,2
S-CAT-MUM03,BULLDOZER,2026-05-30,2
S-CAT-MUM03,BULLDOZER,2026-05-31,1
S-CAT-MUM03,BULLDOZER,2026-06-01,2
S-CAT-MUM03,BULLDOZER,2026-06-02,4
S-CAT-MUM03,BULLDOZER,2026-06-03,2
S-CAT-MUM03,BULLDOZER,2026-06-04,3
S-CAT-MUM03,BULLDOZER,2026-06-05,2
S-CAT-MUM03,BULLDOZER,2026-06-06,1
S-CAT-MUM03,BULLDOZER,2026-06-07,1
S-CAT-MUM03,BULLDOZER,2026-06-08,5
S-CAT-MUM03,BULLDOZER,2026-06-09,3
S-CAT-MUM03,BULLDOZER,2026-06-10,3
S-CAT-MUM03,BULLDOZER,2026-06-11,3
S-CAT-MUM03,BULLDOZER,2026-06-12,3
S-CAT-MUM03,BULLDOZER,2026-06-13,3
S-CAT-MUM03,BULLDOZER,2026-06-14,1
S-CAT-MUM03,BULLDOZER,2026-06-15,4
S-CAT-MUM03,BULLDOZER,2026-06-16,5
S-CAT-MUM03,BULLDOZER,2026-06-17,5
S-CAT-MUM03,BULLDOZER,2026-06-18,2
S-CAT-MUM03,BULLDOZER,2026-06-19,3
S-CAT-MUM03,BULLDOZER,2026-06-20,1
S-CAT-MUM03,BULLDOZER,2026-06-21,3
S-CAT-MUM03,BULLDOZER,2026-06-22,4
S-CAT-MUM03,BULLDOZER,2026-06-23,3
S-CAT-MUM03,BULLDOZER,2026-06-24,5
S-CAT-MUM03,BULLDOZER,2026-06-25,4
S-CAT-MUM03,BULLDOZER,2026-06-26,4
S-CAT-MUM03,BULLDOZER,2026-06-27,2
S-CAT-MUM03,BULLDOZER,2026-06-28,2
S-CAT-MUM03,BULLDOZER,2026-06-29,5
S-CAT-MUM03,BULLDOZER,2026-06-30,5
S-CAT-MUM03,BULLDOZER,2026-07-01,4
S-CAT-MUM03,BULLDOZER,2026-07-02,3
S-CAT-MUM03,BULLDOZER,2026-07-03,3
S-CAT-MUM03,BULLDOZER,2026-07-04,3
S-CAT-MUM03,BULLDOZER,2026-07-05,2
S-CAT-MUM03,BULLDOZER,2026-07-06,4
S-CAT-MUM03,BULLDOZER,2026-07-07,5
S-CAT-MUM03,BULLDOZER,2026-07-08,5
S-CAT-MUM03,BULLDOZER,2026-07-09,5
S-CAT-MUM03,BULLDOZER,2026-07-10,2
S-CAT-MUM03,BULLDOZER,2026-07-11,1
S-CAT-MUM03,BULLDOZER,2026-07-12,2
S-CAT-MUM03,BULLDOZER,2026-07-13,2
S-CAT-MUM03,BULLDOZER,2026-07-14,3
S-CAT-MUM03,BULLDOZER,2026-07-15,4
S-CAT-MUM03,BULLDOZER,2026-07-16,2
S-CAT-MUM03,BULLDOZER,2026-07-17,4
S-CAT-MUM03,BULLDOZER,2026-07-18,1
S-CAT-MUM03,BULLDOZER,2026-07-19,1
S-CAT-MUM03,BULLDOZER,2026-07-20,4
S-CAT-MUM03,BULLDOZER,2026-07-21,2
S-CAT-MUM03,BULLDOZER,2026-07-22,4
S-CAT-MUM03,BULLDOZER,2026-07-23,3
S-CAT-MUM03,BULLDOZER,2026-07-24,2
S-CAT-MUM03,BULLDOZER,2026-07-25,1
S-CAT-MUM03,BULLDOZER,2026-07-26,3
S-CAT-MUM03,BULLDOZER,2026-07-27,4
S-CAT-MUM03,BULLDOZER,2026-07-28,3
S-CAT-MUM03,BULLDOZER,2026-07-29,3
S-CAT-MUM03,BULLDOZER,2026-07-30,4
S-CAT-MUM03,BULLDOZER,2026-07-31,4
S-CAT-MUM03,BULLDOZER,2026-08-01,1
S-CAT-MUM03,BULLDOZER,2026-08-02,1
S-CAT-MUM03,BULLDOZER,2026-08-03,4
S-CAT-MUM03,BULLDOZER,2026-08-04,4
S-CAT-MUM03,BULLDOZER,2026-08-05,2
S-CAT-MUM03,BULLDOZER,2026-08-06,5
S-CAT-MUM03,BULLDOZER,2026-08-07,3
S-CAT-MUM03,BULLDOZER,2026-08-08,1
S-CAT-MUM03,BULLDOZER,2026-08-09,2
S-CAT-MUM03,BULLDOZER,2026-08-10,5
S-CAT-MUM03,BULLDOZER,2026-08-11,3
S-CAT-MUM03,BULLDOZER,2026-08-12,5
S-CAT-MUM03,BULLDOZER,2026-08-13,2
S-CAT-MUM03,BULLDOZER,2026-08-14,4
S-CAT-MUM03,BULLDOZER,2026-08-15,1
S-CAT-MUM03,BULLDOZER,2026-08-16,3
S-CAT-MUM03,BULLDOZER,2026-08-17,2
S-CAT-MUM03,BULLDOZER,2026-08-18,2
S-CAT-MUM03,BULLDOZER,2026-08-19,4
S-CAT-MUM03,BULLDOZER,2026-08-20,4
S-CAT-MUM03,BULLDOZER,2026-08-21,5
S-CAT-MUM03,BULLDOZER,2026-08-22,3
S-CAT-MUM03,BULLDOZER,2026-08-23,1
S-CAT-MUM03,BULLDOZER,2026-08-24,3
S-CAT-MUM03,BULLDOZER,2026-08-25,2
S-CAT-MUM03,BULLDOZER,2026-08-26,5
S-CAT-MUM03,BULLDOZER,2026-08-27,2
S-CAT-MUM03,BULLDOZER,2026-08-28,4
S-CAT-MUM03,BULLDOZER,2026-08-29,1
S-CAT-MUM03,BULLDOZER,2026-08-30,2
S-CAT-MUM03,BULLDOZER,2026-08-31,3
S-CAT-MUM03,BULLDOZER,2026-09-01,4
S-CAT-MUM03,BULLDOZER,2026-05-05,6
S-CAT-MUM03,BULLDOZER,2026-05-06,6
S-CAT-MUM03,BULLDOZER,2026-05-07,5
S-CAT-MUM03,BULLDOZER,2026-05-08,8
S-CAT-MUM03,BULLDOZER,2026-05-09,4
S-CAT-MUM03,BULLDOZER,2026-05-10,3
S-CAT-MUM03,BULLDOZER,2026-05-11,6
S-CAT-MUM03,BULLDOZER,2026-05-12,8
S-CAT-MUM03,BULLDOZER,2026-05-13,7
S-CAT-MUM03,BULLDOZER,2026-05-14,8
S-CAT-MUM03,BULLDOZER,2026-05-15,6
S-CAT-MUM03,BULLDOZER,2026-05-16,3
S-CAT-MUM03,BULLDOZER,2026-05-17,4
S-CAT-MUM03,BULLDOZER,2026-05-18,5
S-CAT-MUM03,BULLDOZER,2026-05-19,8
S-CAT-MUM03,BULLDOZER,2026-05-20,5
S-CAT-MUM03,BULLDOZER,2026-05-21,8
S-CAT-MUM03,BULLDOZER,2026-05-22,7
S-CAT-MUM03,BULLDOZER,2026-05-23,3
S-CAT-MUM03,BULLDOZER,2026-05-24,4
S-CAT-MUM03,BULLDOZER,2026-05-25,8
S-CAT-MUM03,BULLDOZER,2026-05-26,6
S-CAT-MUM03,BULLDOZER,2026-05-27,6
S-CAT-MUM03,BULLDOZER,2026-05-28,8
S-CAT-MUM03,BULLDOZER,2026-05-29,6
S-CAT-MUM03,BULLDOZER,2026-05-30,4
S-CAT-MUM03,BULLDOZER,2026-05-31,4
S-CAT-MUM03,BULLDOZER,2026-06-01,6
S-CAT-MUM03,BULLDOZER,2026-06-02,6
S-CAT-MUM03,BULLDOZER,2026-06-03,6
S-CAT-MUM03,BULLDOZER,2026-06-04,5
S-CAT-MUM03,BULLDOZER,2026-06-05,7
S-CAT-MUM03,BULLDOZER,2026-06-06,4
S-CAT-MUM03,BULLDOZER,2026-06-07,4
S-CAT-MUM03,BULLDOZER,2026-06-08,5
S-CAT-MUM03,BULLDOZER,2026-06-09,5
S-CAT-MUM03,BULLDOZER,2026-06-10,8
S-CAT-MUM03,BULLDOZER,2026-06-11,8
S-CAT-MUM03,BULLDOZER,2026-06-12,7
S-CAT-MUM03,BULLDOZER,2026-06-13,4
S-CAT-MUM03,BULLDOZER,2026-06-14,3
S-CAT-MUM03,BULLDOZER,2026-06-15,7
S-CAT-MUM03,BULLDOZER,2026-06-16,7
S-CAT-MUM03,BULLDOZER,2026-06-17,5
S-CAT-MUM03,BULLDOZER,2026-06-18,7
S-CAT-MUM03,BULLDOZER,2026-06-19,6
S-CAT-MUM03,BULLDOZER,2026-06-20,4
S-CAT-MUM03,BULLDOZER,2026-06-21,4
S-CAT-MUM03,BULLDOZER,2026-06-22,6
S-CAT-MUM03,BULLDOZER,2026-06-23,8
S-CAT-MUM03,BULLDOZER,2026-06-24,5
S-CAT-MUM03,BULLDOZER,2026-06-25,6
S-CAT-MUM03,BULLDOZER,2026-06-26,6
S-CAT-MUM03,BULLDOZER,2026-06-27,4
S-CAT-MUM03,BULLDOZER,2026-06-28,3
S-CAT-MUM03,BULLDOZER,2026-06-29,5
S-CAT-MUM03,BULLDOZER,2026-06-30,5
S-CAT-MUM03,BULLDOZER,2026-07-01,5
S-CAT-MUM03,BULLDOZER,2026-07-02,6
S-CAT-MUM03,BULLDOZER,2026-07-03,6
S-CAT-MUM03,BULLDOZER,2026-07-04,4
S-CAT-MUM03,BULLDOZER,2026-07-05,3
S-CAT-MUM03,BULLDOZER,2026-07-06,7
S-CAT-MUM03,BULLDOZER,2026-07-07,5
S-CAT-MUM03,BULLDOZER,2026-07-08,7
S-CAT-MUM03,BULLDOZER,2026-07-09,8
S-CAT-MUM03,BULLDOZER,2026-07-10,8
S-CAT-MUM03,BULLDOZER,2026-07-11,3
S-CAT-MUM03,BULLDOZER,2026-07-12,4
S-CAT-MUM03,BULLDOZER,2026-07-13,6
S-CAT-MUM03,BULLDOZER,2026-07-14,6
S-CAT-MUM03,BULLDOZER,2026-07-15,6
S-CAT-MUM03,BULLDOZER,2026-07-16,7
S-CAT-MUM03,BULLDOZER,2026-07-17,8
S-CAT-MUM03,BULLDOZER,2026-07-18,3
S-CAT-MUM03,BULLDOZER,2026-07-19,3
S-CAT-MUM03,BULLDOZER,2026-07-20,8
S-CAT-MUM03,BULLDOZER,2026-07-21,5
S-CAT-MUM03,BULLDOZER,2026-07-22,7
S-CAT-MUM03,BULLDOZER,2026-07-23,6
S-CAT-MUM03,BULLDOZER,2026-07-24,5
S-CAT-MUM03,BULLDOZER,2026-07-25,4
S-CAT-MUM03,BULLDOZER,2026-07-26,3
S-CAT-MUM03,BULLDOZER,2026-07-27,7
S-CAT-MUM03,BULLDOZER,2026-07-28,5
S-CAT-MUM03,BULLDOZER,2026-07-29,8
S-CAT-MUM03,BULLDOZER,2026-07-30,5
S-CAT-MUM03,BULLDOZER,2026-07-31,5
S-CAT-MUM03,BULLDOZER,2026-08-01,4
S-CAT-MUM03,BULLDOZER,2026-08-02,4
S-CAT-MUM03,BULLDOZER,2026-08-03,7
S-CAT-MUM03,BULLDOZER,2026-08-04,5
S-CAT-MUM03,BULLDOZER,2026-08-05,5
S-CAT-MUM03,BULLDOZER,2026-08-06,7
S-CAT-MUM03,BULLDOZER,2026-08-07,8
S-CAT-MUM03,BULLDOZER,2026-08-08,3
S-CAT-MUM03,BULLDOZER,2026-08-09,4
S-CAT-MUM03,BULLDOZER,2026-08-10,5
S-CAT-MUM03,BULLDOZER,2026-08-11,7
S-CAT-MUM03,BULLDOZER,2026-08-12,8
S-CAT-MUM03,BULLDOZER,2026-08-13,5
S-CAT-MUM03,BULLDOZER,2026-08-14,6
S-CAT-MUM03,BULLDOZER,2026-08-15,3
S-CAT-MUM03,BULLDOZER,2026-08-16,4
S-CAT-MUM03,BULLDOZER,2026-08-17,5
S-CAT-MUM03,BULLDOZER,2026-08-18,5
S-CAT-MUM03,BULLDOZER,2026-08-19,6
S-CAT-MUM03,BULLDOZER,2026-08-20,7
S-CAT-MUM03,BULLDOZER,2026-08-21,7
S-CAT-MUM03,BULLDOZER,2026-08-22,4
S-CAT-MUM03,BULLDOZER,2026-08-23,4
S-CAT-MUM03,BULLDOZER,2026-08-24,6
S-CAT-MUM03,BULLDOZER,2026-08-25,5
S-CAT-MUM03,BULLDOZER,2026-08-26,7
S-CAT-MUM03,BULLDOZER,2026-08-27,7
S-CAT-MUM03,BULLDOZER,2026-08-28,7
S-CAT-MUM03,BULLDOZER,2026-08-29,4
S-CAT-MUM03,BULLDOZER,2026-08-30,3
S-CAT-MUM03,BULLDOZER,2026-08-31,7
S-CAT-MUM03,BULLDOZER,2026-09-01,5
S-CAT-MUM03,WHEEL_LOADER,2026-05-05,6
S-CAT-MUM03,WHEEL_LOADER,2026-05-06,3
S-CAT-MUM03,WHEEL_LOADER,2026-05-07,5
S-CAT-MUM03,WHEEL_LOADER,2026-05-08,4
S-CAT-MUM03,WHEEL_LOADER,2026-05-09,2
S-CAT-MUM03,WHEEL_LOADER,2026-05-10,3
S-CAT-MUM03,WHEEL_LOADER,2026-05-11,6
S-CAT-MUM03,WHEEL_LOADER,2026-05-12,4
S-CAT-MUM03,WHEEL_LOADER,2026-05-13,3
S-CAT-MUM03,WHEEL_LOADER,2026-05-14,6
S-CAT-MUM03,WHEEL_LOADER,2026-05-15,4
S-CAT-MUM03,WHEEL_LOADER,2026-05-16,3
S-CAT-MUM03,WHEEL_LOADER,2026-05-17,2
S-CAT-MUM03,WHEEL_LOADER,2026-05-18,4
S-CAT-MUM03,WHEEL_LOADER,2026-05-19,6
S-CAT-MUM03,WHEEL_LOADER,2026-05-20,5
S-CAT-MUM03,WHEEL_LOADER,2026-05-21,5
S-CAT-MUM03,WHEEL_LOADER,2026-05-22,6
S-CAT-MUM03,WHEEL_LOADER,2026-05-23,2
S-CAT-MUM03,WHEEL_LOADER,2026-05-24,2
S-CAT-MUM03,WHEEL_LOADER,2026-05-25,4
S-CAT-MUM03,WHEEL_LOADER,2026-05-26,4
S-CAT-MUM03,WHEEL_LOADER,2026-05-27,4
S-CAT-MUM03,WHEEL_LOADER,2026-05-28,5
S-CAT-MUM03,WHEEL_LOADER,2026-05-29,4
S-CAT-MUM03,WHEEL_LOADER,2026-05-30,3
S-CAT-MUM03,WHEEL_LOADER,2026-05-31,2
S-CAT-MUM03,WHEEL_LOADER,2026-06-01,4
S-CAT-MUM03,WHEEL_LOADER,2026-06-02,5
S-CAT-MUM03,WHEEL_LOADER,2026-06-03,3
S-CAT-MUM03,WHEEL_LOADER,2026-06-04,3
S-CAT-MUM03,WHEEL_LOADER,2026-06-05,4
S-CAT-MUM03,WHEEL_LOADER,2026-06-06,3
S-CAT-MUM03,WHEEL_LOADER,2026-06-07,2
S-CAT-MUM03,WHEEL_LOADER,2026-06-08,3
S-CAT-MUM03,WHEEL_LOADER,2026-06-09,5
S-CAT-MUM03,WHEEL_LOADER,2026-06-10,6
S-CAT-MUM03,WHEEL_LOADER,2026-06-11,6
S-CAT-MUM03,WHEEL_LOADER,2026-06-12,5
S-CAT-MUM03,WHEEL_LOADER,2026-06-13,3
S-CAT-MUM03,WHEEL_LOADER,2026-06-14,3
S-CAT-MUM03,WHEEL_LOADER,2026-06-15,4
S-CAT-MUM03,WHEEL_LOADER,2026-06-16,4
S-CAT-MUM03,WHEEL_LOADER,2026-06-17,3
S-CAT-MUM03,WHEEL_LOADER,2026-06-18,4
S-CAT-MUM03,WHEEL_LOADER,2026-06-19,4
S-CAT-MUM03,WHEEL_LOADER,2026-06-20,1
S-CAT-MUM03,WHEEL_LOADER,2026-06-21,3
S-CAT-MUM03,WHEEL_LOADER,2026-06-22,4
S-CAT-MUM03,WHEEL_LOADER,2026-06-23,4
S-CAT-MUM03,WHEEL_LOADER,2026-06-24,4
S-CAT-MUM03,WHEEL_LOADER,2026-06-25,3
S-CAT-MUM03,WHEEL_LOADER,2026-06-26,5
S-CAT-MUM03,WHEEL_LOADER,2026-06-27,1
S-CAT-MUM03,WHEEL_LOADER,2026-06-28,3
S-CAT-MUM03,WHEEL_LOADER,2026-06-29,4
S-CAT-MUM03,WHEEL_LOADER,2026-06-30,6
S-CAT-MUM03,WHEEL_LOADER,2026-07-01,5
S-CAT-MUM03,WHEEL_LOADER,2026-07-02,4
S-CAT-MUM03,WHEEL_LOADER,2026-07-03,6
S-CAT-MUM03,WHEEL_LOADER,2026-07-04,3
S-CAT-MUM03,WHEEL_LOADER,2026-07-05,3
S-CAT-MUM03,WHEEL_LOADER,2026-07-06,4
S-CAT-MUM03,WHEEL_LOADER,2026-07-07,4
S-CAT-MUM03,WHEEL_LOADER,2026-07-08,4
S-CAT-MUM03,WHEEL_LOADER,2026-07-09,4
S-CAT-MUM03,WHEEL_LOADER,2026-07-10,3
S-CAT-MUM03,WHEEL_LOADER,2026-07-11,3
S-CAT-MUM03,WHEEL_LOADER,2026-07-12,1
S-CAT-MUM03,WHEEL_LOADER,2026-07-13,5
S-CAT-MUM03,WHEEL_LOADER,2026-07-14,6
S-CAT-MUM03,WHEEL_LOADER,2026-07-15,4
S-CAT-MUM03,WHEEL_LOADER,2026-07-16,4
S-CAT-MUM03,WHEEL_LOADER,2026-07-17,4
S-CAT-MUM03,WHEEL_LOADER,2026-07-18,1
S-CAT-MUM03,WHEEL_LOADER,2026-07-19,2
S-CAT-MUM03,WHEEL_LOADER,2026-07-20,6
S-CAT-MUM03,WHEEL_LOADER,2026-07-21,6
S-CAT-MUM03,WHEEL_LOADER,2026-07-22,5
S-CAT-MUM03,WHEEL_LOADER,2026-07-23,6
S-CAT-MUM03,WHEEL_LOADER,2026-07-24,4
S-CAT-MUM03,WHEEL_LOADER,2026-07-25,3
S-CAT-MUM03,WHEEL_LOADER,2026-07-26,3
S-CAT-MUM03,WHEEL_LOADER,2026-07-27,3
S-CAT-MUM03,WHEEL_LOADER,2026-07-28,6
S-CAT-MUM03,WHEEL_LOADER,2026-07-29,5
S-CAT-MUM03,WHEEL_LOADER,2026-07-30,6
S-CAT-MUM03,WHEEL_LOADER,2026-07-31,3
S-CAT-MUM03,WHEEL_LOADER,2026-08-01,1
S-CAT-MUM03,WHEEL_LOADER,2026-08-02,3
S-CAT-MUM03,WHEEL_LOADER,2026-08-03,6
S-CAT-MUM03,WHEEL_LOADER,2026-08-04,3
S-CAT-MUM03,WHEEL_LOADER,2026-08-05,4
S-CAT-MUM03,WHEEL_LOADER,2026-08-06,6
S-CAT-MUM03,WHEEL_LOADER,2026-08-07,3
S-CAT-MUM03,WHEEL_LOADER,2026-08-08,3
S-CAT-MUM03,WHEEL_LOADER,2026-08-09,1
S-CAT-MUM03,WHEEL_LOADER,2026-08-10,4
S-CAT-MUM03,WHEEL_LOADER,2026-08-11,5
S-CAT-MUM03,WHEEL_LOADER,2026-08-12,6
S-CAT-MUM03,WHEEL_LOADER,2026-08-13,6
S-CAT-MUM03,WHEEL_LOADER,2026-08-14,5
S-CAT-MUM03,WHEEL_LOADER,2026-08-15,3
S-CAT-MUM03,WHEEL_LOADER,2026-08-16,3
S-CAT-MUM03,WHEEL_LOADER,2026-08-17,4
S-CAT-MUM03,WHEEL_LOADER,2026-08-18,6
S-CAT-MUM03,WHEEL_LOADER,2026-08-19,5
S-CAT-MUM03,WHEEL_LOADER,2026-08-20,3
S-CAT-MUM03,WHEEL_LOADER,2026-08-21,4
S-CAT-MUM03,WHEEL_LOADER,2026-08-22,3
S-CAT-MUM03,WHEEL_LOADER,2026-08-23,3
S-CAT-MUM03,WHEEL_LOADER,2026-08-24,3
S-CAT-MUM03,WHEEL_LOADER,2026-08-25,3
S-CAT-MUM03,WHEEL_LOADER,2026-08-26,4
S-CAT-MUM03,WHEEL_LOADER,2026-08-27,4
S-CAT-MUM03,WHEEL_LOADER,2026-08-28,6
S-CAT-MUM03,WHEEL_LOADER,2026-08-29,3
S-CAT-MUM03,WHEEL_LOADER,2026-08-30,3
S-CAT-MUM03,WHEEL_LOADER,2026-08-31,6
S-CAT-MUM03,WHEEL_LOADER,2026-09-01,3
S-CAT-MUM03,WHEEL_LOADER,2026-05-05,5
S-CAT-MUM03,WHEEL_LOADER,2026-05-06,3
S-CAT-MUM03,WHEEL_LOADER,2026-05-07,5
S-CAT-MUM03,WHEEL_LOADER,2026-05-08,2
S-CAT-MUM03,WHEEL_LOADER,2026-05-09,2
S-CAT-MUM03,WHEEL_LOADER,2026-05-10,2
S-CAT-MUM03,WHEEL_LOADER,2026-05-11,3
S-CAT-MUM03,WHEEL_LOADER,2026-05-12,2
S-CAT-MUM03,WHEEL_LOADER,2026-05-13,2
S-CAT-MUM03,WHEEL_LOADER,2026-05-14,2
S-CAT-MUM03,WHEEL_LOADER,2026-05-15,5
S-CAT-MUM03,WHEEL_LOADER,2026-05-16,2
S-CAT-MUM03,WHEEL_LOADER,2026-05-17,1
S-CAT-MUM03,WHEEL_LOADER,2026-05-18,5
S-CAT-MUM03,WHEEL_LOADER,2026-05-19,3
S-CAT-MUM03,WHEEL_LOADER,2026-05-20,5
S-CAT-MUM03,WHEEL_LOADER,2026-05-21,5
S-CAT-MUM03,WHEEL_LOADER,2026-05-22,2
S-CAT-MUM03,WHEEL_LOADER,2026-05-23,1
S-CAT-MUM03,WHEEL_LOADER,2026-05-24,2
S-CAT-MUM03,WHEEL_LOADER,2026-05-25,3
S-CAT-MUM03,WHEEL_LOADER,2026-05-26,3
S-CAT-MUM03,WHEEL_LOADER,2026-05-27,3
S-CAT-MUM03,WHEEL_LOADER,2026-05-28,3
S-CAT-MUM03,WHEEL_LOADER,2026-05-29,2
S-CAT-MUM03,WHEEL_LOADER,2026-05-30,3
S-CAT-MUM03,WHEEL_LOADER,2026-05-31,2
S-CAT-MUM03,WHEEL_LOADER,2026-06-01,4
S-CAT-MUM03,WHEEL_LOADER,2026-06-02,5
S-CAT-MUM03,WHEEL_LOADER,2026-06-03,4
S-CAT-MUM03,WHEEL_LOADER,2026-06-04,3
S-CAT-MUM03,WHEEL_LOADER,2026-06-05,2
S-CAT-MUM03,WHEEL_LOADER,2026-06-06,1
S-CAT-MUM03,WHEEL_LOADER,2026-06-07,1
S-CAT-MUM03,WHEEL_LOADER,2026-06-08,2
S-CAT-MUM03,WHEEL_LOADER,2026-06-09,4
S-CAT-MUM03,WHEEL_LOADER,2026-06-10,2
S-CAT-MUM03,WHEEL_LOADER,2026-06-11,5
S-CAT-MUM03,WHEEL_LOADER,2026-06-12,5
S-CAT-MUM03,WHEEL_LOADER,2026-06-13,3
S-CAT-MUM03,WHEEL_LOADER,2026-06-14,1
S-CAT-MUM03,WHEEL_LOADER,2026-06-15,5
S-CAT-MUM03,WHEEL_LOADER,2026-06-16,3
S-CAT-MUM03,WHEEL_LOADER,2026-06-17,3
S-CAT-MUM03,WHEEL_LOADER,2026-06-18,5
S-CAT-MUM03,WHEEL_LOADER,2026-06-19,5
S-CAT-MUM03,WHEEL_LOADER,2026-06-20,3
S-CAT-MUM03,WHEEL_LOADER,2026-06-21,3
S-CAT-MUM03,WHEEL_LOADER,2026-06-22,2
S-CAT-MUM03,WHEEL_LOADER,2026-06-23,2
S-CAT-MUM03,WHEEL_LOADER,2026-06-24,3
S-CAT-MUM03,WHEEL_LOADER,2026-06-25,4
S-CAT-MUM03,WHEEL_LOADER,2026-06-26,3
S-CAT-MUM03,WHEEL_LOADER,2026-06-27,1
S-CAT-MUM03,WHEEL_LOADER,2026-06-28,1
S-CAT-MUM03,WHEEL_LOADER,2026-06-29,3
S-CAT-MUM03,WHEEL_LOADER,2026-06-30,2
S-CAT-MUM03,WHEEL_LOADER,2026-07-01,4
S-CAT-MUM03,WHEEL_LOADER,2026-07-02,2
S-CAT-MUM03,WHEEL_LOADER,2026-07-03,3
S-CAT-MUM03,WHEEL_LOADER,2026-07-04,1
S-CAT-MUM03,WHEEL_LOADER,2026-07-05,2
S-CAT-MUM03,WHEEL_LOADER,2026-07-06,4
S-CAT-MUM03,WHEEL_LOADER,2026-07-07,2
S-CAT-MUM03,WHEEL_LOADER,2026-07-08,2
S-CAT-MUM03,WHEEL_LOADER,2026-07-09,2
S-CAT-MUM03,WHEEL_LOADER,2026-07-10,5
S-CAT-MUM03,WHEEL_LOADER,2026-07-11,1
S-CAT-MUM03,WHEEL_LOADER,2026-07-12,1
S-CAT-MUM03,WHEEL_LOADER,2026-07-13,4
S-CAT-MUM03,WHEEL_LOADER,2026-07-14,3
S-CAT-MUM03,WHEEL_LOADER,2026-07-15,5
S-CAT-MUM03,WHEEL_LOADER,2026-07-16,4
S-CAT-MUM03,WHEEL_LOADER,2026-07-17,2
S-CAT-MUM03,WHEEL_LOADER,2026-07-18,1
S-CAT-MUM03,WHEEL_LOADER,2026-07-19,2
S-CAT-MUM03,WHEEL_LOADER,2026-07-20,4
S-CAT-MUM03,WHEEL_LOADER,2026-07-21,4
S-CAT-MUM03,WHEEL_LOADER,2026-07-22,5
S-CAT-MUM03,WHEEL_LOADER,2026-07-23,2
S-CAT-MUM03,WHEEL_LOADER,2026-07-24,5
S-CAT-MUM03,WHEEL_LOADER,2026-07-25,1
S-CAT-MUM03,WHEEL_LOADER,2026-07-26,2
S-CAT-MUM03,WHEEL_LOADER,2026-07-27,5
S-CAT-MUM03,WHEEL_LOADER,2026-07-28,3
S-CAT-MUM03,WHEEL_LOADER,2026-07-29,2
S-CAT-MUM03,WHEEL_LOADER,2026-07-30,4
S-CAT-MUM03,WHEEL_LOADER,2026-07-31,4
S-CAT-MUM03,WHEEL_LOADER,2026-08-01,3
S-CAT-MUM03,WHEEL_LOADER,2026-08-02,1
S-CAT-MUM03,WHEEL_LOADER,2026-08-03,3
S-CAT-MUM03,WHEEL_LOADER,2026-08-04,2
S-CAT-MUM03,WHEEL_LOADER,2026-08-05,2
S-CAT-MUM03,WHEEL_LOADER,2026-08-06,2
S-CAT-MUM03,WHEEL_LOADER,2026-08-07,5
S-CAT-MUM03,WHEEL_LOADER,2026-08-08,2
S-CAT-MUM03,WHEEL_LOADER,2026-08-09,3
S-CAT-MUM03,WHEEL_LOADER,2026-08-10,4
S-CAT-MUM03,WHEEL_LOADER,2026-08-11,4
S-CAT-MUM03,WHEEL_LOADER,2026-08-12,4
S-CAT-MUM03,WHEEL_LOADER,2026-08-13,3
S-CAT-MUM03,WHEEL_LOADER,2026-08-14,5
S-CAT-MUM03,WHEEL_LOADER,2026-08-15,3
S-CAT-MUM03,WHEEL_LOADER,2026-08-16,3
S-CAT-MUM03,WHEEL_LOADER,2026-08-17,3
S-CAT-MUM03,WHEEL_LOADER,2026-08-18,3
S-CAT-MUM03,WHEEL_LOADER,2026-08-19,4
S-CAT-MUM03,WHEEL_LOADER,2026-08-20,3
S-CAT-MUM03,WHEEL_LOADER,2026-08-21,2
S-CAT-MUM03,WHEEL_LOADER,2026-08-22,1
S-CAT-MUM03,WHEEL_LOADER,2026-08-23,1
S-CAT-MUM03,WHEEL_LOADER,2026-08-24,5
S-CAT-MUM03,WHEEL_LOADER,2026-08-25,2
S-CAT-MUM03,WHEEL_LOADER,2026-08-26,3
S-CAT-MUM03,WHEEL_LOADER,2026-08-27,5
S-CAT-MUM03,WHEEL_LOADER,2026-08-28,5
S-CAT-MUM03,WHEEL_LOADER,2026-08-29,1
S-CAT-MUM03,WHEEL_LOADER,2026-08-30,2
S-CAT-MUM03,WHEEL_LOADER,2026-08-31,4
S-CAT-MUM03,WHEEL_LOADER,2026-09-01,3
S-CAT-MUM03,DUMP_TRUCK,2026-05-05,2
S-CAT-MUM03,DUMP_TRUCK,2026-05-06,3
S-CAT-MUM03,DUMP_TRUCK,2026-05-07,3
S-CAT-MUM03,DUMP_TRUCK,2026-05-08,1
S-CAT-MUM03,DUMP_TRUCK,2026-05-09,1
S-CAT-MUM03,DUMP_TRUCK,2026-05-10,1
S-CAT-MUM03,DUMP_TRUCK,2026-05-11,3
S-CAT-MUM03,DUMP_TRUCK,2026-05-12,1
S-CAT-MUM03,DUMP_TRUCK,2026-05-13,1
S-CAT-MUM03,DUMP_TRUCK,2026-05-14,3
S-CAT-MUM03,DUMP_TRUCK,2026-05-15,3
S-CAT-MUM03,DUMP_TRUCK,2026-05-16,2
S-CAT-MUM03,DUMP_TRUCK,2026-05-17,0
S-CAT-MUM03,DUMP_TRUCK,2026-05-18,2
S-CAT-MUM03,DUMP_TRUCK,2026-05-19,2
S-CAT-MUM03,DUMP_TRUCK,2026-05-20,3
S-CAT-MUM03,DUMP_TRUCK,2026-05-21,3
S-CAT-MUM03,DUMP_TRUCK,2026-05-22,4
S-CAT-MUM03,DUMP_TRUCK,2026-05-23,2
S-CAT-MUM03,DUMP_TRUCK,2026-05-24,0
S-CAT-MUM03,DUMP_TRUCK,2026-05-25,2
S-CAT-MUM03,DUMP_TRUCK,2026-05-26,4
S-CAT-MUM03,DUMP_TRUCK,2026-05-27,2
S-CAT-MUM03,DUMP_TRUCK,2026-05-28,4
S-CAT-MUM03,DUMP_TRUCK,2026-05-29,3
S-CAT-MUM03,DUMP_TRUCK,2026-05-30,2
S-CAT-MUM03,DUMP_TRUCK,2026-05-31,2
S-CAT-MUM03,DUMP_TRUCK,2026-06-01,1
S-CAT-MUM03,DUMP_TRUCK,2026-06-02,3
S-CAT-MUM03,DUMP_TRUCK,2026-06-03,3
S-CAT-MUM03,DUMP_TRUCK,2026-06-04,1
S-CAT-MUM03,DUMP_TRUCK,2026-06-05,2
S-CAT-MUM03,DUMP_TRUCK,2026-06-06,1
S-CAT-MUM03,DUMP_TRUCK,2026-06-07,1
S-CAT-MUM03,DUMP_TRUCK,2026-06-08,1
S-CAT-MUM03,DUMP_TRUCK,2026-06-09,2
S-CAT-MUM03,DUMP_TRUCK,2026-06-10,3
S-CAT-MUM03,DUMP_TRUCK,2026-06-11,1
S-CAT-MUM03,DUMP_TRUCK,2026-06-12,3
S-CAT-MUM03,DUMP_TRUCK,2026-06-13,2
S-CAT-MUM03,DUMP_TRUCK,2026-06-14,1
S-CAT-MUM03,DUMP_TRUCK,2026-06-15,4
S-CAT-MUM03,DUMP_TRUCK,2026-06-16,2
S-CAT-MUM03,DUMP_TRUCK,2026-06-17,1
S-CAT-MUM03,DUMP_TRUCK,2026-06-18,3
S-CAT-MUM03,DUMP_TRUCK,2026-06-19,3
S-CAT-MUM03,DUMP_TRUCK,2026-06-20,0
S-CAT-MUM03,DUMP_TRUCK,2026-06-21,1
S-CAT-MUM03,DUMP_TRUCK,2026-06-22,4
S-CAT-MUM03,DUMP_TRUCK,2026-06-23,1
S-CAT-MUM03,DUMP_TRUCK,2026-06-24,4
S-CAT-MUM03,DUMP_TRUCK,2026-06-25,2
S-CAT-MUM03,DUMP_TRUCK,2026-06-26,3
S-CAT-MUM03,DUMP_TRUCK,2026-06-27,2
S-CAT-MUM03,DUMP_TRUCK,2026-06-28,1
S-CAT-MUM03,DUMP_TRUCK,2026-06-29,2
S-CAT-MUM03,DUMP_TRUCK,2026-06-30,3
S-CAT-MUM03,DUMP_TRUCK,2026-07-01,2
S-CAT-MUM03,DUMP_TRUCK,2026-07-02,1
S-CAT-MUM03,DUMP_TRUCK,2026-07-03,3
S-CAT-MUM03,DUMP_TRUCK,2026-07-04,0
S-CAT-MUM03,DUMP_TRUCK,2026-07-05,1
S-CAT-MUM03,DUMP_TRUCK,2026-07-06,1
S-CAT-MUM03,DUMP_TRUCK,2026-07-07,4
S-CAT-MUM03,DUMP_TRUCK,2026-07-08,1
S-CAT-MUM03,DUMP_TRUCK,2026-07-09,4
S-CAT-MUM03,DUMP_TRUCK,2026-07-10,2
S-CAT-MUM03,DUMP_TRUCK,2026-07-11,1
S-CAT-MUM03,DUMP_TRUCK,2026-07-12,1
S-CAT-MUM03,DUMP_TRUCK,2026-07-13,4
S-CAT-MUM03,DUMP_TRUCK,2026-07-14,3
S-CAT-MUM03,DUMP_TRUCK,2026-07-15,3
S-CAT-MUM03,DUMP_TRUCK,2026-07-16,2
S-CAT-MUM03,DUMP_TRUCK,2026-07-17,1
S-CAT-MUM03,DUMP_TRUCK,2026-07-18,1
S-CAT-MUM03,DUMP_TRUCK,2026-07-19,1
S-CAT-MUM03,DUMP_TRUCK,2026-07-20,1
S-CAT-MUM03,DUMP_TRUCK,2026-07-21,4
S-CAT-MUM03,DUMP_TRUCK,2026-07-22,4
S-CAT-MUM03,DUMP_TRUCK,2026-07-23,1
S-CAT-MUM03,DUMP_TRUCK,2026-07-24,1
S-CAT-MUM03,DUMP_TRUCK,2026-07-25,1
S-CAT-MUM03,DUMP_TRUCK,2026-07-26,0
S-CAT-MUM03,DUMP_TRUCK,2026-07-27,1
S-CAT-MUM03,DUMP_TRUCK,2026-07-28,3
S-CAT-MUM03,DUMP_TRUCK,2026-07-29,4
S-CAT-MUM03,DUMP_TRUCK,2026-07-30,1
S-CAT-MUM03,DUMP_TRUCK,2026-07-31,1
S-CAT-MUM03,DUMP_TRUCK,2026-08-01,1
S-CAT-MUM03,DUMP_TRUCK,2026-08-02,0
S-CAT-MUM03,DUMP_TRUCK,2026-08-03,3
S-CAT-MUM03,DUMP_TRUCK,2026-08-04,2
S-CAT-MUM03,DUMP_TRUCK,2026-08-05,3
S-CAT-MUM03,DUMP_TRUCK,2026-08-06,2
S-CAT-MUM03,DUMP_TRUCK,2026-08-07,2
S-CAT-MUM03,DUMP_TRUCK,2026-08-08,1
S-CAT-MUM03,DUMP_TRUCK,2026-08-09,1
S-CAT-MUM03,DUMP_TRUCK,2026-08-10,3
S-CAT-MUM03,DUMP_TRUCK,2026-08-11,4
S-CAT-MUM03,DUMP_TRUCK,2026-08-12,1
S-CAT-MUM03,DUMP_TRUCK,2026-08-13,3
S-CAT-MUM03,DUMP_TRUCK,2026-08-14,2
S-CAT-MUM03,DUMP_TRUCK,2026-08-15,1
S-CAT-MUM03,DUMP_TRUCK,2026-08-16,1
S-CAT-MUM03,DUMP_TRUCK,2026-08-17,1
S-CAT-MUM03,DUMP_TRUCK,2026-08-18,1
S-CAT-MUM03,DUMP_TRUCK,2026-08-19,1
S-CAT-MUM03,DUMP_TRUCK,2026-08-20,2
S-CAT-MUM03,DUMP_TRUCK,2026-08-21,3
S-CAT-MUM03,DUMP_TRUCK,2026-08-22,1
S-CAT-MUM03,DUMP_TRUCK,2026-08-23,1
S-CAT-MUM03,DUMP_TRUCK,2026-08-24,2
S-CAT-MUM03,DUMP_TRUCK,2026-08-25,3
S-CAT-MUM03,DUMP_TRUCK,2026-08-26,2
S-CAT-MUM03,DUMP_TRUCK,2026-08-27,2
S-CAT-MUM03,DUMP_TRUCK,2026-08-28,1
S-CAT-MUM03,DUMP_TRUCK,2026-08-29,1
S-CAT-MUM03,DUMP_TRUCK,2026-08-30,1
S-CAT-MUM03,DUMP_TRUCK,2026-08-31,4
S-CAT-MUM03,DUMP_TRUCK,2026-09-01,1
S-CAT-MUM03,DUMP_TRUCK,2026-05-05,2
S-CAT-MUM03,DUMP_TRUCK,2026-05-06,5
S-CAT-MUM03,DUMP_TRUCK,2026-05-07,2
S-CAT-MUM03,DUMP_TRUCK,2026-05-08,2
S-CAT-MUM03,DUMP_TRUCK,2026-05-09,3
S-CAT-MUM03,DUMP_TRUCK,2026-05-10,1
S-CAT-MUM03,DUMP_TRUCK,2026-05-11,2
S-CAT-MUM03,DUMP_TRUCK,2026-05-12,5
S-CAT-MUM03,DUMP_TRUCK,2026-05-13,5
S-CAT-MUM03,DUMP_TRUCK,2026-05-14,3
S-CAT-MUM03,DUMP_TRUCK,2026-05-15,5
S-CAT-MUM03,DUMP_TRUCK,2026-05-16,2
S-CAT-MUM03,DUMP_TRUCK,2026-05-17,2
S-CAT-MUM03,DUMP_TRUCK,2026-05-18,4
S-CAT-MUM03,DUMP_TRUCK,2026-05-19,3
S-CAT-MUM03,DUMP_TRUCK,2026-05-20,2
S-CAT-MUM03,DUMP_TRUCK,2026-05-21,5
S-CAT-MUM03,DUMP_TRUCK,2026-05-22,3
S-CAT-MUM03,DUMP_TRUCK,2026-05-23,1
S-CAT-MUM03,DUMP_TRUCK,2026-05-24,3
S-CAT-MUM03,DUMP_TRUCK,2026-05-25,2
S-CAT-MUM03,DUMP_TRUCK,2026-05-26,5
S-CAT-MUM03,DUMP_TRUCK,2026-05-27,4
S-CAT-MUM03,DUMP_TRUCK,2026-05-28,5
S-CAT-MUM03,DUMP_TRUCK,2026-05-29,5
S-CAT-MUM03,DUMP_TRUCK,2026-05-30,1
S-CAT-MUM03,DUMP_TRUCK,2026-05-31,1
S-CAT-MUM03,DUMP_TRUCK,2026-06-01,3
S-CAT-MUM03,DUMP_TRUCK,2026-06-02,4
S-CAT-MUM03,DUMP_TRUCK,2026-06-03,4
S-CAT-MUM03,DUMP_TRUCK,2026-06-04,5
S-CAT-MUM03,DUMP_TRUCK,2026-06-05,3
S-CAT-MUM03,DUMP_TRUCK,2026-06-06,2
S-CAT-MUM03,DUMP_TRUCK,2026-06-07,2
S-CAT-MUM03,DUMP_TRUCK,2026-06-08,5
S-CAT-MUM03,DUMP_TRUCK,2026-06-09,5
S-CAT-MUM03,DUMP_TRUCK,2026-06-10,2
S-CAT-MUM03,DUMP_TRUCK,2026-06-11,2
S-CAT-MUM03,DUMP_TRUCK,2026-06-12,5
S-CAT-MUM03,DUMP_TRUCK,2026-06-13,1
S-CAT-MUM03,DUMP_TRUCK,2026-06-14,2
S-CAT-MUM03,DUMP_TRUCK,2026-06-15,5
S-CAT-MUM03,DUMP_TRUCK,2026-06-16,5
S-CAT-MUM03,DUMP_TRUCK,2026-06-17,3
S-CAT-MUM03,DUMP_TRUCK,2026-06-18,4
S-CAT-MUM03,DUMP_TRUCK,2026-06-19,4
S-CAT-MUM03,DUMP_TRUCK,2026-06-20,1
S-CAT-MUM03,DUMP_TRUCK,2026-06-21,1
S-CAT-MUM03,DUMP_TRUCK,2026-06-22,5
S-CAT-MUM03,DUMP_TRUCK,2026-06-23,2
S-CAT-MUM03,DUMP_TRUCK,2026-06-24,4
S-CAT-MUM03,DUMP_TRUCK,2026-06-25,2
S-CAT-MUM03,DUMP_TRUCK,2026-06-26,4
S-CAT-MUM03,DUMP_TRUCK,2026-06-27,3
S-CAT-MUM03,DUMP_TRUCK,2026-06-28,3
S-CAT-MUM03,DUMP_TRUCK,2026-06-29,5
S-CAT-MUM03,DUMP_TRUCK,2026-06-30,3
S-CAT-MUM03,DUMP_TRUCK,2026-07-01,3
S-CAT-MUM03,DUMP_TRUCK,2026-07-02,3
S-CAT-MUM03,DUMP_TRUCK,2026-07-03,5
S-CAT-MUM03,DUMP_TRUCK,2026-07-04,3
S-CAT-MUM03,DUMP_TRUCK,2026-07-05,1
S-CAT-MUM03,DUMP_TRUCK,2026-07-06,4
S-CAT-MUM03,DUMP_TRUCK,2026-07-07,3
S-CAT-MUM03,DUMP_TRUCK,2026-07-08,5
S-CAT-MUM03,DUMP_TRUCK,2026-07-09,5
S-CAT-MUM03,DUMP_TRUCK,2026-07-10,4
S-CAT-MUM03,DUMP_TRUCK,2026-07-11,1
S-CAT-MUM03,DUMP_TRUCK,2026-07-12,1
S-CAT-MUM03,DUMP_TRUCK,2026-07-13,2
S-CAT-MUM03,DUMP_TRUCK,2026-07-14,5
S-CAT-MUM03,DUMP_TRUCK,2026-07-15,2
S-CAT-MUM03,DUMP_TRUCK,2026-07-16,5
S-CAT-MUM03,DUMP_TRUCK,2026-07-17,4
S-CAT-MUM03,DUMP_TRUCK,2026-07-18,1
S-CAT-MUM03,DUMP_TRUCK,2026-07-19,3
S-CAT-MUM03,DUMP_TRUCK,2026-07-20,3
S-CAT-MUM03,DUMP_TRUCK,2026-07-21,4
S-CAT-MUM03,DUMP_TRUCK,2026-07-22,5
S-CAT-MUM03,DUMP_TRUCK,2026-07-23,2
S-CAT-MUM03,DUMP_TRUCK,2026-07-24,2
S-CAT-MUM03,DUMP_TRUCK,2026-07-25,3
S-CAT-MUM03,DUMP_TRUCK,2026-07-26,2
S-CAT-MUM03,DUMP_TRUCK,2026-07-27,5
S-CAT-MUM03,DUMP_TRUCK,2026-07-28,2
S-CAT-MUM03,DUMP_TRUCK,2026-07-29,2
S-CAT-MUM03,DUMP_TRUCK,2026-07-30,3
S-CAT-MUM03,DUMP_TRUCK,2026-07-31,3
S-CAT-MUM03,DUMP_TRUCK,2026-08-01,1
S-CAT-MUM03,DUMP_TRUCK,2026-08-02,1
S-CAT-MUM03,DUMP_TRUCK,2026-08-03,3
S-CAT-MUM03,DUMP_TRUCK,2026-08-04,5
S-CAT-MUM03,DUMP_TRUCK,2026-08-05,4
S-CAT-MUM03,DUMP_TRUCK,2026-08-06,5
S-CAT-MUM03,DUMP_TRUCK,2026-08-07,5
S-CAT-MUM03,DUMP_TRUCK,2026-08-08,1
S-CAT-MUM03,DUMP_TRUCK,2026-08-09,1
S-CAT-MUM03,DUMP_TRUCK,2026-08-10,4
S-CAT-MUM03,DUMP_TRUCK,2026-08-11,4
S-CAT-MUM03,DUMP_TRUCK,2026-08-12,4
S-CAT-MUM03,DUMP_TRUCK,2026-08-13,5
S-CAT-MUM03,DUMP_TRUCK,2026-08-14,4
S-CAT-MUM03,DUMP_TRUCK,2026-08-15,1
S-CAT-MUM03,DUMP_TRUCK,2026-08-16,1
S-CAT-MUM03,DUMP_TRUCK,2026-08-17,5
S-CAT-MUM03,DUMP_TRUCK,2026-08-18,3
S-CAT-MUM03,DUMP_TRUCK,2026-08-19,4
S-CAT-MUM03,DUMP_TRUCK,2026-08-20,2
S-CAT-MUM03,DUMP_TRUCK,2026-08-21,4
S-CAT-MUM03,DUMP_TRUCK,2026-08-22,1
S-CAT-MUM03,DUMP_TRUCK,2026-08-23,1
S-CAT-MUM03,DUMP_TRUCK,2026-08-24,4
S-CAT-MUM03,DUMP_TRUCK,2026-08-25,2
S-CAT-MUM03,DUMP_TRUCK,2026-08-26,4
S-CAT-MUM03,DUMP_TRUCK,2026-08-27,2
S-CAT-MUM03,DUMP_TRUCK,2026-08-28,3
S-CAT-MUM03,DUMP_TRUCK,2026-08-29,3
S-CAT-MUM03,DUMP_TRUCK,2026-08-30,3
S-CAT-MUM03,DUMP_TRUCK,2026-08-31,4
S-CAT-MUM03,DUMP_TRUCK,2026-09-01,5
S-CAT-MUM03,COMPACTOR,2026-05-05,7
S-CAT-MUM03,COMPACTOR,2026-05-06,7
S-CAT-MUM03,COMPACTOR,2026-05-07,5
S-CAT-MUM03,COMPACTOR,2026-05-08,5
S-CAT-MUM03,COMPACTOR,2026-05-09,4
S-CAT-MUM03,COMPACTOR,2026-05-10,3
S-CAT-MUM03,COMPACTOR,2026-05-11,5
S-CAT-MUM03,COMPACTOR,2026-05-12,7
S-CAT-MUM03,COMPACTOR,2026-05-13,6
S-CAT-MUM03,COMPACTOR,2026-05-14,7
S-CAT-MUM03,COMPACTOR,2026-05-15,5
S-CAT-MUM03,COMPACTOR,2026-05-16,3
S-CAT-MUM03,COMPACTOR,2026-05-17,3
S-CAT-MUM03,COMPACTOR,2026-05-18,5
S-CAT-MUM03,COMPACTOR,2026-05-19,4
S-CAT-MUM03,COMPACTOR,2026-05-20,4
S-CAT-MUM03,COMPACTOR,2026-05-21,4
S-CAT-MUM03,COMPACTOR,2026-05-22,5
S-CAT-MUM03,COMPACTOR,2026-05-23,4
S-CAT-MUM03,COMPACTOR,2026-05-24,4
S-CAT-MUM03,COMPACTOR,2026-05-25,5
S-CAT-MUM03,COMPACTOR,2026-05-26,4
S-CAT-MUM03,COMPACTOR,2026-05-27,5
S-CAT-MUM03,COMPACTOR,2026-05-28,7
S-CAT-MUM03,COMPACTOR,2026-05-29,7
S-CAT-MUM03,COMPACTOR,2026-05-30,4
S-CAT-MUM03,COMPACTOR,2026-05-31,3
S-CAT-MUM03,COMPACTOR,2026-06-01,7
S-CAT-MUM03,COMPACTOR,2026-06-02,7
S-CAT-MUM03,COMPACTOR,2026-06-03,7
S-CAT-MUM03,COMPACTOR,2026-06-04,7
S-CAT-MUM03,COMPACTOR,2026-06-05,6
S-CAT-MUM03,COMPACTOR,2026-06-06,3
S-CAT-MUM03,COMPACTOR,2026-06-07,3
S-CAT-MUM03,COMPACTOR,2026-06-08,7
S-CAT-MUM03,COMPACTOR,2026-06-09,4
S-CAT-MUM03,COMPACTOR,2026-06-10,7
S-CAT-MUM03,COMPACTOR,2026-06-11,5
S-CAT-MUM03,COMPACTOR,2026-06-12,6
S-CAT-MUM03,COMPACTOR,2026-06-13,4
S-CAT-MUM03,COMPACTOR,2026-06-14,3
S-CAT-MUM03,COMPACTOR,2026-06-15,4
S-CAT-MUM03,COMPACTOR,2026-06-16,4
S-CAT-MUM03,COMPACTOR,2026-06-17,7
S-CAT-MUM03,COMPACTOR,2026-06-18,6
S-CAT-MUM03,COMPACTOR,2026-06-19,4
S-CAT-MUM03,COMPACTOR,2026-06-20,4
S-CAT-MUM03,COMPACTOR,2026-06-21,2
S-CAT-MUM03,COMPACTOR,2026-06-22,5
S-CAT-MUM03,COMPACTOR,2026-06-23,6
S-CAT-MUM03,COMPACTOR,2026-06-24,7
S-CAT-MUM03,COMPACTOR,2026-06-25,4
S-CAT-MUM03,COMPACTOR,2026-06-26,4
S-CAT-MUM03,COMPACTOR,2026-06-27,3
S-CAT-MUM03,COMPACTOR,2026-06-28,4
S-CAT-MUM03,COMPACTOR,2026-06-29,4
S-CAT-MUM03,COMPACTOR,2026-06-30,6
S-CAT-MUM03,COMPACTOR,2026-07-01,4
S-CAT-MUM03,COMPACTOR,2026-07-02,6
S-CAT-MUM03,COMPACTOR,2026-07-03,4
S-CAT-MUM03,COMPACTOR,2026-07-04,4
S-CAT-MUM03,COMPACTOR,2026-07-05,4
S-CAT-MUM03,COMPACTOR,2026-07-06,7
S-CAT-MUM03,COMPACTOR,2026-07-07,6
S-CAT-MUM03,COMPACTOR,2026-07-08,7
S-CAT-MUM03,COMPACTOR,2026-07-09,6
S-CAT-MUM03,COMPACTOR,2026-07-10,6
S-CAT-MUM03,COMPACTOR,2026-07-11,3
S-CAT-MUM03,COMPACTOR,2026-07-12,3
S-CAT-MUM03,COMPACTOR,2026-07-13,4
S-CAT-MUM03,COMPACTOR,2026-07-14,6
S-CAT-MUM03,COMPACTOR,2026-07-15,6
S-CAT-MUM03,COMPACTOR,2026-07-16,4
S-CAT-MUM03,COMPACTOR,2026-07-17,7
S-CAT-MUM03,COMPACTOR,2026-07-18,3
S-CAT-MUM03,COMPACTOR,2026-07-19,2
S-CAT-MUM03,COMPACTOR,2026-07-20,6
S-CAT-MUM03,COMPACTOR,2026-07-21,4
S-CAT-MUM03,COMPACTOR,2026-07-22,6
S-CAT-MUM03,COMPACTOR,2026-07-23,7
S-CAT-MUM03,COMPACTOR,2026-07-24,4
S-CAT-MUM03,COMPACTOR,2026-07-25,3
S-CAT-MUM03,COMPACTOR,2026-07-26,2
S-CAT-MUM03,COMPACTOR,2026-07-27,6
S-CAT-MUM03,COMPACTOR,2026-07-28,6
S-CAT-MUM03,COMPACTOR,2026-07-29,5
S-CAT-MUM03,COMPACTOR,2026-07-30,6
S-CAT-MUM03,COMPACTOR,2026-07-31,6
S-CAT-MUM03,COMPACTOR,2026-08-01,3
S-CAT-MUM03,COMPACTOR,2026-08-02,2
S-CAT-MUM03,COMPACTOR,2026-08-03,4
S-CAT-MUM03,COMPACTOR,2026-08-04,5
S-CAT-MUM03,COMPACTOR,2026-08-05,5
S-CAT-MUM03,COMPACTOR,2026-08-06,7
S-CAT-MUM03,COMPACTOR,2026-08-07,6
S-CAT-MUM03,COMPACTOR,2026-08-08,3
S-CAT-MUM03,COMPACTOR,2026-08-09,3
S-CAT-MUM03,COMPACTOR,2026-08-10,5
S-CAT-MUM03,COMPACTOR,2026-08-11,7
S-CAT-MUM03,COMPACTOR,2026-08-12,5
S-CAT-MUM03,COMPACTOR,2026-08-13,4
S-CAT-MUM03,COMPACTOR,2026-08-14,6
S-CAT-MUM03,COMPACTOR,2026-08-15,2
S-CAT-MUM03,COMPACTOR,2026-08-16,3
S-CAT-MUM03,COMPACTOR,2026-08-17,5
S-CAT-MUM03,COMPACTOR,2026-08-18,7
S-CAT-MUM03,COMPACTOR,2026-08-19,7
S-CAT-MUM03,COMPACTOR,2026-08-20,7
S-CAT-MUM03,COMPACTOR,2026-08-21,5
S-CAT-MUM03,COMPACTOR,2026-08-22,4
S-CAT-MUM03,COMPACTOR,2026-08-23,3
S-CAT-MUM03,COMPACTOR,2026-08-24,5
S-CAT-MUM03,COMPACTOR,2026-08-25,6
S-CAT-MUM03,COMPACTOR,2026-08-26,4
S-CAT-MUM03,COMPACTOR,2026-08-27,6
S-CAT-MUM03,COMPACTOR,2026-08-28,4
S-CAT-MUM03,COMPACTOR,2026-08-29,2
S-CAT-MUM03,COMPACTOR,2026-08-30,3
S-CAT-MUM03,COMPACTOR,2026-08-31,7
S-CAT-MUM03,COMPACTOR,2026-09-01,7
S-CAT-MUM03,CRANE,2026-05-05,6
S-CAT-MUM03,CRANE,2026-05-06,7
S-CAT-MUM03,CRANE,2026-05-07,5
S-CAT-MUM03,CRANE,2026-05-08,7
S-CAT-MUM03,CRANE,2026-05-09,4
S-CAT-MUM03,CRANE,2026-05-10,4
S-CAT-MUM03,CRANE,2026-05-11,6
S-CAT-MUM03,CRANE,2026-05-12,5
S-CAT-MUM03,CRANE,2026-05-13,7
S-CAT-MUM03,CRANE,2026-05-14,4
S-CAT-MUM03,CRANE,2026-05-15,6
S-CAT-MUM03,CRANE,2026-05-16,4
S-CAT-MUM03,CRANE,2026-05-17,4
S-CAT-MUM03,CRANE,2026-05-18,6
S-CAT-MUM03,CRANE,2026-05-19,4
S-CAT-MUM03,CRANE,2026-05-20,4
S-CAT-MUM03,CRANE,2026-05-21,6
S-CAT-MUM03,CRANE,2026-05-22,7
S-CAT-MUM03,CRANE,2026-05-23,3
S-CAT-MUM03,CRANE,2026-05-24,3
S-CAT-MUM03,CRANE,2026-05-25,6
S-CAT-MUM03,CRANE,2026-05-26,6
S-CAT-MUM03,CRANE,2026-05-27,4
S-CAT-MUM03,CRANE,2026-05-28,6
S-CAT-MUM03,CRANE,2026-05-29,7
S-CAT-MUM03,CRANE,2026-05-30,4
S-CAT-MUM03,CRANE,2026-05-31,3
S-CAT-MUM03,CRANE,2026-06-01,5
S-CAT-MUM03,CRANE,2026-06-02,6
S-CAT-MUM03,CRANE,2026-06-03,5
S-CAT-MUM03,CRANE,2026-06-04,6
S-CAT-MUM03,CRANE,2026-06-05,4
S-CAT-MUM03,CRANE,2026-06-06,2
S-CAT-MUM03,CRANE,2026-06-07,2
S-CAT-MUM03,CRANE,2026-06-08,4
S-CAT-MUM03,CRANE,2026-06-09,7
S-CAT-MUM03,CRANE,2026-06-10,4
S-CAT-MUM03,CRANE,2026-06-11,4
S-CAT-MUM03,CRANE,2026-06-12,7
S-CAT-MUM03,CRANE,2026-06-13,3
S-CAT-MUM03,CRANE,2026-06-14,3
S-CAT-MUM03,CRANE,2026-06-15,6
S-CAT-MUM03,CRANE,2026-06-16,6
S-CAT-MUM03,CRANE,2026-06-17,5
S-CAT-MUM03,CRANE,2026-06-18,4
S-CAT-MUM03,CRANE,2026-06-19,4
S-CAT-MUM03,CRANE,2026-06-20,2
S-CAT-MUM03,CRANE,2026-06-21,2
S-CAT-MUM03,CRANE,2026-06-22,5
S-CAT-MUM03,CRANE,2026-06-23,4
S-CAT-MUM03,CRANE,2026-06-24,4
S-CAT-MUM03,CRANE,2026-06-25,4
S-CAT-MUM03,CRANE,2026-06-26,5
S-CAT-MUM03,CRANE,2026-06-27,4
S-CAT-MUM03,CRANE,2026-06-28,3
S-CAT-MUM03,CRANE,2026-06-29,4
S-CAT-MUM03,CRANE,2026-06-30,5
S-CAT-MUM03,CRANE,2026-07-01,6
S-CAT-MUM03,CRANE,2026-07-02,6
S-CAT-MUM03,CRANE,2026-07-03,7
S-CAT-MUM03,CRANE,2026-07-04,2
S-CAT-MUM03,CRANE,2026-07-05,4
S-CAT-MUM03,CRANE,2026-07-06,6
S-CAT-MUM03,CRANE,2026-07-07,7
S-CAT-MUM03,CRANE,2026-07-08,6
S-CAT-MUM03,CRANE,2026-07-09,6
S-CAT-MUM03,CRANE,2026-07-10,5
S-CAT-MUM03,CRANE,2026-07-11,2
S-CAT-MUM03,CRANE,2026-07-12,3
S-CAT-MUM03,CRANE,2026-07-13,4
S-CAT-MUM03,CRANE,2026-07-14,7
S-CAT-MUM03,CRANE,2026-07-15,7
S-CAT-MUM03,CRANE,2026-07-16,6
S-CAT-MUM03,CRANE,2026-07-17,4
S-CAT-MUM03,CRANE,2026-07-18,3
S-CAT-MUM03,CRANE,2026-07-19,3
S-CAT-MUM03,CRANE,2026-07-20,5
S-CAT-MUM03,CRANE,2026-07-21,7
S-CAT-MUM03,CRANE,2026-07-22,4
S-CAT-MUM03,CRANE,2026-07-23,7
S-CAT-MUM03,CRANE,2026-07-24,5
S-CAT-MUM03,CRANE,2026-07-25,4
S-CAT-MUM03,CRANE,2026-07-26,3
S-CAT-MUM03,CRANE,2026-07-27,7
S-CAT-MUM03,CRANE,2026-07-28,4
S-CAT-MUM03,CRANE,2026-07-29,5
S-CAT-MUM03,CRANE,2026-07-30,7
S-CAT-MUM03,CRANE,2026-07-31,5
S-CAT-MUM03,CRANE,2026-08-01,2
S-CAT-MUM03,CRANE,2026-08-02,4
S-CAT-MUM03,CRANE,2026-08-03,6
S-CAT-MUM03,CRANE,2026-08-04,4
S-CAT-MUM03,CRANE,2026-08-05,4
S-CAT-MUM03,CRANE,2026-08-06,4
S-CAT-MUM03,CRANE,2026-08-07,4
S-CAT-MUM03,CRANE,2026-08-08,3
S-CAT-MUM03,CRANE,2026-08-09,4
S-CAT-MUM03,CRANE,2026-08-10,4
S-CAT-MUM03,CRANE,2026-08-11,7
S-CAT-MUM03,CRANE,2026-08-12,5
S-CAT-MUM03,CRANE,2026-08-13,4
S-CAT-MUM03,CRANE,2026-08-14,4
S-CAT-MUM03,CRANE,2026-08-15,4
S-CAT-MUM03,CRANE,2026-08-16,3
S-CAT-MUM03,CRANE,2026-08-17,5
S-CAT-MUM03,CRANE,2026-08-18,6
S-CAT-MUM03,CRANE,2026-08-19,7
S-CAT-MUM03,CRANE,2026-08-20,4
S-CAT-MUM03,CRANE,2026-08-21,7
S-CAT-MUM03,CRANE,2026-08-22,4
S-CAT-MUM03,CRANE,2026-08-23,4
S-CAT-MUM03,CRANE,2026-08-24,7
S-CAT-MUM03,CRANE,2026-08-25,4
S-CAT-MUM03,CRANE,2026-08-26,5
S-CAT-MUM03,CRANE,2026-08-27,4
S-CAT-MUM03,CRANE,2026-08-28,7
S-CAT-MUM03,CRANE,2026-08-29,4
S-CAT-MUM03,CRANE,2026-08-30,2
S-CAT-MUM03,CRANE,2026-08-31,6
S-CAT-MUM03,CRANE,2026-09-01,6
S-CAT-KOL04,EXCAVATOR,2026-05-05,6
S-CAT-KOL04,EXCAVATOR,2026-05-06,3
S-CAT-KOL04,EXCAVATOR,2026-05-07,3
S-CAT-KOL04,EXCAVATOR,2026-05-08,5
S-CAT-KOL04,EXCAVATOR,2026-05-09,3
S-CAT-KOL04,EXCAVATOR,2026-05-10,1
S-CAT-KOL04,EXCAVATOR,2026-05-11,6
S-CAT-KOL04,EXCAVATOR,2026-05-12,5
S-CAT-KOL04,EXCAVATOR,2026-05-13,4
S-CAT-KOL04,EXCAVATOR,2026-05-14,4
S-CAT-KOL04,EXCAVATOR,2026-05-15,3
S-CAT-KOL04,EXCAVATOR,2026-05-16,3
S-CAT-KOL04,EXCAVATOR,2026-05-17,2
S-CAT-KOL04,EXCAVATOR,2026-05-18,5
S-CAT-KOL04,EXCAVATOR,2026-05-19,6
S-CAT-KOL04,EXCAVATOR,2026-05-20,3
S-CAT-KOL04,EXCAVATOR,2026-05-21,5
S-CAT-KOL04,EXCAVATOR,2026-05-22,6
S-CAT-KOL04,EXCAVATOR,2026-05-23,1
S-CAT-KOL04,EXCAVATOR,2026-05-24,3
S-CAT-KOL04,EXCAVATOR,2026-05-25,4
S-CAT-KOL04,EXCAVATOR,2026-05-26,4
S-CAT-KOL04,EXCAVATOR,2026-05-27,3
S-CAT-KOL04,EXCAVATOR,2026-05-28,4
S-CAT-KOL04,EXCAVATOR,2026-05-29,3
S-CAT-KOL04,EXCAVATOR,2026-05-30,2
S-CAT-KOL04,EXCAVATOR,2026-05-31,3
S-CAT-KOL04,EXCAVATOR,2026-06-01,6
S-CAT-KOL04,EXCAVATOR,2026-06-02,3
S-CAT-KOL04,EXCAVATOR,2026-06-03,5
S-CAT-KOL04,EXCAVATOR,2026-06-04,6
S-CAT-KOL04,EXCAVATOR,2026-06-05,6
S-CAT-KOL04,EXCAVATOR,2026-06-06,1
S-CAT-KOL04,EXCAVATOR,2026-06-07,1
S-CAT-KOL04,EXCAVATOR,2026-06-08,5
S-CAT-KOL04,EXCAVATOR,2026-06-09,3
S-CAT-KOL04,EXCAVATOR,2026-06-10,5
S-CAT-KOL04,EXCAVATOR,2026-06-11,3
S-CAT-KOL04,EXCAVATOR,2026-06-12,6
S-CAT-KOL04,EXCAVATOR,2026-06-13,1
S-CAT-KOL04,EXCAVATOR,2026-06-14,2
S-CAT-KOL04,EXCAVATOR,2026-06-15,6
S-CAT-KOL04,EXCAVATOR,2026-06-16,4
S-CAT-KOL04,EXCAVATOR,2026-06-17,4
S-CAT-KOL04,EXCAVATOR,2026-06-18,3
S-CAT-KOL04,EXCAVATOR,2026-06-19,3
S-CAT-KOL04,EXCAVATOR,2026-06-20,2
S-CAT-KOL04,EXCAVATOR,2026-06-21,3
S-CAT-KOL04,EXCAVATOR,2026-06-22,3
S-CAT-KOL04,EXCAVATOR,2026-06-23,6
S-CAT-KOL04,EXCAVATOR,2026-06-24,3
S-CAT-KOL04,EXCAVATOR,2026-06-25,4
S-CAT-KOL04,EXCAVATOR,2026-06-26,4
S-CAT-KOL04,EXCAVATOR,2026-06-27,1
S-CAT-KOL04,EXCAVATOR,2026-06-28,2
S-CAT-KOL04,EXCAVATOR,2026-06-29,3
S-CAT-KOL04,EXCAVATOR,2026-06-30,5
S-CAT-KOL04,EXCAVATOR,2026-07-01,3
S-CAT-KOL04,EXCAVATOR,2026-07-02,6
S-CAT-KOL04,EXCAVATOR,2026-07-03,4
S-CAT-KOL04,EXCAVATOR,2026-07-04,1
S-CAT-KOL04,EXCAVATOR,2026-07-05,1
S-CAT-KOL04,EXCAVATOR,2026-07-06,3
S-CAT-KOL04,EXCAVATOR,2026-07-07,6
S-CAT-KOL04,EXCAVATOR,2026-07-08,4
S-CAT-KOL04,EXCAVATOR,2026-07-09,3
S-CAT-KOL04,EXCAVATOR,2026-07-10,4
S-CAT-KOL04,EXCAVATOR,2026-07-11,3
S-CAT-KOL04,EXCAVATOR,2026-07-12,3
S-CAT-KOL04,EXCAVATOR,2026-07-13,6
S-CAT-KOL04,EXCAVATOR,2026-07-14,5
S-CAT-KOL04,EXCAVATOR,2026-07-15,3
S-CAT-KOL04,EXCAVATOR,2026-07-16,4
S-CAT-KOL04,EXCAVATOR,2026-07-17,5
S-CAT-KOL04,EXCAVATOR,2026-07-18,2
S-CAT-KOL04,EXCAVATOR,2026-07-19,1
S-CAT-KOL04,EXCAVATOR,2026-07-20,4
S-CAT-KOL04,EXCAVATOR,2026-07-21,5
S-CAT-KOL04,EXCAVATOR,2026-07-22,3
S-CAT-KOL04,EXCAVATOR,2026-07-23,3
S-CAT-KOL04,EXCAVATOR,2026-07-24,5
S-CAT-KOL04,EXCAVATOR,2026-07-25,2
S-CAT-KOL04,EXCAVATOR,2026-07-26,3
S-CAT-KOL04,EXCAVATOR,2026-07-27,4
S-CAT-KOL04,EXCAVATOR,2026-07-28,5
S-CAT-KOL04,EXCAVATOR,2026-07-29,4
S-CAT-KOL04,EXCAVATOR,2026-07-30,6
S-CAT-KOL04,EXCAVATOR,2026-07-31,4
S-CAT-KOL04,EXCAVATOR,2026-08-01,1
S-CAT-KOL04,EXCAVATOR,2026-08-02,2
S-CAT-KOL04,EXCAVATOR,2026-08-03,3
S-CAT-KOL04,EXCAVATOR,2026-08-04,6
S-CAT-KOL04,EXCAVATOR,2026-08-05,4
S-CAT-KOL04,EXCAVATOR,2026-08-06,3
S-CAT-KOL04,EXCAVATOR,2026-08-07,6
S-CAT-KOL04,EXCAVATOR,2026-08-08,1
S-CAT-KOL04,EXCAVATOR,2026-08-09,1
S-CAT-KOL04,EXCAVATOR,2026-08-10,3
S-CAT-KOL04,EXCAVATOR,2026-08-11,4
S-CAT-KOL04,EXCAVATOR,2026-08-12,3
S-CAT-KOL04,EXCAVATOR,2026-08-13,5
S-CAT-KOL04,EXCAVATOR,2026-08-14,6
S-CAT-KOL04,EXCAVATOR,2026-08-15,3
S-CAT-KOL04,EXCAVATOR,2026-08-16,2
S-CAT-KOL04,EXCAVATOR,2026-08-17,4
S-CAT-KOL04,EXCAVATOR,2026-08-18,4
S-CAT-KOL04,EXCAVATOR,2026-08-19,5
S-CAT-KOL04,EXCAVATOR,2026-08-20,6
S-CAT-KOL04,EXCAVATOR,2026-08-21,6
S-CAT-KOL04,EXCAVATOR,2026-08-22,2
S-CAT-KOL04,EXCAVATOR,2026-08-23,2
S-CAT-KOL04,EXCAVATOR,2026-08-24,3
S-CAT-KOL04,EXCAVATOR,2026-08-25,4
S-CAT-KOL04,EXCAVATOR,2026-08-26,6
S-CAT-KOL04,EXCAVATOR,2026-08-27,3
S-CAT-KOL04,EXCAVATOR,2026-08-28,5
S-CAT-KOL04,EXCAVATOR,2026-08-29,3
S-CAT-KOL04,EXCAVATOR,2026-08-30,3
S-CAT-KOL04,EXCAVATOR,2026-08-31,3
S-CAT-KOL04,EXCAVATOR,2026-09-01,4
S-CAT-KOL04,EXCAVATOR,2026-05-05,2
S-CAT-KOL04,EXCAVATOR,2026-05-06,2
S-CAT-KOL04,EXCAVATOR,2026-05-07,4
S-CAT-KOL04,EXCAVATOR,2026-05-08,3
S-CAT-KOL04,EXCAVATOR,2026-05-09,3
S-CAT-KOL04,EXCAVATOR,2026-05-10,1
S-CAT-KOL04,EXCAVATOR,2026-05-11,4
S-CAT-KOL04,EXCAVATOR,2026-05-12,2
S-CAT-KOL04,EXCAVATOR,2026-05-13,3
S-CAT-KOL04,EXCAVATOR,2026-05-14,2
S-CAT-KOL04,EXCAVATOR,2026-05-15,3
S-CAT-KOL04,EXCAVATOR,2026-05-16,3
S-CAT-KOL04,EXCAVATOR,2026-05-17,3
S-CAT-KOL04,EXCAVATOR,2026-05-18,3
S-CAT-KOL04,EXCAVATOR,2026-05-19,3
S-CAT-KOL04,EXCAVATOR,2026-05-20,2
S-CAT-KOL04,EXCAVATOR,2026-05-21,2
S-CAT-KOL04,EXCAVATOR,2026-05-22,4
S-CAT-KOL04,EXCAVATOR,2026-05-23,2
S-CAT-KOL04,EXCAVATOR,2026-05-24,1
S-CAT-KOL04,EXCAVATOR,2026-05-25,5
S-CAT-KOL04,EXCAVATOR,2026-05-26,4
S-CAT-KOL04,EXCAVATOR,2026-05-27,4
S-CAT-KOL04,EXCAVATOR,2026-05-28,5
S-CAT-KOL04,EXCAVATOR,2026-05-29,2
S-CAT-KOL04,EXCAVATOR,2026-05-30,1
S-CAT-KOL04,EXCAVATOR,2026-05-31,1
S-CAT-KOL04,EXCAVATOR,2026-06-01,3
S-CAT-KOL04,EXCAVATOR,2026-06-02,3
S-CAT-KOL04,EXCAVATOR,2026-06-03,2
S-CAT-KOL04,EXCAVATOR,2026-06-04,5
S-CAT-KOL04,EXCAVATOR,2026-06-05,2
S-CAT-KOL04,EXCAVATOR,2026-06-06,1
S-CAT-KOL04,EXCAVATOR,2026-06-07,1
S-CAT-KOL04,EXCAVATOR,2026-06-08,5
S-CAT-KOL04,EXCAVATOR,2026-06-09,4
S-CAT-KOL04,EXCAVATOR,2026-06-10,5
S-CAT-KOL04,EXCAVATOR,2026-06-11,3
S-CAT-KOL04,EXCAVATOR,2026-06-12,4
S-CAT-KOL04,EXCAVATOR,2026-06-13,1
S-CAT-KOL04,EXCAVATOR,2026-06-14,1
S-CAT-KOL04,EXCAVATOR,2026-06-15,4
S-CAT-KOL04,EXCAVATOR,2026-06-16,3
S-CAT-KOL04,EXCAVATOR,2026-06-17,2
S-CAT-KOL04,EXCAVATOR,2026-06-18,3
S-CAT-KOL04,EXCAVATOR,2026-06-19,5
S-CAT-KOL04,EXCAVATOR,2026-06-20,1
S-CAT-KOL04,EXCAVATOR,2026-06-21,3
S-CAT-KOL04,EXCAVATOR,2026-06-22,3
S-CAT-KOL04,EXCAVATOR,2026-06-23,2
S-CAT-KOL04,EXCAVATOR,2026-06-24,5
S-CAT-KOL04,EXCAVATOR,2026-06-25,5
S-CAT-KOL04,EXCAVATOR,2026-06-26,2
S-CAT-KOL04,EXCAVATOR,2026-06-27,3
S-CAT-KOL04,EXCAVATOR,2026-06-28,1
S-CAT-KOL04,EXCAVATOR,2026-06-29,3
S-CAT-KOL04,EXCAVATOR,2026-06-30,5
S-CAT-KOL04,EXCAVATOR,2026-07-01,3
S-CAT-KOL04,EXCAVATOR,2026-07-02,5
S-CAT-KOL04,EXCAVATOR,2026-07-03,4
S-CAT-KOL04,EXCAVATOR,2026-07-04,1
S-CAT-KOL04,EXCAVATOR,2026-07-05,3
S-CAT-KOL04,EXCAVATOR,2026-07-06,3
S-CAT-KOL04,EXCAVATOR,2026-07-07,4
S-CAT-KOL04,EXCAVATOR,2026-07-08,4
S-CAT-KOL04,EXCAVATOR,2026-07-09,3
S-CAT-KOL04,EXCAVATOR,2026-07-10,4
S-CAT-KOL04,EXCAVATOR,2026-07-11,1
S-CAT-KOL04,EXCAVATOR,2026-07-12,1
S-CAT-KOL04,EXCAVATOR,2026-07-13,2
S-CAT-KOL04,EXCAVATOR,2026-07-14,4
S-CAT-KOL04,EXCAVATOR,2026-07-15,3
S-CAT-KOL04,EXCAVATOR,2026-07-16,2
S-CAT-KOL04,EXCAVATOR,2026-07-17,5
S-CAT-KOL04,EXCAVATOR,2026-07-18,3
S-CAT-KOL04,EXCAVATOR,2026-07-19,3
S-CAT-KOL04,EXCAVATOR,2026-07-20,3
S-CAT-KOL04,EXCAVATOR,2026-07-21,4
S-CAT-KOL04,EXCAVATOR,2026-07-22,3
S-CAT-KOL04,EXCAVATOR,2026-07-23,4
S-CAT-KOL04,EXCAVATOR,2026-07-24,3
S-CAT-KOL04,EXCAVATOR,2026-07-25,1
S-CAT-KOL04,EXCAVATOR,2026-07-26,1
S-CAT-KOL04,EXCAVATOR,2026-07-27,2
S-CAT-KOL04,EXCAVATOR,2026-07-28,5
S-CAT-KOL04,EXCAVATOR,2026-07-29,5
S-CAT-KOL04,EXCAVATOR,2026-07-30,3
S-CAT-KOL04,EXCAVATOR,2026-07-31,5
S-CAT-KOL04,EXCAVATOR,2026-08-01,3
S-CAT-KOL04,EXCAVATOR,2026-08-02,2
S-CAT-KOL04,EXCAVATOR,2026-08-03,2
S-CAT-KOL04,EXCAVATOR,2026-08-04,5
S-CAT-KOL04,EXCAVATOR,2026-08-05,3
S-CAT-KOL04,EXCAVATOR,2026-08-06,3
S-CAT-KOL04,EXCAVATOR,2026-08-07,4
S-CAT-KOL04,EXCAVATOR,2026-08-08,3
S-CAT-KOL04,EXCAVATOR,2026-08-09,1
S-CAT-KOL04,EXCAVATOR,2026-08-10,3
S-CAT-KOL04,EXCAVATOR,2026-08-11,2
S-CAT-KOL04,EXCAVATOR,2026-08-12,5
S-CAT-KOL04,EXCAVATOR,2026-08-13,2
S-CAT-KOL04,EXCAVATOR,2026-08-14,2
S-CAT-KOL04,EXCAVATOR,2026-08-15,3
S-CAT-KOL04,EXCAVATOR,2026-08-16,1
S-CAT-KOL04,EXCAVATOR,2026-08-17,5
S-CAT-KOL04,EXCAVATOR,2026-08-18,5
S-CAT-KOL04,EXCAVATOR,2026-08-19,5
S-CAT-KOL04,EXCAVATOR,2026-08-20,2
S-CAT-KOL04,EXCAVATOR,2026-08-21,5
S-CAT-KOL04,EXCAVATOR,2026-08-22,3
S-CAT-KOL04,EXCAVATOR,2026-08-23,1
S-CAT-KOL04,EXCAVATOR,2026-08-24,2
S-CAT-KOL04,EXCAVATOR,2026-08-25,2
S-CAT-KOL04,EXCAVATOR,2026-08-26,5
S-CAT-KOL04,EXCAVATOR,2026-08-27,3
S-CAT-KOL04,EXCAVATOR,2026-08-28,3
S-CAT-KOL04,EXCAVATOR,2026-08-29,2
S-CAT-KOL04,EXCAVATOR,2026-08-30,2
S-CAT-KOL04,EXCAVATOR,2026-08-31,3
S-CAT-KOL04,EXCAVATOR,2026-09-01,2
S-CAT-KOL04,BULLDOZER,2026-05-05,4
S-CAT-KOL04,BULLDOZER,2026-05-06,3
S-CAT-KOL04,BULLDOZER,2026-05-07,2
S-CAT-KOL04,BULLDOZER,2026-05-08,4
S-CAT-KOL04,BULLDOZER,2026-05-09,0
S-CAT-KOL04,BULLDOZER,2026-05-10,2
S-CAT-KOL04,BULLDOZER,2026-05-11,4
S-CAT-KOL04,BULLDOZER,2026-05-12,2
S-CAT-KOL04,BULLDOZER,2026-05-13,4
S-CAT-KOL04,BULLDOZER,2026-05-14,2
S-CAT-KOL04,BULLDOZER,2026-05-15,3
S-CAT-KOL04,BULLDOZER,2026-05-16,2
S-CAT-KOL04,BULLDOZER,2026-05-17,0
S-CAT-KOL04,BULLDOZER,2026-05-18,1
S-CAT-KOL04,BULLDOZER,2026-05-19,4
S-CAT-KOL04,BULLDOZER,2026-05-20,3
S-CAT-KOL04,BULLDOZER,2026-05-21,1
S-CAT-KOL04,BULLDOZER,2026-05-22,3
S-CAT-KOL04,BULLDOZER,2026-05-23,2
S-CAT-KOL04,BULLDOZER,2026-05-24,1
S-CAT-KOL04,BULLDOZER,2026-05-25,2
S-CAT-KOL04,BULLDOZER,2026-05-26,1
S-CAT-KOL04,BULLDOZER,2026-05-27,3
S-CAT-KOL04,BULLDOZER,2026-05-28,1
S-CAT-KOL04,BULLDOZER,2026-05-29,3
S-CAT-KOL04,BULLDOZER,2026-05-30,0
S-CAT-KOL04,BULLDOZER,2026-05-31,0
S-CAT-KOL04,BULLDOZER,2026-06-01,4
S-CAT-KOL04,BULLDOZER,2026-06-02,3
S-CAT-KOL04,BULLDOZER,2026-06-03,4
S-CAT-KOL04,BULLDOZER,2026-06-04,1
S-CAT-KOL04,BULLDOZER,2026-06-05,3
S-CAT-KOL04,BULLDOZER,2026-06-06,1
S-CAT-KOL04,BULLDOZER,2026-06-07,1
S-CAT-KOL04,BULLDOZER,2026-06-08,1
S-CAT-KOL04,BULLDOZER,2026-06-09,2
S-CAT-KOL04,BULLDOZER,2026-06-10,2
S-CAT-KOL04,BULLDOZER,2026-06-11,3
S-CAT-KOL04,BULLDOZER,2026-06-12,2
S-CAT-KOL04,BULLDOZER,2026-06-13,0
S-CAT-KOL04,BULLDOZER,2026-06-14,2
S-CAT-KOL04,BULLDOZER,2026-06-15,2
S-CAT-KOL04,BULLDOZER,2026-06-16,2
S-CAT-KOL04,BULLDOZER,2026-06-17,3
S-CAT-KOL04,BULLDOZER,2026-06-18,3
S-CAT-KOL04,BULLDOZER,2026-06-19,3
S-CAT-KOL04,BULLDOZER,2026-06-20,2
S-CAT-KOL04,BULLDOZER,2026-06-21,1
S-CAT-KOL04,BULLDOZER,2026-06-22,1
S-CAT-KOL04,BULLDOZER,2026-06-23,1
S-CAT-KOL04,BULLDOZER,2026-06-24,3
S-CAT-KOL04,BULLDOZER,2026-06-25,3
S-CAT-KOL04,BULLDOZER,2026-06-26,4
S-CAT-KOL04,BULLDOZER,2026-06-27,2
S-CAT-KOL04,BULLDOZER,2026-06-28,0
S-CAT-KOL04,BULLDOZER,2026-06-29,4
S-CAT-KOL04,BULLDOZER,2026-06-30,3
S-CAT-KOL04,BULLDOZER,2026-07-01,4
S-CAT-KOL04,BULLDOZER,2026-07-02,3
S-CAT-KOL04,BULLDOZER,2026-07-03,1
S-CAT-KOL04,BULLDOZER,2026-07-04,1
S-CAT-KOL04,BULLDOZER,2026-07-05,2
S-CAT-KOL04,BULLDOZER,2026-07-06,1
S-CAT-KOL04,BULLDOZER,2026-07-07,1
S-CAT-KOL04,BULLDOZER,2026-07-08,4
S-CAT-KOL04,BULLDOZER,2026-07-09,2
S-CAT-KOL04,BULLDOZER,2026-07-10,3
S-CAT-KOL04,BULLDOZER,2026-07-11,0
S-CAT-KOL04,BULLDOZER,2026-07-12,0
S-CAT-KOL04,BULLDOZER,2026-07-13,2
S-CAT-KOL04,BULLDOZER,2026-07-14,3
S-CAT-KOL04,BULLDOZER,2026-07-15,1
S-CAT-KOL04,BULLDOZER,2026-07-16,2
S-CAT-KOL04,BULLDOZER,2026-07-17,4
S-CAT-KOL04,BULLDOZER,2026-07-18,1
S-CAT-KOL04,BULLDOZER,2026-07-19,1
S-CAT-KOL04,BULLDOZER,2026-07-20,1
S-CAT-KOL04,BULLDOZER,2026-07-21,3
S-CAT-KOL04,BULLDOZER,2026-07-22,4
S-CAT-KOL04,BULLDOZER,2026-07-23,2
S-CAT-KOL04,BULLDOZER,2026-07-24,4
S-CAT-KOL04,BULLDOZER,2026-07-25,1
S-CAT-KOL04,BULLDOZER,2026-07-26,2
S-CAT-KOL04,BULLDOZER,2026-07-27,4
S-CAT-KOL04,BULLDOZER,2026-07-28,1
S-CAT-KOL04,BULLDOZER,2026-07-29,3
S-CAT-KOL04,BULLDOZER,2026-07-30,2
S-CAT-KOL04,BULLDOZER,2026-07-31,1
S-CAT-KOL04,BULLDOZER,2026-08-01,0
S-CAT-KOL04,BULLDOZER,2026-08-02,1
S-CAT-KOL04,BULLDOZER,2026-08-03,3
S-CAT-KOL04,BULLDOZER,2026-08-04,4
S-CAT-KOL04,BULLDOZER,2026-08-05,3
S-CAT-KOL04,BULLDOZER,2026-08-06,3
S-CAT-KOL04,BULLDOZER,2026-08-07,4
S-CAT-KOL04,BULLDOZER,2026-08-08,2
S-CAT-KOL04,BULLDOZER,2026-08-09,2
S-CAT-KOL04,BULLDOZER,2026-08-10,3
S-CAT-KOL04,BULLDOZER,2026-08-11,2
S-CAT-KOL04,BULLDOZER,2026-08-12,3
S-CAT-KOL04,BULLDOZER,2026-08-13,2
S-CAT-KOL04,BULLDOZER,2026-08-14,3
S-CAT-KOL04,BULLDOZER,2026-08-15,1
S-CAT-KOL04,BULLDOZER,2026-08-16,2
S-CAT-KOL04,BULLDOZER,2026-08-17,3
S-CAT-KOL04,BULLDOZER,2026-08-18,3
S-CAT-KOL04,BULLDOZER,2026-08-19,1
S-CAT-KOL04,BULLDOZER,2026-08-20,2
S-CAT-KOL04,BULLDOZER,2026-08-21,3
S-CAT-KOL04,BULLDOZER,2026-08-22,1
S-CAT-KOL04,BULLDOZER,2026-08-23,2
S-CAT-KOL04,BULLDOZER,2026-08-24,2
S-CAT-KOL04,BULLDOZER,2026-08-25,2
S-CAT-KOL04,BULLDOZER,2026-08-26,3
S-CAT-KOL04,BULLDOZER,2026-08-27,2
S-CAT-KOL04,BULLDOZER,2026-08-28,2
S-CAT-KOL04,BULLDOZER,2026-08-29,1
S-CAT-KOL04,BULLDOZER,2026-08-30,1
S-CAT-KOL04,BULLDOZER,2026-08-31,2
S-CAT-KOL04,BULLDOZER,2026-09-01,1
S-CAT-KOL04,BULLDOZER,2026-05-05,3
S-CAT-KOL04,BULLDOZER,2026-05-06,2
S-CAT-KOL04,BULLDOZER,2026-05-07,4
S-CAT-KOL04,BULLDOZER,2026-05-08,3
S-CAT-KOL04,BULLDOZER,2026-05-09,1
S-CAT-KOL04,BULLDOZER,2026-05-10,1
S-CAT-KOL04,BULLDOZER,2026-05-11,2
S-CAT-KOL04,BULLDOZER,2026-05-12,1
S-CAT-KOL04,BULLDOZER,2026-05-13,3
S-CAT-KOL04,BULLDOZER,2026-05-14,3
S-CAT-KOL04,BULLDOZER,2026-05-15,2
S-CAT-KOL04,BULLDOZER,2026-05-16,1
S-CAT-KOL04,BULLDOZER,2026-05-17,2
S-CAT-KOL04,BULLDOZER,2026-05-18,2
S-CAT-KOL04,BULLDOZER,2026-05-19,3
S-CAT-KOL04,BULLDOZER,2026-05-20,1
S-CAT-KOL04,BULLDOZER,2026-05-21,1
S-CAT-KOL04,BULLDOZER,2026-05-22,4
S-CAT-KOL04,BULLDOZER,2026-05-23,2
S-CAT-KOL04,BULLDOZER,2026-05-24,1
S-CAT-KOL04,BULLDOZER,2026-05-25,4
S-CAT-KOL04,BULLDOZER,2026-05-26,3
S-CAT-KOL04,BULLDOZER,2026-05-27,2
S-CAT-KOL04,BULLDOZER,2026-05-28,1
S-CAT-KOL04,BULLDOZER,2026-05-29,3
S-CAT-KOL04,BULLDOZER,2026-05-30,1
S-CAT-KOL04,BULLDOZER,2026-05-31,2
S-CAT-KOL04,BULLDOZER,2026-06-01,3
S-CAT-KOL04,BULLDOZER,2026-06-02,2
S-CAT-KOL04,BULLDOZER,2026-06-03,4
S-CAT-KOL04,BULLDOZER,2026-06-04,3
S-CAT-KOL04,BULLDOZER,2026-06-05,1
S-CAT-KOL04,BULLDOZER,2026-06-06,2
S-CAT-KOL04,BULLDOZER,2026-06-07,0
S-CAT-KOL04,BULLDOZER,2026-06-08,2
S-CAT-KOL04,BULLDOZER,2026-06-09,1
S-CAT-KOL04,BULLDOZER,2026-06-10,3
S-CAT-KOL04,BULLDOZER,2026-06-11,1
S-CAT-KOL04,BULLDOZER,2026-06-12,4
S-CAT-KOL04,BULLDOZER,2026-06-13,1
S-CAT-KOL04,BULLDOZER,2026-06-14,2
S-CAT-KOL04,BULLDOZER,2026-06-15,3
S-CAT-KOL04,BULLDOZER,2026-06-16,1
S-CAT-KOL04,BULLDOZER,2026-06-17,3
S-CAT-KOL04,BULLDOZER,2026-06-18,1
S-CAT-KOL04,BULLDOZER,2026-06-19,2
S-CAT-KOL04,BULLDOZER,2026-06-20,1
S-CAT-KOL04,BULLDOZER,2026-06-21,1
S-CAT-KOL04,BULLDOZER,2026-06-22,2
S-CAT-KOL04,BULLDOZER,2026-06-23,1
S-CAT-KOL04,BULLDOZER,2026-06-24,1
S-CAT-KOL04,BULLDOZER,2026-06-25,4
S-CAT-KOL04,BULLDOZER,2026-06-26,1
S-CAT-KOL04,BULLDOZER,2026-06-27,2
S-CAT-KOL04,BULLDOZER,2026-06-28,1
S-CAT-KOL04,BULLDOZER,2026-06-29,4
S-CAT-KOL04,BULLDOZER,2026-06-30,3
S-CAT-KOL04,BULLDOZER,2026-07-01,1
S-CAT-KOL04,BULLDOZER,2026-07-02,3
S-CAT-KOL04,BULLDOZER,2026-07-03,4
S-CAT-KOL04,BULLDOZER,2026-07-04,1
S-CAT-KOL04,BULLDOZER,2026-07-05,2
S-CAT-KOL04,BULLDOZER,2026-07-06,3
S-CAT-KOL04,BULLDOZER,2026-07-07,4
S-CAT-KOL04,BULLDOZER,2026-07-08,3
S-CAT-KOL04,BULLDOZER,2026-07-09,1
S-CAT-KOL04,BULLDOZER,2026-07-10,3
S-CAT-KOL04,BULLDOZER,2026-07-11,1
S-CAT-KOL04,BULLDOZER,2026-07-12,1
S-CAT-KOL04,BULLDOZER,2026-07-13,3
S-CAT-KOL04,BULLDOZER,2026-07-14,4
S-CAT-KOL04,BULLDOZER,2026-07-15,1
S-CAT-KOL04,BULLDOZER,2026-07-16,2
S-CAT-KOL04,BULLDOZER,2026-07-17,4
S-CAT-KOL04,BULLDOZER,2026-07-18,2
S-CAT-KOL04,BULLDOZER,2026-07-19,2
S-CAT-KOL04,BULLDOZER,2026-07-20,3
S-CAT-KOL04,BULLDOZER,2026-07-21,2
S-CAT-KOL04,BULLDOZER,2026-07-22,4
S-CAT-KOL04,BULLDOZER,2026-07-23,4
S-CAT-KOL04,BULLDOZER,2026-07-24,2
S-CAT-KOL04,BULLDOZER,2026-07-25,0
S-CAT-KOL04,BULLDOZER,2026-07-26,1
S-CAT-KOL04,BULLDOZER,2026-07-27,2
S-CAT-KOL04,BULLDOZER,2026-07-28,3
S-CAT-KOL04,BULLDOZER,2026-07-29,4
S-CAT-KOL04,BULLDOZER,2026-07-30,3
S-CAT-KOL04,BULLDOZER,2026-07-31,1
S-CAT-KOL04,BULLDOZER,2026-08-01,2
S-CAT-KOL04,BULLDOZER,2026-08-02,0
S-CAT-KOL04,BULLDOZER,2026-08-03,1
S-CAT-KOL04,BULLDOZER,2026-08-04,4
S-CAT-KOL04,BULLDOZER,2026-08-05,3
S-CAT-KOL04,BULLDOZER,2026-08-06,4
S-CAT-KOL04,BULLDOZER,2026-08-07,2
S-CAT-KOL04,BULLDOZER,2026-08-08,2
S-CAT-KOL04,BULLDOZER,2026-08-09,1
S-CAT-KOL04,BULLDOZER,2026-08-10,2
S-CAT-KOL04,BULLDOZER,2026-08-11,2
S-CAT-KOL04,BULLDOZER,2026-08-12,4
S-CAT-KOL04,BULLDOZER,2026-08-13,3
S-CAT-KOL04,BULLDOZER,2026-08-14,4
S-CAT-KOL04,BULLDOZER,2026-08-15,0
S-CAT-KOL04,BULLDOZER,2026-08-16,1
S-CAT-KOL04,BULLDOZER,2026-08-17,3
S-CAT-KOL04,BULLDOZER,2026-08-18,4
S-CAT-KOL04,BULLDOZER,2026-08-19,4
S-CAT-KOL04,BULLDOZER,2026-08-20,2
S-CAT-KOL04,BULLDOZER,2026-08-21,1
S-CAT-KOL04,BULLDOZER,2026-08-22,0
S-CAT-KOL04,BULLDOZER,2026-08-23,1
S-CAT-KOL04,BULLDOZER,2026-08-24,3
S-CAT-KOL04,BULLDOZER,2026-08-25,3
S-CAT-KOL04,BULLDOZER,2026-08-26,4
S-CAT-KOL04,BULLDOZER,2026-08-27,1
S-CAT-KOL04,BULLDOZER,2026-08-28,3
S-CAT-KOL04,BULLDOZER,2026-08-29,2
S-CAT-KOL04,BULLDOZER,2026-08-30,1
S-CAT-KOL04,BULLDOZER,2026-08-31,4
S-CAT-KOL04,BULLDOZER,2026-09-01,2
S-CAT-KOL04,WHEEL_LOADER,2026-05-05,1
S-CAT-KOL04,WHEEL_LOADER,2026-05-06,3
S-CAT-KOL04,WHEEL_LOADER,2026-05-07,4
S-CAT-KOL04,WHEEL_LOADER,2026-05-08,1
S-CAT-KOL04,WHEEL_LOADER,2026-05-09,1
S-CAT-KOL04,WHEEL_LOADER,2026-05-10,2
S-CAT-KOL04,WHEEL_LOADER,2026-05-11,4
S-CAT-KOL04,WHEEL_LOADER,2026-05-12,3
S-CAT-KOL04,WHEEL_LOADER,2026-05-13,4
S-CAT-KOL04,WHEEL_LOADER,2026-05-14,1
S-CAT-KOL04,WHEEL_LOADER,2026-05-15,3
S-CAT-KOL04,WHEEL_LOADER,2026-05-16,0
S-CAT-KOL04,WHEEL_LOADER,2026-05-17,1
S-CAT-KOL04,WHEEL_LOADER,2026-05-18,2
S-CAT-KOL04,WHEEL_LOADER,2026-05-19,1
S-CAT-KOL04,WHEEL_LOADER,2026-05-20,2
S-CAT-KOL04,WHEEL_LOADER,2026-05-21,3
S-CAT-KOL04,WHEEL_LOADER,2026-05-22,4
S-CAT-KOL04,WHEEL_LOADER,2026-05-23,1
S-CAT-KOL04,WHEEL_LOADER,2026-05-24,1
S-CAT-KOL04,WHEEL_LOADER,2026-05-25,2
S-CAT-KOL04,WHEEL_LOADER,2026-05-26,1
S-CAT-KOL04,WHEEL_LOADER,2026-05-27,3
S-CAT-KOL04,WHEEL_LOADER,2026-05-28,3
S-CAT-KOL04,WHEEL_LOADER,2026-05-29,4
S-CAT-KOL04,WHEEL_LOADER,2026-05-30,1
S-CAT-KOL04,WHEEL_LOADER,2026-05-31,0
S-CAT-KOL04,WHEEL_LOADER,2026-06-01,3
S-CAT-KOL04,WHEEL_LOADER,2026-06-02,3
S-CAT-KOL04,WHEEL_LOADER,2026-06-03,1
S-CAT-KOL04,WHEEL_LOADER,2026-06-04,2
S-CAT-KOL04,WHEEL_LOADER,2026-06-05,2
S-CAT-KOL04,WHEEL_LOADER,2026-06-06,0
S-CAT-KOL04,WHEEL_LOADER,2026-06-07,1
S-CAT-KOL04,WHEEL_LOADER,2026-06-08,3
S-CAT-KOL04,WHEEL_LOADER,2026-06-09,3
S-CAT-KOL04,WHEEL_LOADER,2026-06-10,3
S-CAT-KOL04,WHEEL_LOADER,2026-06-11,3
S-CAT-KOL04,WHEEL_LOADER,2026-06-12,3
S-CAT-KOL04,WHEEL_LOADER,2026-06-13,0
S-CAT-KOL04,WHEEL_LOADER,2026-06-14,1
S-CAT-KOL04,WHEEL_LOADER,2026-06-15,2
S-CAT-KOL04,WHEEL_LOADER,2026-06-16,1
S-CAT-KOL04,WHEEL_LOADER,2026-06-17,2
S-CAT-KOL04,WHEEL_LOADER,2026-06-18,3
S-CAT-KOL04,WHEEL_LOADER,2026-06-19,3
S-CAT-KOL04,WHEEL_LOADER,2026-06-20,2
S-CAT-KOL04,WHEEL_LOADER,2026-06-21,2
S-CAT-KOL04,WHEEL_LOADER,2026-06-22,3
S-CAT-KOL04,WHEEL_LOADER,2026-06-23,2
S-CAT-KOL04,WHEEL_LOADER,2026-06-24,1
S-CAT-KOL04,WHEEL_LOADER,2026-06-25,2
S-CAT-KOL04,WHEEL_LOADER,2026-06-26,2
S-CAT-KOL04,WHEEL_LOADER,2026-06-27,1
S-CAT-KOL04,WHEEL_LOADER,2026-06-28,1
S-CAT-KOL04,WHEEL_LOADER,2026-06-29,1
S-CAT-KOL04,WHEEL_LOADER,2026-06-30,4
S-CAT-KOL04,WHEEL_LOADER,2026-07-01,4
S-CAT-KOL04,WHEEL_LOADER,2026-07-02,1
S-CAT-KOL04,WHEEL_LOADER,2026-07-03,1
S-CAT-KOL04,WHEEL_LOADER,2026-07-04,1
S-CAT-KOL04,WHEEL_LOADER,2026-07-05,0
S-CAT-KOL04,WHEEL_LOADER,2026-07-06,4
S-CAT-KOL04,WHEEL_LOADER,2026-07-07,3
S-CAT-KOL04,WHEEL_LOADER,2026-07-08,3
S-CAT-KOL04,WHEEL_LOADER,2026-07-09,3
S-CAT-KOL04,WHEEL_LOADER,2026-07-10,2
S-CAT-KOL04,WHEEL_LOADER,2026-07-11,2
S-CAT-KOL04,WHEEL_LOADER,2026-07-12,1
S-CAT-KOL04,WHEEL_LOADER,2026-07-13,2
S-CAT-KOL04,WHEEL_LOADER,2026-07-14,3
S-CAT-KOL04,WHEEL_LOADER,2026-07-15,1
S-CAT-KOL04,WHEEL_LOADER,2026-07-16,1
S-CAT-KOL04,WHEEL_LOADER,2026-07-17,2
S-CAT-KOL04,WHEEL_LOADER,2026-07-18,1
S-CAT-KOL04,WHEEL_LOADER,2026-07-19,1
S-CAT-KOL04,WHEEL_LOADER,2026-07-20,2
S-CAT-KOL04,WHEEL_LOADER,2026-07-21,3
S-CAT-KOL04,WHEEL_LOADER,2026-07-22,2
S-CAT-KOL04,WHEEL_LOADER,2026-07-23,2
S-CAT-KOL04,WHEEL_LOADER,2026-07-24,2
S-CAT-KOL04,WHEEL_LOADER,2026-07-25,0
S-CAT-KOL04,WHEEL_LOADER,2026-07-26,2
S-CAT-KOL04,WHEEL_LOADER,2026-07-27,1
S-CAT-KOL04,WHEEL_LOADER,2026-07-28,1
S-CAT-KOL04,WHEEL_LOADER,2026-07-29,1
S-CAT-KOL04,WHEEL_LOADER,2026-07-30,4
S-CAT-KOL04,WHEEL_LOADER,2026-07-31,4
S-CAT-KOL04,WHEEL_LOADER,2026-08-01,0
S-CAT-KOL04,WHEEL_LOADER,2026-08-02,1
S-CAT-KOL04,WHEEL_LOADER,2026-08-03,1
S-CAT-KOL04,WHEEL_LOADER,2026-08-04,1
S-CAT-KOL04,WHEEL_LOADER,2026-08-05,1
S-CAT-KOL04,WHEEL_LOADER,2026-08-06,4
S-CAT-KOL04,WHEEL_LOADER,2026-08-07,1
S-CAT-KOL04,WHEEL_LOADER,2026-08-08,1
S-CAT-KOL04,WHEEL_LOADER,2026-08-09,0
S-CAT-KOL04,WHEEL_LOADER,2026-08-10,1
S-CAT-KOL04,WHEEL_LOADER,2026-08-11,3
S-CAT-KOL04,WHEEL_LOADER,2026-08-12,1
S-CAT-KOL04,WHEEL_LOADER,2026-08-13,1
S-CAT-KOL04,WHEEL_LOADER,2026-08-14,1
S-CAT-KOL04,WHEEL_LOADER,2026-08-15,1
S-CAT-KOL04,WHEEL_LOADER,2026-08-16,1
S-CAT-KOL04,WHEEL_LOADER,2026-08-17,2
S-CAT-KOL04,WHEEL_LOADER,2026-08-18,3
S-CAT-KOL04,WHEEL_LOADER,2026-08-19,1
S-CAT-KOL04,WHEEL_LOADER,2026-08-20,1
S-CAT-KOL04,WHEEL_LOADER,2026-08-21,2
S-CAT-KOL04,WHEEL_LOADER,2026-08-22,1
S-CAT-KOL04,WHEEL_LOADER,2026-08-23,1
S-CAT-KOL04,WHEEL_LOADER,2026-08-24,3
S-CAT-KOL04,WHEEL_LOADER,2026-08-25,2
S-CAT-KOL04,WHEEL_LOADER,2026-08-26,2
S-CAT-KOL04,WHEEL_LOADER,2026-08-27,1
S-CAT-KOL04,WHEEL_LOADER,2026-08-28,1
S-CAT-KOL04,WHEEL_LOADER,2026-08-29,0
S-CAT-KOL04,WHEEL_LOADER,2026-08-30,1
S-CAT-KOL04,WHEEL_LOADER,2026-08-31,2
S-CAT-KOL04,WHEEL_LOADER,2026-09-01,3
S-CAT-KOL04,WHEEL_LOADER,2026-05-05,2
S-CAT-KOL04,WHEEL_LOADER,2026-05-06,2
S-CAT-KOL04,WHEEL_LOADER,2026-05-07,3
S-CAT-KOL04,WHEEL_LOADER,2026-05-08,5
S-CAT-KOL04,WHEEL_LOADER,2026-05-09,2
S-CAT-KOL04,WHEEL_LOADER,2026-05-10,1
S-CAT-KOL04,WHEEL_LOADER,2026-05-11,5
S-CAT-KOL04,WHEEL_LOADER,2026-05-12,2
S-CAT-KOL04,WHEEL_LOADER,2026-05-13,3
S-CAT-KOL04,WHEEL_LOADER,2026-05-14,4
S-CAT-KOL04,WHEEL_LOADER,2026-05-15,5
S-CAT-KOL04,WHEEL_LOADER,2026-05-16,3
S-CAT-KOL04,WHEEL_LOADER,2026-05-17,1
S-CAT-KOL04,WHEEL_LOADER,2026-05-18,3
S-CAT-KOL04,WHEEL_LOADER,2026-05-19,5
S-CAT-KOL04,WHEEL_LOADER,2026-05-20,2
S-CAT-KOL04,WHEEL_LOADER,2026-05-21,4
S-CAT-KOL04,WHEEL_LOADER,2026-05-22,2
S-CAT-KOL04,WHEEL_LOADER,2026-05-23,3
S-CAT-KOL04,WHEEL_LOADER,2026-05-24,1
S-CAT-KOL04,WHEEL_LOADER,2026-05-25,3
S-CAT-KOL04,WHEEL_LOADER,2026-05-26,5
S-CAT-KOL04,WHEEL_LOADER,2026-05-27,4
S-CAT-KOL04,WHEEL_LOADER,2026-05-28,4
S-CAT-KOL04,WHEEL_LOADER,2026-05-29,2
S-CAT-KOL04,WHEEL_LOADER,2026-05-30,1
S-CAT-KOL04,WHEEL_LOADER,2026-05-31,2
S-CAT-KOL04,WHEEL_LOADER,2026-06-01,5
S-CAT-KOL04,WHEEL_LOADER,2026-06-02,2
S-CAT-KOL04,WHEEL_LOADER,2026-06-03,5
S-CAT-KOL04,WHEEL_LOADER,2026-06-04,4
S-CAT-KOL04,WHEEL_LOADER,2026-06-05,5
S-CAT-KOL04,WHEEL_LOADER,2026-06-06,2
S-CAT-KOL04,WHEEL_LOADER,2026-06-07,3
S-CAT-KOL04,WHEEL_LOADER,2026-06-08,3
S-CAT-KOL04,WHEEL_LOADER,2026-06-09,5
S-CAT-KOL04,WHEEL_LOADER,2026-06-10,4
S-CAT-KOL04,WHEEL_LOADER,2026-06-11,5
S-CAT-KOL04,WHEEL_LOADER,2026-06-12,3
S-CAT-KOL04,WHEEL_LOADER,2026-06-13,1
S-CAT-KOL04,WHEEL_LOADER,2026-06-14,3
S-CAT-KOL04,WHEEL_LOADER,2026-06-15,4
S-CAT-KOL04,WHEEL_LOADER,2026-06-16,3
S-CAT-KOL04,WHEEL_LOADER,2026-06-17,2
S-CAT-KOL04,WHEEL_LOADER,2026-06-18,5
S-CAT-KOL04,WHEEL_LOADER,2026-06-19,2
S-CAT-KOL04,WHEEL_LOADER,2026-06-20,3
S-CAT-KOL04,WHEEL_LOADER,2026-06-21,3
S-CAT-KOL04,WHEEL_LOADER,2026-06-22,2
S-CAT-KOL04,WHEEL_LOADER,2026-06-23,2
S-CAT-KOL04,WHEEL_LOADER,2026-06-24,3
S-CAT-KOL04,WHEEL_LOADER,2026-06-25,5
S-CAT-KOL04,WHEEL_LOADER,2026-06-26,5
S-CAT-KOL04,WHEEL_LOADER,2026-06-27,1
S-CAT-KOL04,WHEEL_LOADER,2026-06-28,1
S-CAT-KOL04,WHEEL_LOADER,2026-06-29,2
S-CAT-KOL04,WHEEL_LOADER,2026-06-30,4
S-CAT-KOL04,WHEEL_LOADER,2026-07-01,3
S-CAT-KOL04,WHEEL_LOADER,2026-07-02,4
S-CAT-KOL04,WHEEL_LOADER,2026-07-03,3
S-CAT-KOL04,WHEEL_LOADER,2026-07-04,3
S-CAT-KOL04,WHEEL_LOADER,2026-07-05,1
S-CAT-KOL04,WHEEL_LOADER,2026-07-06,3
S-CAT-KOL04,WHEEL_LOADER,2026-07-07,5
S-CAT-KOL04,WHEEL_LOADER,2026-07-08,5
S-CAT-KOL04,WHEEL_LOADER,2026-07-09,4
S-CAT-KOL04,WHEEL_LOADER,2026-07-10,4
S-CAT-KOL04,WHEEL_LOADER,2026-07-11,3
S-CAT-KOL04,WHEEL_LOADER,2026-07-12,2
S-CAT-KOL04,WHEEL_LOADER,2026-07-13,5
S-CAT-KOL04,WHEEL_LOADER,2026-07-14,5
S-CAT-KOL04,WHEEL_LOADER,2026-07-15,5
S-CAT-KOL04,WHEEL_LOADER,2026-07-16,4
S-CAT-KOL04,WHEEL_LOADER,2026-07-17,3
S-CAT-KOL04,WHEEL_LOADER,2026-07-18,3
S-CAT-KOL04,WHEEL_LOADER,2026-07-19,1
S-CAT-KOL04,WHEEL_LOADER,2026-07-20,2
S-CAT-KOL04,WHEEL_LOADER,2026-07-21,4
S-CAT-KOL04,WHEEL_LOADER,2026-07-22,5
S-CAT-KOL04,WHEEL_LOADER,2026-07-23,5
S-CAT-KOL04,WHEEL_LOADER,2026-07-24,3
S-CAT-KOL04,WHEEL_LOADER,2026-07-25,1
S-CAT-KOL04,WHEEL_LOADER,2026-07-26,1
S-CAT-KOL04,WHEEL_LOADER,2026-07-27,2
S-CAT-KOL04,WHEEL_LOADER,2026-07-28,2
S-CAT-KOL04,WHEEL_LOADER,2026-07-29,2
S-CAT-KOL04,WHEEL_LOADER,2026-07-30,5
S-CAT-KOL04,WHEEL_LOADER,2026-07-31,2
S-CAT-KOL04,WHEEL_LOADER,2026-08-01,1
S-CAT-KOL04,WHEEL_LOADER,2026-08-02,3
S-CAT-KOL04,WHEEL_LOADER,2026-08-03,4
S-CAT-KOL04,WHEEL_LOADER,2026-08-04,3
S-CAT-KOL04,WHEEL_LOADER,2026-08-05,4
S-CAT-KOL04,WHEEL_LOADER,2026-08-06,2
S-CAT-KOL04,WHEEL_LOADER,2026-08-07,2
S-CAT-KOL04,WHEEL_LOADER,2026-08-08,3
S-CAT-KOL04,WHEEL_LOADER,2026-08-09,3
S-CAT-KOL04,WHEEL_LOADER,2026-08-10,3
S-CAT-KOL04,WHEEL_LOADER,2026-08-11,4
S-CAT-KOL04,WHEEL_LOADER,2026-08-12,5
S-CAT-KOL04,WHEEL_LOADER,2026-08-13,5
S-CAT-KOL04,WHEEL_LOADER,2026-08-14,4
S-CAT-KOL04,WHEEL_LOADER,2026-08-15,2
S-CAT-KOL04,WHEEL_LOADER,2026-08-16,1
S-CAT-KOL04,WHEEL_LOADER,2026-08-17,2
S-CAT-KOL04,WHEEL_LOADER,2026-08-18,5
S-CAT-KOL04,WHEEL_LOADER,2026-08-19,2
S-CAT-KOL04,WHEEL_LOADER,2026-08-20,5
S-CAT-KOL04,WHEEL_LOADER,2026-08-21,5
S-CAT-KOL04,WHEEL_LOADER,2026-08-22,2
S-CAT-KOL04,WHEEL_LOADER,2026-08-23,3
S-CAT-KOL04,WHEEL_LOADER,2026-08-24,5
S-CAT-KOL04,WHEEL_LOADER,2026-08-25,5
S-CAT-KOL04,WHEEL_LOADER,2026-08-26,2
S-CAT-KOL04,WHEEL_LOADER,2026-08-27,2
S-CAT-KOL04,WHEEL_LOADER,2026-08-28,3
S-CAT-KOL04,WHEEL_LOADER,2026-08-29,2
S-CAT-KOL04,WHEEL_LOADER,2026-08-30,1
S-CAT-KOL04,WHEEL_LOADER,2026-08-31,5
S-CAT-KOL04,WHEEL_LOADER,2026-09-01,5
S-CAT-KOL04,DUMP_TRUCK,2026-05-05,4
S-CAT-KOL04,DUMP_TRUCK,2026-05-06,5
S-CAT-KOL04,DUMP_TRUCK,2026-05-07,5
S-CAT-KOL04,DUMP_TRUCK,2026-05-08,2
S-CAT-KOL04,DUMP_TRUCK,2026-05-09,3
S-CAT-KOL04,DUMP_TRUCK,2026-05-10,3
S-CAT-KOL04,DUMP_TRUCK,2026-05-11,5
S-CAT-KOL04,DUMP_TRUCK,2026-05-12,3
S-CAT-KOL04,DUMP_TRUCK,2026-05-13,2
S-CAT-KOL04,DUMP_TRUCK,2026-05-14,5
S-CAT-KOL04,DUMP_TRUCK,2026-05-15,4
S-CAT-KOL04,DUMP_TRUCK,2026-05-16,3
S-CAT-KOL04,DUMP_TRUCK,2026-05-17,3
S-CAT-KOL04,DUMP_TRUCK,2026-05-18,4
S-CAT-KOL04,DUMP_TRUCK,2026-05-19,4
S-CAT-KOL04,DUMP_TRUCK,2026-05-20,4
S-CAT-KOL04,DUMP_TRUCK,2026-05-21,2
S-CAT-KOL04,DUMP_TRUCK,2026-05-22,2
S-CAT-KOL04,DUMP_TRUCK,2026-05-23,1
S-CAT-KOL04,DUMP_TRUCK,2026-05-24,1
S-CAT-KOL04,DUMP_TRUCK,2026-05-25,4
S-CAT-KOL04,DUMP_TRUCK,2026-05-26,4
S-CAT-KOL04,DUMP_TRUCK,2026-05-27,2
S-CAT-KOL04,DUMP_TRUCK,2026-05-28,4
S-CAT-KOL04,DUMP_TRUCK,2026-05-29,5
S-CAT-KOL04,DUMP_TRUCK,2026-05-30,1
S-CAT-KOL04,DUMP_TRUCK,2026-05-31,3
S-CAT-KOL04,DUMP_TRUCK,2026-06-01,4
S-CAT-KOL04,DUMP_TRUCK,2026-06-02,4
S-CAT-KOL04,DUMP_TRUCK,2026-06-03,5
S-CAT-KOL04,DUMP_TRUCK,2026-06-04,4
S-CAT-KOL04,DUMP_TRUCK,2026-06-05,2
S-CAT-KOL04,DUMP_TRUCK,2026-06-06,1
S-CAT-KOL04,DUMP_TRUCK,2026-06-07,1
S-CAT-KOL04,DUMP_TRUCK,2026-06-08,3
S-CAT-KOL04,DUMP_TRUCK,2026-06-09,4
S-CAT-KOL04,DUMP_TRUCK,2026-06-10,2
S-CAT-KOL04,DUMP_TRUCK,2026-06-11,2
S-CAT-KOL04,DUMP_TRUCK,2026-06-12,4
S-CAT-KOL04,DUMP_TRUCK,2026-06-13,1
S-CAT-KOL04,DUMP_TRUCK,2026-06-14,2
S-CAT-KOL04,DUMP_TRUCK,2026-06-15,3
S-CAT-KOL04,DUMP_TRUCK,2026-06-16,2
S-CAT-KOL04,DUMP_TRUCK,2026-06-17,4
S-CAT-KOL04,DUMP_TRUCK,2026-06-18,2
S-CAT-KOL04,DUMP_TRUCK,2026-06-19,5
S-CAT-KOL04,DUMP_TRUCK,2026-06-20,3
S-CAT-KOL04,DUMP_TRUCK,2026-06-21,3
S-CAT-KOL04,DUMP_TRUCK,2026-06-22,4
S-CAT-KOL04,DUMP_TRUCK,2026-06-23,2
S-CAT-KOL04,DUMP_TRUCK,2026-06-24,5
S-CAT-KOL04,DUMP_TRUCK,2026-06-25,2
S-CAT-KOL04,DUMP_TRUCK,2026-06-26,4
S-CAT-KOL04,DUMP_TRUCK,2026-06-27,3
S-CAT-KOL04,DUMP_TRUCK,2026-06-28,3
S-CAT-KOL04,DUMP_TRUCK,2026-06-29,4
S-CAT-KOL04,DUMP_TRUCK,2026-06-30,2
S-CAT-KOL04,DUMP_TRUCK,2026-07-01,5
S-CAT-KOL04,DUMP_TRUCK,2026-07-02,2
S-CAT-KOL04,DUMP_TRUCK,2026-07-03,3
S-CAT-KOL04,DUMP_TRUCK,2026-07-04,2
S-CAT-KOL04,DUMP_TRUCK,2026-07-05,3
S-CAT-KOL04,DUMP_TRUCK,2026-07-06,4
S-CAT-KOL04,DUMP_TRUCK,2026-07-07,3
S-CAT-KOL04,DUMP_TRUCK,2026-07-08,4
S-CAT-KOL04,DUMP_TRUCK,2026-07-09,4
S-CAT-KOL04,DUMP_TRUCK,2026-07-10,5
S-CAT-KOL04,DUMP_TRUCK,2026-07-11,1
S-CAT-KOL04,DUMP_TRUCK,2026-07-12,3
S-CAT-KOL04,DUMP_TRUCK,2026-07-13,2
S-CAT-KOL04,DUMP_TRUCK,2026-07-14,3
S-CAT-KOL04,DUMP_TRUCK,2026-07-15,4
S-CAT-KOL04,DUMP_TRUCK,2026-07-16,4
S-CAT-KOL04,DUMP_TRUCK,2026-07-17,2
S-CAT-KOL04,DUMP_TRUCK,2026-07-18,2
S-CAT-KOL04,DUMP_TRUCK,2026-07-19,3
S-CAT-KOL04,DUMP_TRUCK,2026-07-20,3
S-CAT-KOL04,DUMP_TRUCK,2026-07-21,2
S-CAT-KOL04,DUMP_TRUCK,2026-07-22,2
S-CAT-KOL04,DUMP_TRUCK,2026-07-23,4
S-CAT-KOL04,DUMP_TRUCK,2026-07-24,4
S-CAT-KOL04,DUMP_TRUCK,2026-07-25,1
S-CAT-KOL04,DUMP_TRUCK,2026-07-26,3
S-CAT-KOL04,DUMP_TRUCK,2026-07-27,5
S-CAT-KOL04,DUMP_TRUCK,2026-07-28,3
S-CAT-KOL04,DUMP_TRUCK,2026-07-29,4
S-CAT-KOL04,DUMP_TRUCK,2026-07-30,2
S-CAT-KOL04,DUMP_TRUCK,2026-07-31,4
S-CAT-KOL04,DUMP_TRUCK,2026-08-01,2
S-CAT-KOL04,DUMP_TRUCK,2026-08-02,3
S-CAT-KOL04,DUMP_TRUCK,2026-08-03,4
S-CAT-KOL04,DUMP_TRUCK,2026-08-04,3
S-CAT-KOL04,DUMP_TRUCK,2026-08-05,5
S-CAT-KOL04,DUMP_TRUCK,2026-08-06,5
S-CAT-KOL04,DUMP_TRUCK,2026-08-07,4
S-CAT-KOL04,DUMP_TRUCK,2026-08-08,3
S-CAT-KOL04,DUMP_TRUCK,2026-08-09,1
S-CAT-KOL04,DUMP_TRUCK,2026-08-10,2
S-CAT-KOL04,DUMP_TRUCK,2026-08-11,3
S-CAT-KOL04,DUMP_TRUCK,2026-08-12,5
S-CAT-KOL04,DUMP_TRUCK,2026-08-13,3
S-CAT-KOL04,DUMP_TRUCK,2026-08-14,5
S-CAT-KOL04,DUMP_TRUCK,2026-08-15,2
S-CAT-KOL04,DUMP_TRUCK,2026-08-16,3
S-CAT-KOL04,DUMP_TRUCK,2026-08-17,2
S-CAT-KOL04,DUMP_TRUCK,2026-08-18,3
S-CAT-KOL04,DUMP_TRUCK,2026-08-19,4
S-CAT-KOL04,DUMP_TRUCK,2026-08-20,5
S-CAT-KOL04,DUMP_TRUCK,2026-08-21,3
S-CAT-KOL04,DUMP_TRUCK,2026-08-22,1
S-CAT-KOL04,DUMP_TRUCK,2026-08-23,1
S-CAT-KOL04,DUMP_TRUCK,2026-08-24,4
S-CAT-KOL04,DUMP_TRUCK,2026-08-25,5
S-CAT-KOL04,DUMP_TRUCK,2026-08-26,5
S-CAT-KOL04,DUMP_TRUCK,2026-08-27,4
S-CAT-KOL04,DUMP_TRUCK,2026-08-28,2
S-CAT-KOL04,DUMP_TRUCK,2026-08-29,1
S-CAT-KOL04,DUMP_TRUCK,2026-08-30,3
S-CAT-KOL04,DUMP_TRUCK,2026-08-31,4
S-CAT-KOL04,DUMP_TRUCK,2026-09-01,4
S-CAT-KOL04,DUMP_TRUCK,2026-05-05,4
S-CAT-KOL04,DUMP_TRUCK,2026-05-06,3
S-CAT-KOL04,DUMP_TRUCK,2026-05-07,5
S-CAT-KOL04,DUMP_TRUCK,2026-05-08,3
S-CAT-KOL04,DUMP_TRUCK,2026-05-09,1
S-CAT-KOL04,DUMP_TRUCK,2026-05-10,1
S-CAT-KOL04,DUMP_TRUCK,2026-05-11,3
S-CAT-KOL04,DUMP_TRUCK,2026-05-12,2
S-CAT-KOL04,DUMP_TRUCK,2026-05-13,3
S-CAT-KOL04,DUMP_TRUCK,2026-05-14,4
S-CAT-KOL04,DUMP_TRUCK,2026-05-15,5
S-CAT-KOL04,DUMP_TRUCK,2026-05-16,3
S-CAT-KOL04,DUMP_TRUCK,2026-05-17,3
S-CAT-KOL04,DUMP_TRUCK,2026-05-18,5
S-CAT-KOL04,DUMP_TRUCK,2026-05-19,2
S-CAT-KOL04,DUMP_TRUCK,2026-05-20,3
S-CAT-KOL04,DUMP_TRUCK,2026-05-21,3
S-CAT-KOL04,DUMP_TRUCK,2026-05-22,4
S-CAT-KOL04,DUMP_TRUCK,2026-05-23,1
S-CAT-KOL04,DUMP_TRUCK,2026-05-24,1
S-CAT-KOL04,DUMP_TRUCK,2026-05-25,4
S-CAT-KOL04,DUMP_TRUCK,2026-05-26,4
S-CAT-KOL04,DUMP_TRUCK,2026-05-27,3
S-CAT-KOL04,DUMP_TRUCK,2026-05-28,2
S-CAT-KOL04,DUMP_TRUCK,2026-05-29,5
S-CAT-KOL04,DUMP_TRUCK,2026-05-30,1
S-CAT-KOL04,DUMP_TRUCK,2026-05-31,1
S-CAT-KOL04,DUMP_TRUCK,2026-06-01,2
S-CAT-KOL04,DUMP_TRUCK,2026-06-02,4
S-CAT-KOL04,DUMP_TRUCK,2026-06-03,4
S-CAT-KOL04,DUMP_TRUCK,2026-06-04,2
S-CAT-KOL04,DUMP_TRUCK,2026-06-05,5
S-CAT-KOL04,DUMP_TRUCK,2026-06-06,2
S-CAT-KOL04,DUMP_TRUCK,2026-06-07,1
S-CAT-KOL04,DUMP_TRUCK,2026-06-08,5
S-CAT-KOL04,DUMP_TRUCK,2026-06-09,3
S-CAT-KOL04,DUMP_TRUCK,2026-06-10,3
S-CAT-KOL04,DUMP_TRUCK,2026-06-11,2
S-CAT-KOL04,DUMP_TRUCK,2026-06-12,2
S-CAT-KOL04,DUMP_TRUCK,2026-06-13,2
S-CAT-KOL04,DUMP_TRUCK,2026-06-14,3
S-CAT-KOL04,DUMP_TRUCK,2026-06-15,2
S-CAT-KOL04,DUMP_TRUCK,2026-06-16,3
S-CAT-KOL04,DUMP_TRUCK,2026-06-17,2
S-CAT-KOL04,DUMP_TRUCK,2026-06-18,4
S-CAT-KOL04,DUMP_TRUCK,2026-06-19,4
S-CAT-KOL04,DUMP_TRUCK,2026-06-20,3
S-CAT-KOL04,DUMP_TRUCK,2026-06-21,1
S-CAT-KOL04,DUMP_TRUCK,2026-06-22,5
S-CAT-KOL04,DUMP_TRUCK,2026-06-23,3
S-CAT-KOL04,DUMP_TRUCK,2026-06-24,3
S-CAT-KOL04,DUMP_TRUCK,2026-06-25,2
S-CAT-KOL04,DUMP_TRUCK,2026-06-26,3
S-CAT-KOL04,DUMP_TRUCK,2026-06-27,1
S-CAT-KOL04,DUMP_TRUCK,2026-06-28,2
S-CAT-KOL04,DUMP_TRUCK,2026-06-29,5
S-CAT-KOL04,DUMP_TRUCK,2026-06-30,5
S-CAT-KOL04,DUMP_TRUCK,2026-07-01,4
S-CAT-KOL04,DUMP_TRUCK,2026-07-02,2
S-CAT-KOL04,DUMP_TRUCK,2026-07-03,5
S-CAT-KOL04,DUMP_TRUCK,2026-07-04,2
S-CAT-KOL04,DUMP_TRUCK,2026-07-05,1
S-CAT-KOL04,DUMP_TRUCK,2026-07-06,4
S-CAT-KOL04,DUMP_TRUCK,2026-07-07,5
S-CAT-KOL04,DUMP_TRUCK,2026-07-08,5
S-CAT-KOL04,DUMP_TRUCK,2026-07-09,3
S-CAT-KOL04,DUMP_TRUCK,2026-07-10,4
S-CAT-KOL04,DUMP_TRUCK,2026-07-11,1
S-CAT-KOL04,DUMP_TRUCK,2026-07-12,2
S-CAT-KOL04,DUMP_TRUCK,2026-07-13,5
S-CAT-KOL04,DUMP_TRUCK,2026-07-14,4
S-CAT-KOL04,DUMP_TRUCK,2026-07-15,4
S-CAT-KOL04,DUMP_TRUCK,2026-07-16,2
S-CAT-KOL04,DUMP_TRUCK,2026-07-17,2
S-CAT-KOL04,DUMP_TRUCK,2026-07-18,1
S-CAT-KOL04,DUMP_TRUCK,2026-07-19,1
S-CAT-KOL04,DUMP_TRUCK,2026-07-20,4
S-CAT-KOL04,DUMP_TRUCK,2026-07-21,5
S-CAT-KOL04,DUMP_TRUCK,2026-07-22,4
S-CAT-KOL04,DUMP_TRUCK,2026-07-23,4
S-CAT-KOL04,DUMP_TRUCK,2026-07-24,2
S-CAT-KOL04,DUMP_TRUCK,2026-07-25,1
S-CAT-KOL04,DUMP_TRUCK,2026-07-26,3
S-CAT-KOL04,DUMP_TRUCK,2026-07-27,5
S-CAT-KOL04,DUMP_TRUCK,2026-07-28,2
S-CAT-KOL04,DUMP_TRUCK,2026-07-29,5
S-CAT-KOL04,DUMP_TRUCK,2026-07-30,4
S-CAT-KOL04,DUMP_TRUCK,2026-07-31,4
S-CAT-KOL04,DUMP_TRUCK,2026-08-01,1
S-CAT-KOL04,DUMP_TRUCK,2026-08-02,1
S-CAT-KOL04,DUMP_TRUCK,2026-08-03,4
S-CAT-KOL04,DUMP_TRUCK,2026-08-04,3
S-CAT-KOL04,DUMP_TRUCK,2026-08-05,3
S-CAT-KOL04,DUMP_TRUCK,2026-08-06,5
S-CAT-KOL04,DUMP_TRUCK,2026-08-07,4
S-CAT-KOL04,DUMP_TRUCK,2026-08-08,3
S-CAT-KOL04,DUMP_TRUCK,2026-08-09,1
S-CAT-KOL04,DUMP_TRUCK,2026-08-10,4
S-CAT-KOL04,DUMP_TRUCK,2026-08-11,2
S-CAT-KOL04,DUMP_TRUCK,2026-08-12,5
S-CAT-KOL04,DUMP_TRUCK,2026-08-13,5
S-CAT-KOL04,DUMP_TRUCK,2026-08-14,5
S-CAT-KOL04,DUMP_TRUCK,2026-08-15,2
S-CAT-KOL04,DUMP_TRUCK,2026-08-16,3
S-CAT-KOL04,DUMP_TRUCK,2026-08-17,2
S-CAT-KOL04,DUMP_TRUCK,2026-08-18,3
S-CAT-KOL04,DUMP_TRUCK,2026-08-19,4
S-CAT-KOL04,DUMP_TRUCK,2026-08-20,2
S-CAT-KOL04,DUMP_TRUCK,2026-08-21,4
S-CAT-KOL04,DUMP_TRUCK,2026-08-22,3
S-CAT-KOL04,DUMP_TRUCK,2026-08-23,2
S-CAT-KOL04,DUMP_TRUCK,2026-08-24,5
S-CAT-KOL04,DUMP_TRUCK,2026-08-25,2
S-CAT-KOL04,DUMP_TRUCK,2026-08-26,2
S-CAT-KOL04,DUMP_TRUCK,2026-08-27,3
S-CAT-KOL04,DUMP_TRUCK,2026-08-28,5
S-CAT-KOL04,DUMP_TRUCK,2026-08-29,1
S-CAT-KOL04,DUMP_TRUCK,2026-08-30,1
S-CAT-KOL04,DUMP_TRUCK,2026-08-31,5
S-CAT-KOL04,DUMP_TRUCK,2026-09-01,3
S-CAT-KOL04,COMPACTOR,2026-05-05,5
S-CAT-KOL04,COMPACTOR,2026-05-06,3
S-CAT-KOL04,COMPACTOR,2026-05-07,3
S-CAT-KOL04,COMPACTOR,2026-05-08,4
S-CAT-KOL04,COMPACTOR,2026-05-09,2
S-CAT-KOL04,COMPACTOR,2026-05-10,2
S-CAT-KOL04,COMPACTOR,2026-05-11,6
S-CAT-KOL04,COMPACTOR,2026-05-12,5
S-CAT-KOL04,COMPACTOR,2026-05-13,6
S-CAT-KOL04,COMPACTOR,2026-05-14,6
S-CAT-KOL04,COMPACTOR,2026-05-15,4
S-CAT-KOL04,COMPACTOR,2026-05-16,3
S-CAT-KOL04,COMPACTOR,2026-05-17,2
S-CAT-KOL04,COMPACTOR,2026-05-18,5
S-CAT-KOL04,COMPACTOR,2026-05-19,5
S-CAT-KOL04,COMPACTOR,2026-05-20,4
S-CAT-KOL04,COMPACTOR,2026-05-21,3
S-CAT-KOL04,COMPACTOR,2026-05-22,6
S-CAT-KOL04,COMPACTOR,2026-05-23,3
S-CAT-KOL04,COMPACTOR,2026-05-24,2
S-CAT-KOL04,COMPACTOR,2026-05-25,6
S-CAT-KOL04,COMPACTOR,2026-05-26,6
S-CAT-KOL04,COMPACTOR,2026-05-27,4
S-CAT-KOL04,COMPACTOR,2026-05-28,3
S-CAT-KOL04,COMPACTOR,2026-05-29,3
S-CAT-KOL04,COMPACTOR,2026-05-30,2
S-CAT-KOL04,COMPACTOR,2026-05-31,1
S-CAT-KOL04,COMPACTOR,2026-06-01,6
S-CAT-KOL04,COMPACTOR,2026-06-02,4
S-CAT-KOL04,COMPACTOR,2026-06-03,5
S-CAT-KOL04,COMPACTOR,2026-06-04,4
S-CAT-KOL04,COMPACTOR,2026-06-05,3
S-CAT-KOL04,COMPACTOR,2026-06-06,3
S-CAT-KOL04,COMPACTOR,2026-06-07,3
S-CAT-KOL04,COMPACTOR,2026-06-08,5
S-CAT-KOL04,COMPACTOR,2026-06-09,4
S-CAT-KOL04,COMPACTOR,2026-06-10,3
S-CAT-KOL04,COMPACTOR,2026-06-11,5
S-CAT-KOL04,COMPACTOR,2026-06-12,4
S-CAT-KOL04,COMPACTOR,2026-06-13,1
S-CAT-KOL04,COMPACTOR,2026-06-14,1
S-CAT-KOL04,COMPACTOR,2026-06-15,6
S-CAT-KOL04,COMPACTOR,2026-06-16,6
S-CAT-KOL04,COMPACTOR,2026-06-17,6
S-CAT-KOL04,COMPACTOR,2026-06-18,3
S-CAT-KOL04,COMPACTOR,2026-06-19,4
S-CAT-KOL04,COMPACTOR,2026-06-20,2
S-CAT-KOL04,COMPACTOR,2026-06-21,2
S-CAT-KOL04,COMPACTOR,2026-06-22,5
S-CAT-KOL04,COMPACTOR,2026-06-23,5
S-CAT-KOL04,COMPACTOR,2026-06-24,6
S-CAT-KOL04,COMPACTOR,2026-06-25,6
S-CAT-KOL04,COMPACTOR,2026-06-26,4
S-CAT-KOL04,COMPACTOR,2026-06-27,3
S-CAT-KOL04,COMPACTOR,2026-06-28,2
S-CAT-KOL04,COMPACTOR,2026-06-29,4
S-CAT-KOL04,COMPACTOR,2026-06-30,5
S-CAT-KOL04,COMPACTOR,2026-07-01,4
S-CAT-KOL04,COMPACTOR,2026-07-02,6
S-CAT-KOL04,COMPACTOR,2026-07-03,4
S-CAT-KOL04,COMPACTOR,2026-07-04,3
S-CAT-KOL04,COMPACTOR,2026-07-05,2
S-CAT-KOL04,COMPACTOR,2026-07-06,3
S-CAT-KOL04,COMPACTOR,2026-07-07,5
S-CAT-KOL04,COMPACTOR,2026-07-08,5
S-CAT-KOL04,COMPACTOR,2026-07-09,4
S-CAT-KOL04,COMPACTOR,2026-07-10,6
S-CAT-KOL04,COMPACTOR,2026-07-11,2
S-CAT-KOL04,COMPACTOR,2026-07-12,3
S-CAT-KOL04,COMPACTOR,2026-07-13,6
S-CAT-KOL04,COMPACTOR,2026-07-14,3
S-CAT-KOL04,COMPACTOR,2026-07-15,3
S-CAT-KOL04,COMPACTOR,2026-07-16,6
S-CAT-KOL04,COMPACTOR,2026-07-17,4
S-CAT-KOL04,COMPACTOR,2026-07-18,3
S-CAT-KOL04,COMPACTOR,2026-07-19,3
S-CAT-KOL04,COMPACTOR,2026-07-20,4
S-CAT-KOL04,COMPACTOR,2026-07-21,6
S-CAT-KOL04,COMPACTOR,2026-07-22,6
S-CAT-KOL04,COMPACTOR,2026-07-23,5
S-CAT-KOL04,COMPACTOR,2026-07-24,3
S-CAT-KOL04,COMPACTOR,2026-07-25,1
S-CAT-KOL04,COMPACTOR,2026-07-26,1
S-CAT-KOL04,COMPACTOR,2026-07-27,3
S-CAT-KOL04,COMPACTOR,2026-07-28,5
S-CAT-KOL04,COMPACTOR,2026-07-29,4
S-CAT-KOL04,COMPACTOR,2026-07-30,6
S-CAT-KOL04,COMPACTOR,2026-07-31,5
S-CAT-KOL04,COMPACTOR,2026-08-01,1
S-CAT-KOL04,COMPACTOR,2026-08-02,1
S-CAT-KOL04,COMPACTOR,2026-08-03,5
S-CAT-KOL04,COMPACTOR,2026-08-04,6
S-CAT-KOL04,COMPACTOR,2026-08-05,5
S-CAT-KOL04,COMPACTOR,2026-08-06,6
S-CAT-KOL04,COMPACTOR,2026-08-07,5
S-CAT-KOL04,COMPACTOR,2026-08-08,2
S-CAT-KOL04,COMPACTOR,2026-08-09,1
S-CAT-KOL04,COMPACTOR,2026-08-10,4
S-CAT-KOL04,COMPACTOR,2026-08-11,5
S-CAT-KOL04,COMPACTOR,2026-08-12,4
S-CAT-KOL04,COMPACTOR,2026-08-13,6
S-CAT-KOL04,COMPACTOR,2026-08-14,5
S-CAT-KOL04,COMPACTOR,2026-08-15,3
S-CAT-KOL04,COMPACTOR,2026-08-16,2
S-CAT-KOL04,COMPACTOR,2026-08-17,3
S-CAT-KOL04,COMPACTOR,2026-08-18,5
S-CAT-KOL04,COMPACTOR,2026-08-19,6
S-CAT-KOL04,COMPACTOR,2026-08-20,4
S-CAT-KOL04,COMPACTOR,2026-08-21,5
S-CAT-KOL04,COMPACTOR,2026-08-22,1
S-CAT-KOL04,COMPACTOR,2026-08-23,3
S-CAT-KOL04,COMPACTOR,2026-08-24,3
S-CAT-KOL04,COMPACTOR,2026-08-25,4
S-CAT-KOL04,COMPACTOR,2026-08-26,6
S-CAT-KOL04,COMPACTOR,2026-08-27,5
S-CAT-KOL04,COMPACTOR,2026-08-28,5
S-CAT-KOL04,COMPACTOR,2026-08-29,3
S-CAT-KOL04,COMPACTOR,2026-08-30,3
S-CAT-KOL04,COMPACTOR,2026-08-31,5
S-CAT-KOL04,COMPACTOR,2026-09-01,5
S-CAT-KOL04,CRANE,2026-05-05,7
S-CAT-KOL04,CRANE,2026-05-06,8
S-CAT-KOL04,CRANE,2026-05-07,6
S-CAT-KOL04,CRANE,2026-05-08,7
S-CAT-KOL04,CRANE,2026-05-09,4
S-CAT-KOL04,CRANE,2026-05-10,3
S-CAT-KOL04,CRANE,2026-05-11,8
S-CAT-KOL04,CRANE,2026-05-12,5
S-CAT-KOL04,CRANE,2026-05-13,6
S-CAT-KOL04,CRANE,2026-05-14,6
S-CAT-KOL04,CRANE,2026-05-15,5
S-CAT-KOL04,CRANE,2026-05-16,3
S-CAT-KOL04,CRANE,2026-05-17,3
S-CAT-KOL04,CRANE,2026-05-18,5
S-CAT-KOL04,CRANE,2026-05-19,8
S-CAT-KOL04,CRANE,2026-05-20,7
S-CAT-KOL04,CRANE,2026-05-21,6
S-CAT-KOL04,CRANE,2026-05-22,8
S-CAT-KOL04,CRANE,2026-05-23,4
S-CAT-KOL04,CRANE,2026-05-24,3
S-CAT-KOL04,CRANE,2026-05-25,8
S-CAT-KOL04,CRANE,2026-05-26,5
S-CAT-KOL04,CRANE,2026-05-27,8
S-CAT-KOL04,CRANE,2026-05-28,7
S-CAT-KOL04,CRANE,2026-05-29,8
S-CAT-KOL04,CRANE,2026-05-30,4
S-CAT-KOL04,CRANE,2026-05-31,4
S-CAT-KOL04,CRANE,2026-06-01,5
S-CAT-KOL04,CRANE,2026-06-02,6
S-CAT-KOL04,CRANE,2026-06-03,5
S-CAT-KOL04,CRANE,2026-06-04,7
S-CAT-KOL04,CRANE,2026-06-05,5
S-CAT-KOL04,CRANE,2026-06-06,3
S-CAT-KOL04,CRANE,2026-06-07,4
S-CAT-KOL04,CRANE,2026-06-08,6
S-CAT-KOL04,CRANE,2026-06-09,6
S-CAT-KOL04,CRANE,2026-06-10,7
S-CAT-KOL04,CRANE,2026-06-11,6
S-CAT-KOL04,CRANE,2026-06-12,5
S-CAT-KOL04,CRANE,2026-06-13,3
S-CAT-KOL04,CRANE,2026-06-14,4
S-CAT-KOL04,CRANE,2026-06-15,5
S-CAT-KOL04,CRANE,2026-06-16,6
S-CAT-KOL04,CRANE,2026-06-17,8
S-CAT-KOL04,CRANE,2026-06-18,5
S-CAT-KOL04,CRANE,2026-06-19,7
S-CAT-KOL04,CRANE,2026-06-20,3
S-CAT-KOL04,CRANE,2026-06-21,4
S-CAT-KOL04,CRANE,2026-06-22,5
S-CAT-KOL04,CRANE,2026-06-23,8
S-CAT-KOL04,CRANE,2026-06-24,7
S-CAT-KOL04,CRANE,2026-06-25,5
S-CAT-KOL04,CRANE,2026-06-26,7
S-CAT-KOL04,CRANE,2026-06-27,3
S-CAT-KOL04,CRANE,2026-06-28,3
S-CAT-KOL04,CRANE,2026-06-29,5
S-CAT-KOL04,CRANE,2026-06-30,8
S-CAT-KOL04,CRANE,2026-07-01,8
S-CAT-KOL04,CRANE,2026-07-02,8
S-CAT-KOL04,CRANE,2026-07-03,7
S-CAT-KOL04,CRANE,2026-07-04,3
S-CAT-KOL04,CRANE,2026-07-05,4
S-CAT-KOL04,CRANE,2026-07-06,5
S-CAT-KOL04,CRANE,2026-07-07,8
S-CAT-KOL04,CRANE,2026-07-08,7
S-CAT-KOL04,CRANE,2026-07-09,6
S-CAT-KOL04,CRANE,2026-07-10,6
S-CAT-KOL04,CRANE,2026-07-11,3
S-CAT-KOL04,CRANE,2026-07-12,4
S-CAT-KOL04,CRANE,2026-07-13,7
S-CAT-KOL04,CRANE,2026-07-14,5
S-CAT-KOL04,CRANE,2026-07-15,5
S-CAT-KOL04,CRANE,2026-07-16,8
S-CAT-KOL04,CRANE,2026-07-17,5
S-CAT-KOL04,CRANE,2026-07-18,4
S-CAT-KOL04,CRANE,2026-07-19,4
S-CAT-KOL04,CRANE,2026-07-20,6
S-CAT-KOL04,CRANE,2026-07-21,6
S-CAT-KOL04,CRANE,2026-07-22,8
S-CAT-KOL04,CRANE,2026-07-23,5
S-CAT-KOL04,CRANE,2026-07-24,5
S-CAT-KOL04,CRANE,2026-07-25,3
S-CAT-KOL04,CRANE,2026-07-26,3
S-CAT-KOL04,CRANE,2026-07-27,8
S-CAT-KOL04,CRANE,2026-07-28,8
S-CAT-KOL04,CRANE,2026-07-29,7
S-CAT-KOL04,CRANE,2026-07-30,6
S-CAT-KOL04,CRANE,2026-07-31,5
S-CAT-KOL04,CRANE,2026-08-01,4
S-CAT-KOL04,CRANE,2026-08-02,4
S-CAT-KOL04,CRANE,2026-08-03,8
S-CAT-KOL04,CRANE,2026-08-04,7
S-CAT-KOL04,CRANE,2026-08-05,6
S-CAT-KOL04,CRANE,2026-08-06,7
S-CAT-KOL04,CRANE,2026-08-07,5
S-CAT-KOL04,CRANE,2026-08-08,4
S-CAT-KOL04,CRANE,2026-08-09,3
S-CAT-KOL04,CRANE,2026-08-10,8
S-CAT-KOL04,CRANE,2026-08-11,8
S-CAT-KOL04,CRANE,2026-08-12,8
S-CAT-KOL04,CRANE,2026-08-13,8
S-CAT-KOL04,CRANE,2026-08-14,7
S-CAT-KOL04,CRANE,2026-08-15,4
S-CAT-KOL04,CRANE,2026-08-16,3
S-CAT-KOL04,CRANE,2026-08-17,8
S-CAT-KOL04,CRANE,2026-08-18,7
S-CAT-KOL04,CRANE,2026-08-19,6
S-CAT-KOL04,CRANE,2026-08-20,8
S-CAT-KOL04,CRANE,2026-08-21,8
S-CAT-KOL04,CRANE,2026-08-22,3
S-CAT-KOL04,CRANE,2026-08-23,3
S-CAT-KOL04,CRANE,2026-08-24,7
S-CAT-KOL04,CRANE,2026-08-25,8
S-CAT-KOL04,CRANE,2026-08-26,6
S-CAT-KOL04,CRANE,2026-08-27,6
S-CAT-KOL04,CRANE,2026-08-28,8
S-CAT-KOL04,CRANE,2026-08-29,3
S-CAT-KOL04,CRANE,2026-08-30,4
S-CAT-KOL04,CRANE,2026-08-31,8
S-CAT-KOL04,CRANE,2026-09-01,8
S-CAT-DEL05,EXCAVATOR,2026-05-05,4
S-CAT-DEL05,EXCAVATOR,2026-05-06,3
S-CAT-DEL05,EXCAVATOR,2026-05-07,2
S-CAT-DEL05,EXCAVATOR,2026-05-08,2
S-CAT-DEL05,EXCAVATOR,2026-05-09,1
S-CAT-DEL05,EXCAVATOR,2026-05-10,1
S-CAT-DEL05,EXCAVATOR,2026-05-11,4
S-CAT-DEL05,EXCAVATOR,2026-05-12,3
S-CAT-DEL05,EXCAVATOR,2026-05-13,1
S-CAT-DEL05,EXCAVATOR,2026-05-14,1
S-CAT-DEL05,EXCAVATOR,2026-05-15,1
S-CAT-DEL05,EXCAVATOR,2026-05-16,0
S-CAT-DEL05,EXCAVATOR,2026-05-17,2
S-CAT-DEL05,EXCAVATOR,2026-05-18,4
S-CAT-DEL05,EXCAVATOR,2026-05-19,1
S-CAT-DEL05,EXCAVATOR,2026-05-20,4
S-CAT-DEL05,EXCAVATOR,2026-05-21,3
S-CAT-DEL05,EXCAVATOR,2026-05-22,3
S-CAT-DEL05,EXCAVATOR,2026-05-23,1
S-CAT-DEL05,EXCAVATOR,2026-05-24,0
S-CAT-DEL05,EXCAVATOR,2026-05-25,1
S-CAT-DEL05,EXCAVATOR,2026-05-26,1
S-CAT-DEL05,EXCAVATOR,2026-05-27,4
S-CAT-DEL05,EXCAVATOR,2026-05-28,2
S-CAT-DEL05,EXCAVATOR,2026-05-29,2
S-CAT-DEL05,EXCAVATOR,2026-05-30,2
S-CAT-DEL05,EXCAVATOR,2026-05-31,0
S-CAT-DEL05,EXCAVATOR,2026-06-01,1
S-CAT-DEL05,EXCAVATOR,2026-06-02,4
S-CAT-DEL05,EXCAVATOR,2026-06-03,3
S-CAT-DEL05,EXCAVATOR,2026-06-04,3
S-CAT-DEL05,EXCAVATOR,2026-06-05,4
S-CAT-DEL05,EXCAVATOR,2026-06-06,2
S-CAT-DEL05,EXCAVATOR,2026-06-07,1
S-CAT-DEL05,EXCAVATOR,2026-06-08,3
S-CAT-DEL05,EXCAVATOR,2026-06-09,2
S-CAT-DEL05,EXCAVATOR,2026-06-10,2
S-CAT-DEL05,EXCAVATOR,2026-06-11,2
S-CAT-DEL05,EXCAVATOR,2026-06-12,1
S-CAT-DEL05,EXCAVATOR,2026-06-13,1
S-CAT-DEL05,EXCAVATOR,2026-06-14,0
S-CAT-DEL05,EXCAVATOR,2026-06-15,4
S-CAT-DEL05,EXCAVATOR,2026-06-16,1
S-CAT-DEL05,EXCAVATOR,2026-06-17,1
S-CAT-DEL05,EXCAVATOR,2026-06-18,4
S-CAT-DEL05,EXCAVATOR,2026-06-19,1
S-CAT-DEL05,EXCAVATOR,2026-06-20,0
S-CAT-DEL05,EXCAVATOR,2026-06-21,1
S-CAT-DEL05,EXCAVATOR,2026-06-22,4
S-CAT-DEL05,EXCAVATOR,2026-06-23,4
S-CAT-DEL05,EXCAVATOR,2026-06-24,4
S-CAT-DEL05,EXCAVATOR,2026-06-25,4
S-CAT-DEL05,EXCAVATOR,2026-06-26,3
S-CAT-DEL05,EXCAVATOR,2026-06-27,1
S-CAT-DEL05,EXCAVATOR,2026-06-28,2
S-CAT-DEL05,EXCAVATOR,2026-06-29,3
S-CAT-DEL05,EXCAVATOR,2026-06-30,1
S-CAT-DEL05,EXCAVATOR,2026-07-01,2
S-CAT-DEL05,EXCAVATOR,2026-07-02,2
S-CAT-DEL05,EXCAVATOR,2026-07-03,1
S-CAT-DEL05,EXCAVATOR,2026-07-04,1
S-CAT-DEL05,EXCAVATOR,2026-07-05,0
S-CAT-DEL05,EXCAVATOR,2026-07-06,1
S-CAT-DEL05,EXCAVATOR,2026-07-07,2
S-CAT-DEL05,EXCAVATOR,2026-07-08,1
S-CAT-DEL05,EXCAVATOR,2026-07-09,2
S-CAT-DEL05,EXCAVATOR,2026-07-10,4
S-CAT-DEL05,EXCAVATOR,2026-07-11,1
S-CAT-DEL05,EXCAVATOR,2026-07-12,1
S-CAT-DEL05,EXCAVATOR,2026-07-13,4
S-CAT-DEL05,EXCAVATOR,2026-07-14,2
S-CAT-DEL05,EXCAVATOR,2026-07-15,1
S-CAT-DEL05,EXCAVATOR,2026-07-16,3
S-CAT-DEL05,EXCAVATOR,2026-07-17,4
S-CAT-DEL05,EXCAVATOR,2026-07-18,1
S-CAT-DEL05,EXCAVATOR,2026-07-19,2
S-CAT-DEL05,EXCAVATOR,2026-07-20,4
S-CAT-DEL05,EXCAVATOR,2026-07-21,1
S-CAT-DEL05,EXCAVATOR,2026-07-22,1
S-CAT-DEL05,EXCAVATOR,2026-07-23,2
S-CAT-DEL05,EXCAVATOR,2026-07-24,2
S-CAT-DEL05,EXCAVATOR,2026-07-25,2
S-CAT-DEL05,EXCAVATOR,2026-07-26,2
S-CAT-DEL05,EXCAVATOR,2026-07-27,4
S-CAT-DEL05,EXCAVATOR,2026-07-28,1
S-CAT-DEL05,EXCAVATOR,2026-07-29,4
S-CAT-DEL05,EXCAVATOR,2026-07-30,2
S-CAT-DEL05,EXCAVATOR,2026-07-31,2
S-CAT-DEL05,EXCAVATOR,2026-08-01,1
S-CAT-DEL05,EXCAVATOR,2026-08-02,2
S-CAT-DEL05,EXCAVATOR,2026-08-03,1
S-CAT-DEL05,EXCAVATOR,2026-08-04,3
S-CAT-DEL05,EXCAVATOR,2026-08-05,1
S-CAT-DEL05,EXCAVATOR,2026-08-06,1
S-CAT-DEL05,EXCAVATOR,2026-08-07,4
S-CAT-DEL05,EXCAVATOR,2026-08-08,2
S-CAT-DEL05,EXCAVATOR,2026-08-09,2
S-CAT-DEL05,EXCAVATOR,2026-08-10,3
S-CAT-DEL05,EXCAVATOR,2026-08-11,1
S-CAT-DEL05,EXCAVATOR,2026-08-12,4
S-CAT-DEL05,EXCAVATOR,2026-08-13,4
S-CAT-DEL05,EXCAVATOR,2026-08-14,4
S-CAT-DEL05,EXCAVATOR,2026-08-15,2
S-CAT-DEL05,EXCAVATOR,2026-08-16,1
S-CAT-DEL05,EXCAVATOR,2026-08-17,1
S-CAT-DEL05,EXCAVATOR,2026-08-18,1
S-CAT-DEL05,EXCAVATOR,2026-08-19,4
S-CAT-DEL05,EXCAVATOR,2026-08-20,3
S-CAT-DEL05,EXCAVATOR,2026-08-21,1
S-CAT-DEL05,EXCAVATOR,2026-08-22,1
S-CAT-DEL05,EXCAVATOR,2026-08-23,2
S-CAT-DEL05,EXCAVATOR,2026-08-24,4
S-CAT-DEL05,EXCAVATOR,2026-08-25,1
S-CAT-DEL05,EXCAVATOR,2026-08-26,4
S-CAT-DEL05,EXCAVATOR,2026-08-27,3
S-CAT-DEL05,EXCAVATOR,2026-08-28,4
S-CAT-DEL05,EXCAVATOR,2026-08-29,2
S-CAT-DEL05,EXCAVATOR,2026-08-30,0
S-CAT-DEL05,EXCAVATOR,2026-08-31,2
S-CAT-DEL05,EXCAVATOR,2026-09-01,3
S-CAT-DEL05,EXCAVATOR,2026-05-05,5
S-CAT-DEL05,EXCAVATOR,2026-05-06,4
S-CAT-DEL05,EXCAVATOR,2026-05-07,5
S-CAT-DEL05,EXCAVATOR,2026-05-08,3
S-CAT-DEL05,EXCAVATOR,2026-05-09,1
S-CAT-DEL05,EXCAVATOR,2026-05-10,2
S-CAT-DEL05,EXCAVATOR,2026-05-11,5
S-CAT-DEL05,EXCAVATOR,2026-05-12,3
S-CAT-DEL05,EXCAVATOR,2026-05-13,4
S-CAT-DEL05,EXCAVATOR,2026-05-14,5
S-CAT-DEL05,EXCAVATOR,2026-05-15,5
S-CAT-DEL05,EXCAVATOR,2026-05-16,2
S-CAT-DEL05,EXCAVATOR,2026-05-17,3
S-CAT-DEL05,EXCAVATOR,2026-05-18,3
S-CAT-DEL05,EXCAVATOR,2026-05-19,3
S-CAT-DEL05,EXCAVATOR,2026-05-20,4
S-CAT-DEL05,EXCAVATOR,2026-05-21,2
S-CAT-DEL05,EXCAVATOR,2026-05-22,5
S-CAT-DEL05,EXCAVATOR,2026-05-23,1
S-CAT-DEL05,EXCAVATOR,2026-05-24,1
S-CAT-DEL05,EXCAVATOR,2026-05-25,3
S-CAT-DEL05,EXCAVATOR,2026-05-26,3
S-CAT-DEL05,EXCAVATOR,2026-05-27,5
S-CAT-DEL05,EXCAVATOR,2026-05-28,2
S-CAT-DEL05,EXCAVATOR,2026-05-29,5
S-CAT-DEL05,EXCAVATOR,2026-05-30,3
S-CAT-DEL05,EXCAVATOR,2026-05-31,2
S-CAT-DEL05,EXCAVATOR,2026-06-01,3
S-CAT-DEL05,EXCAVATOR,2026-06-02,3
S-CAT-DEL05,EXCAVATOR,2026-06-03,2
S-CAT-DEL05,EXCAVATOR,2026-06-04,2
S-CAT-DEL05,EXCAVATOR,2026-06-05,4
S-CAT-DEL05,EXCAVATOR,2026-06-06,2
S-CAT-DEL05,EXCAVATOR,2026-06-07,2
S-CAT-DEL05,EXCAVATOR,2026-06-08,3
S-CAT-DEL05,EXCAVATOR,2026-06-09,3
S-CAT-DEL05,EXCAVATOR,2026-06-10,2
S-CAT-DEL05,EXCAVATOR,2026-06-11,2
S-CAT-DEL05,EXCAVATOR,2026-06-12,4
S-CAT-DEL05,EXCAVATOR,2026-06-13,3
S-CAT-DEL05,EXCAVATOR,2026-06-14,1
S-CAT-DEL05,EXCAVATOR,2026-06-15,3
S-CAT-DEL05,EXCAVATOR,2026-06-16,2
S-CAT-DEL05,EXCAVATOR,2026-06-17,3
S-CAT-DEL05,EXCAVATOR,2026-06-18,5
S-CAT-DEL05,EXCAVATOR,2026-06-19,4
S-CAT-DEL05,EXCAVATOR,2026-06-20,2
S-CAT-DEL05,EXCAVATOR,2026-06-21,2
S-CAT-DEL05,EXCAVATOR,2026-06-22,2
S-CAT-DEL05,EXCAVATOR,2026-06-23,4
S-CAT-DEL05,EXCAVATOR,2026-06-24,3
S-CAT-DEL05,EXCAVATOR,2026-06-25,2
S-CAT-DEL05,EXCAVATOR,2026-06-26,2
S-CAT-DEL05,EXCAVATOR,2026-06-27,3
S-CAT-DEL05,EXCAVATOR,2026-06-28,3
S-CAT-DEL05,EXCAVATOR,2026-06-29,2
S-CAT-DEL05,EXCAVATOR,2026-06-30,2
S-CAT-DEL05,EXCAVATOR,2026-07-01,2
S-CAT-DEL05,EXCAVATOR,2026-07-02,2
S-CAT-DEL05,EXCAVATOR,2026-07-03,2
S-CAT-DEL05,EXCAVATOR,2026-07-04,1
S-CAT-DEL05,EXCAVATOR,2026-07-05,1
S-CAT-DEL05,EXCAVATOR,2026-07-06,3
S-CAT-DEL05,EXCAVATOR,2026-07-07,4
S-CAT-DEL05,EXCAVATOR,2026-07-08,3
S-CAT-DEL05,EXCAVATOR,2026-07-09,4
S-CAT-DEL05,EXCAVATOR,2026-07-10,5
S-CAT-DEL05,EXCAVATOR,2026-07-11,3
S-CAT-DEL05,EXCAVATOR,2026-07-12,1
S-CAT-DEL05,EXCAVATOR,2026-07-13,3
S-CAT-DEL05,EXCAVATOR,2026-07-14,4
S-CAT-DEL05,EXCAVATOR,2026-07-15,4
S-CAT-DEL05,EXCAVATOR,2026-07-16,3
S-CAT-DEL05,EXCAVATOR,2026-07-17,2
S-CAT-DEL05,EXCAVATOR,2026-07-18,1
S-CAT-DEL05,EXCAVATOR,2026-07-19,3
S-CAT-DEL05,EXCAVATOR,2026-07-20,5
S-CAT-DEL05,EXCAVATOR,2026-07-21,2
S-CAT-DEL05,EXCAVATOR,2026-07-22,3
S-CAT-DEL05,EXCAVATOR,2026-07-23,5
S-CAT-DEL05,EXCAVATOR,2026-07-24,4
S-CAT-DEL05,EXCAVATOR,2026-07-25,2
S-CAT-DEL05,EXCAVATOR,2026-07-26,1
S-CAT-DEL05,EXCAVATOR,2026-07-27,2
S-CAT-DEL05,EXCAVATOR,2026-07-28,4
S-CAT-DEL05,EXCAVATOR,2026-07-29,4
S-CAT-DEL05,EXCAVATOR,2026-07-30,5
S-CAT-DEL05,EXCAVATOR,2026-07-31,4
S-CAT-DEL05,EXCAVATOR,2026-08-01,1
S-CAT-DEL05,EXCAVATOR,2026-08-02,1
S-CAT-DEL05,EXCAVATOR,2026-08-03,5
S-CAT-DEL05,EXCAVATOR,2026-08-04,3
S-CAT-DEL05,EXCAVATOR,2026-08-05,3
S-CAT-DEL05,EXCAVATOR,2026-08-06,5
S-CAT-DEL05,EXCAVATOR,2026-08-07,5
S-CAT-DEL05,EXCAVATOR,2026-08-08,3
S-CAT-DEL05,EXCAVATOR,2026-08-09,3
S-CAT-DEL05,EXCAVATOR,2026-08-10,4
S-CAT-DEL05,EXCAVATOR,2026-08-11,2
S-CAT-DEL05,EXCAVATOR,2026-08-12,5
S-CAT-DEL05,EXCAVATOR,2026-08-13,3
S-CAT-DEL05,EXCAVATOR,2026-08-14,2
S-CAT-DEL05,EXCAVATOR,2026-08-15,1
S-CAT-DEL05,EXCAVATOR,2026-08-16,1
S-CAT-DEL05,EXCAVATOR,2026-08-17,4
S-CAT-DEL05,EXCAVATOR,2026-08-18,4
S-CAT-DEL05,EXCAVATOR,2026-08-19,5
S-CAT-DEL05,EXCAVATOR,2026-08-20,3
S-CAT-DEL05,EXCAVATOR,2026-08-21,5
S-CAT-DEL05,EXCAVATOR,2026-08-22,1
S-CAT-DEL05,EXCAVATOR,2026-08-23,3
S-CAT-DEL05,EXCAVATOR,2026-08-24,2
S-CAT-DEL05,EXCAVATOR,2026-08-25,3
S-CAT-DEL05,EXCAVATOR,2026-08-26,2
S-CAT-DEL05,EXCAVATOR,2026-08-27,4
S-CAT-DEL05,EXCAVATOR,2026-08-28,5
S-CAT-DEL05,EXCAVATOR,2026-08-29,3
S-CAT-DEL05,EXCAVATOR,2026-08-30,2
S-CAT-DEL05,EXCAVATOR,2026-08-31,4
S-CAT-DEL05,EXCAVATOR,2026-09-01,4
S-CAT-DEL05,BULLDOZER,2026-05-05,3
S-CAT-DEL05,BULLDOZER,2026-05-06,2
S-CAT-DEL05,BULLDOZER,2026-05-07,4
S-CAT-DEL05,BULLDOZER,2026-05-08,4
S-CAT-DEL05,BULLDOZER,2026-05-09,1
S-CAT-DEL05,BULLDOZER,2026-05-10,2
S-CAT-DEL05,BULLDOZER,2026-05-11,3
S-CAT-DEL05,BULLDOZER,2026-05-12,4
S-CAT-DEL05,BULLDOZER,2026-05-13,2
S-CAT-DEL05,BULLDOZER,2026-05-14,3
S-CAT-DEL05,BULLDOZER,2026-05-15,1
S-CAT-DEL05,BULLDOZER,2026-05-16,0
S-CAT-DEL05,BULLDOZER,2026-05-17,1
S-CAT-DEL05,BULLDOZER,2026-05-18,4
S-CAT-DEL05,BULLDOZER,2026-05-19,2
S-CAT-DEL05,BULLDOZER,2026-05-20,3
S-CAT-DEL05,BULLDOZER,2026-05-21,2
S-CAT-DEL05,BULLDOZER,2026-05-22,1
S-CAT-DEL05,BULLDOZER,2026-05-23,1
S-CAT-DEL05,BULLDOZER,2026-05-24,1
S-CAT-DEL05,BULLDOZER,2026-05-25,2
S-CAT-DEL05,BULLDOZER,2026-05-26,1
S-CAT-DEL05,BULLDOZER,2026-05-27,1
S-CAT-DEL05,BULLDOZER,2026-05-28,3
S-CAT-DEL05,BULLDOZER,2026-05-29,2
S-CAT-DEL05,BULLDOZER,2026-05-30,1
S-CAT-DEL05,BULLDOZER,2026-05-31,2
S-CAT-DEL05,BULLDOZER,2026-06-01,1
S-CAT-DEL05,BULLDOZER,2026-06-02,1
S-CAT-DEL05,BULLDOZER,2026-06-03,3
S-CAT-DEL05,BULLDOZER,2026-06-04,3
S-CAT-DEL05,BULLDOZER,2026-06-05,3
S-CAT-DEL05,BULLDOZER,2026-06-06,0
S-CAT-DEL05,BULLDOZER,2026-06-07,0
S-CAT-DEL05,BULLDOZER,2026-06-08,1
S-CAT-DEL05,BULLDOZER,2026-06-09,4
S-CAT-DEL05,BULLDOZER,2026-06-10,3
S-CAT-DEL05,BULLDOZER,2026-06-11,1
S-CAT-DEL05,BULLDOZER,2026-06-12,4
S-CAT-DEL05,BULLDOZER,2026-06-13,1
S-CAT-DEL05,BULLDOZER,2026-06-14,1
S-CAT-DEL05,BULLDOZER,2026-06-15,2
S-CAT-DEL05,BULLDOZER,2026-06-16,3
S-CAT-DEL05,BULLDOZER,2026-06-17,3
S-CAT-DEL05,BULLDOZER,2026-06-18,3
S-CAT-DEL05,BULLDOZER,2026-06-19,2
S-CAT-DEL05,BULLDOZER,2026-06-20,2
S-CAT-DEL05,BULLDOZER,2026-06-21,1
S-CAT-DEL05,BULLDOZER,2026-06-22,1
S-CAT-DEL05,BULLDOZER,2026-06-23,3
S-CAT-DEL05,BULLDOZER,2026-06-24,2
S-CAT-DEL05,BULLDOZER,2026-06-25,3
S-CAT-DEL05,BULLDOZER,2026-06-26,4
S-CAT-DEL05,BULLDOZER,2026-06-27,0
S-CAT-DEL05,BULLDOZER,2026-06-28,1
S-CAT-DEL05,BULLDOZER,2026-06-29,4
S-CAT-DEL05,BULLDOZER,2026-06-30,4
S-CAT-DEL05,BULLDOZER,2026-07-01,1
S-CAT-DEL05,BULLDOZER,2026-07-02,1
S-CAT-DEL05,BULLDOZER,2026-07-03,1
S-CAT-DEL05,BULLDOZER,2026-07-04,2
S-CAT-DEL05,BULLDOZER,2026-07-05,1
S-CAT-DEL05,BULLDOZER,2026-07-06,4
S-CAT-DEL05,BULLDOZER,2026-07-07,2
S-CAT-DEL05,BULLDOZER,2026-07-08,4
S-CAT-DEL05,BULLDOZER,2026-07-09,1
S-CAT-DEL05,BULLDOZER,2026-07-10,3
S-CAT-DEL05,BULLDOZER,2026-07-11,2
S-CAT-DEL05,BULLDOZER,2026-07-12,2
S-CAT-DEL05,BULLDOZER,2026-07-13,3
S-CAT-DEL05,BULLDOZER,2026-07-14,4
S-CAT-DEL05,BULLDOZER,2026-07-15,4
S-CAT-DEL05,BULLDOZER,2026-07-16,4
S-CAT-DEL05,BULLDOZER,2026-07-17,4
S-CAT-DEL05,BULLDOZER,2026-07-18,2
S-CAT-DEL05,BULLDOZER,2026-07-19,1
S-CAT-DEL05,BULLDOZER,2026-07-20,2
S-CAT-DEL05,BULLDOZER,2026-07-21,2
S-CAT-DEL05,BULLDOZER,2026-07-22,4
S-CAT-DEL05,BULLDOZER,2026-07-23,4
S-CAT-DEL05,BULLDOZER,2026-07-24,2
S-CAT-DEL05,BULLDOZER,2026-07-25,0
S-CAT-DEL05,BULLDOZER,2026-07-26,1
S-CAT-DEL05,BULLDOZER,2026-07-27,4
S-CAT-DEL05,BULLDOZER,2026-07-28,4
S-CAT-DEL05,BULLDOZER,2026-07-29,1
S-CAT-DEL05,BULLDOZER,2026-07-30,2
S-CAT-DEL05,BULLDOZER,2026-07-31,3
S-CAT-DEL05,BULLDOZER,2026-08-01,0
S-CAT-DEL05,BULLDOZER,2026-08-02,2
S-CAT-DEL05,BULLDOZER,2026-08-03,1
S-CAT-DEL05,BULLDOZER,2026-08-04,1
S-CAT-DEL05,BULLDOZER,2026-08-05,3
S-CAT-DEL05,BULLDOZER,2026-08-06,3
S-CAT-DEL05,BULLDOZER,2026-08-07,1
S-CAT-DEL05,BULLDOZER,2026-08-08,1
S-CAT-DEL05,BULLDOZER,2026-08-09,0
S-CAT-DEL05,BULLDOZER,2026-08-10,3
S-CAT-DEL05,BULLDOZER,2026-08-11,3
S-CAT-DEL05,BULLDOZER,2026-08-12,3
S-CAT-DEL05,BULLDOZER,2026-08-13,3
S-CAT-DEL05,BULLDOZER,2026-08-14,3
S-CAT-DEL05,BULLDOZER,2026-08-15,2
S-CAT-DEL05,BULLDOZER,2026-08-16,0
S-CAT-DEL05,BULLDOZER,2026-08-17,2
S-CAT-DEL05,BULLDOZER,2026-08-18,2
S-CAT-DEL05,BULLDOZER,2026-08-19,4
S-CAT-DEL05,BULLDOZER,2026-08-20,1
S-CAT-DEL05,BULLDOZER,2026-08-21,3
S-CAT-DEL05,BULLDOZER,2026-08-22,1
S-CAT-DEL05,BULLDOZER,2026-08-23,1
S-CAT-DEL05,BULLDOZER,2026-08-24,2
S-CAT-DEL05,BULLDOZER,2026-08-25,4
S-CAT-DEL05,BULLDOZER,2026-08-26,1
S-CAT-DEL05,BULLDOZER,2026-08-27,1
S-CAT-DEL05,BULLDOZER,2026-08-28,3
S-CAT-DEL05,BULLDOZER,2026-08-29,0
S-CAT-DEL05,BULLDOZER,2026-08-30,0
S-CAT-DEL05,BULLDOZER,2026-08-31,4
S-CAT-DEL05,BULLDOZER,2026-09-01,4
S-CAT-DEL05,BULLDOZER,2026-05-05,7
S-CAT-DEL05,BULLDOZER,2026-05-06,8
S-CAT-DEL05,BULLDOZER,2026-05-07,7
S-CAT-DEL05,BULLDOZER,2026-05-08,8
S-CAT-DEL05,BULLDOZER,2026-05-09,4
S-CAT-DEL05,BULLDOZER,2026-05-10,3
S-CAT-DEL05,BULLDOZER,2026-05-11,6
S-CAT-DEL05,BULLDOZER,2026-05-12,8
S-CAT-DEL05,BULLDOZER,2026-05-13,8
S-CAT-DEL05,BULLDOZER,2026-05-14,8
S-CAT-DEL05,BULLDOZER,2026-05-15,6
S-CAT-DEL05,BULLDOZER,2026-05-16,4
S-CAT-DEL05,BULLDOZER,2026-05-17,3
S-CAT-DEL05,BULLDOZER,2026-05-18,8
S-CAT-DEL05,BULLDOZER,2026-05-19,8
S-CAT-DEL05,BULLDOZER,2026-05-20,6
S-CAT-DEL05,BULLDOZER,2026-05-21,8
S-CAT-DEL05,BULLDOZER,2026-05-22,7
S-CAT-DEL05,BULLDOZER,2026-05-23,3
S-CAT-DEL05,BULLDOZER,2026-05-24,4
S-CAT-DEL05,BULLDOZER,2026-05-25,7
S-CAT-DEL05,BULLDOZER,2026-05-26,5
S-CAT-DEL05,BULLDOZER,2026-05-27,6
S-CAT-DEL05,BULLDOZER,2026-05-28,5
S-CAT-DEL05,BULLDOZER,2026-05-29,7
S-CAT-DEL05,BULLDOZER,2026-05-30,3
S-CAT-DEL05,BULLDOZER,2026-05-31,3
S-CAT-DEL05,BULLDOZER,2026-06-01,6
S-CAT-DEL05,BULLDOZER,2026-06-02,5
S-CAT-DEL05,BULLDOZER,2026-06-03,6
S-CAT-DEL05,BULLDOZER,2026-06-04,8
S-CAT-DEL05,BULLDOZER,2026-06-05,5
S-CAT-DEL05,BULLDOZER,2026-06-06,3
S-CAT-DEL05,BULLDOZER,2026-06-07,3
S-CAT-DEL05,BULLDOZER,2026-06-08,5
S-CAT-DEL05,BULLDOZER,2026-06-09,7
S-CAT-DEL05,BULLDOZER,2026-06-10,6
S-CAT-DEL05,BULLDOZER,2026-06-11,6
S-CAT-DEL05,BULLDOZER,2026-06-12,8
S-CAT-DEL05,BULLDOZER,2026-06-13,3
S-CAT-DEL05,BULLDOZER,2026-06-14,4
S-CAT-DEL05,BULLDOZER,2026-06-15,8
S-CAT-DEL05,BULLDOZER,2026-06-16,5
S-CAT-DEL05,BULLDOZER,2026-06-17,8
S-CAT-DEL05,BULLDOZER,2026-06-18,5
S-CAT-DEL05,BULLDOZER,2026-06-19,7
S-CAT-DEL05,BULLDOZER,2026-06-20,4
S-CAT-DEL05,BULLDOZER,2026-06-21,3
S-CAT-DEL05,BULLDOZER,2026-06-22,8
S-CAT-DEL05,BULLDOZER,2026-06-23,5
S-CAT-DEL05,BULLDOZER,2026-06-24,7
S-CAT-DEL05,BULLDOZER,2026-06-25,8
S-CAT-DEL05,BULLDOZER,2026-06-26,7
S-CAT-DEL05,BULLDOZER,2026-06-27,3
S-CAT-DEL05,BULLDOZER,2026-06-28,3
S-CAT-DEL05,BULLDOZER,2026-06-29,5
S-CAT-DEL05,BULLDOZER,2026-06-30,6
S-CAT-DEL05,BULLDOZER,2026-07-01,7
S-CAT-DEL05,BULLDOZER,2026-07-02,6
S-CAT-DEL05,BULLDOZER,2026-07-03,6
S-CAT-DEL05,BULLDOZER,2026-07-04,4
S-CAT-DEL05,BULLDOZER,2026-07-05,3
S-CAT-DEL05,BULLDOZER,2026-07-06,6
S-CAT-DEL05,BULLDOZER,2026-07-07,7
S-CAT-DEL05,BULLDOZER,2026-07-08,8
S-CAT-DEL05,BULLDOZER,2026-07-09,6
S-CAT-DEL05,BULLDOZER,2026-07-10,5
S-CAT-DEL05,BULLDOZER,2026-07-11,4
S-CAT-DEL05,BULLDOZER,2026-07-12,3
S-CAT-DEL05,BULLDOZER,2026-07-13,5
S-CAT-DEL05,BULLDOZER,2026-07-14,5
S-CAT-DEL05,BULLDOZER,2026-07-15,7
S-CAT-DEL05,BULLDOZER,2026-07-16,8
S-CAT-DEL05,BULLDOZER,2026-07-17,5
S-CAT-DEL05,BULLDOZER,2026-07-18,4
S-CAT-DEL05,BULLDOZER,2026-07-19,3
S-CAT-DEL05,BULLDOZER,2026-07-20,8
S-CAT-DEL05,BULLDOZER,2026-07-21,7
S-CAT-DEL05,BULLDOZER,2026-07-22,7
S-CAT-DEL05,BULLDOZER,2026-07-23,8
S-CAT-DEL05,BULLDOZER,2026-07-24,5
S-CAT-DEL05,BULLDOZER,2026-07-25,3
S-CAT-DEL05,BULLDOZER,2026-07-26,3
S-CAT-DEL05,BULLDOZER,2026-07-27,6
S-CAT-DEL05,BULLDOZER,2026-07-28,6
S-CAT-DEL05,BULLDOZER,2026-07-29,8
S-CAT-DEL05,BULLDOZER,2026-07-30,8
S-CAT-DEL05,BULLDOZER,2026-07-31,5
S-CAT-DEL05,BULLDOZER,2026-08-01,4
S-CAT-DEL05,BULLDOZER,2026-08-02,3
S-CAT-DEL05,BULLDOZER,2026-08-03,7
S-CAT-DEL05,BULLDOZER,2026-08-04,8
S-CAT-DEL05,BULLDOZER,2026-08-05,8
S-CAT-DEL05,BULLDOZER,2026-08-06,5
S-CAT-DEL05,BULLDOZER,2026-08-07,8
S-CAT-DEL05,BULLDOZER,2026-08-08,3
S-CAT-DEL05,BULLDOZER,2026-08-09,4
S-CAT-DEL05,BULLDOZER,2026-08-10,6
S-CAT-DEL05,BULLDOZER,2026-08-11,5
S-CAT-DEL05,BULLDOZER,2026-08-12,7
S-CAT-DEL05,BULLDOZER,2026-08-13,5
S-CAT-DEL05,BULLDOZER,2026-08-14,6
S-CAT-DEL05,BULLDOZER,2026-08-15,3
S-CAT-DEL05,BULLDOZER,2026-08-16,4
S-CAT-DEL05,BULLDOZER,2026-08-17,8
S-CAT-DEL05,BULLDOZER,2026-08-18,8
S-CAT-DEL05,BULLDOZER,2026-08-19,5
S-CAT-DEL05,BULLDOZER,2026-08-20,6
S-CAT-DEL05,BULLDOZER,2026-08-21,6
S-CAT-DEL05,BULLDOZER,2026-08-22,4
S-CAT-DEL05,BULLDOZER,2026-08-23,3
S-CAT-DEL05,BULLDOZER,2026-08-24,6
S-CAT-DEL05,BULLDOZER,2026-08-25,8
S-CAT-DEL05,BULLDOZER,2026-08-26,8
S-CAT-DEL05,BULLDOZER,2026-08-27,5
S-CAT-DEL05,BULLDOZER,2026-08-28,5
S-CAT-DEL05,BULLDOZER,2026-08-29,4
S-CAT-DEL05,BULLDOZER,2026-08-30,4
S-CAT-DEL05,BULLDOZER,2026-08-31,6
S-CAT-DEL05,BULLDOZER,2026-09-01,5
S-CAT-DEL05,WHEEL_LOADER,2026-05-05,4
S-CAT-DEL05,WHEEL_LOADER,2026-05-06,3
S-CAT-DEL05,WHEEL_LOADER,2026-05-07,3
S-CAT-DEL05,WHEEL_LOADER,2026-05-08,4
S-CAT-DEL05,WHEEL_LOADER,2026-05-09,1
S-CAT-DEL05,WHEEL_LOADER,2026-05-10,1
S-CAT-DEL05,WHEEL_LOADER,2026-05-11,3
S-CAT-DEL05,WHEEL_LOADER,2026-05-12,1
S-CAT-DEL05,WHEEL_LOADER,2026-05-13,2
S-CAT-DEL05,WHEEL_LOADER,2026-05-14,1
S-CAT-DEL05,WHEEL_LOADER,2026-05-15,3
S-CAT-DEL05,WHEEL_LOADER,2026-05-16,0
S-CAT-DEL05,WHEEL_LOADER,2026-05-17,2
S-CAT-DEL05,WHEEL_LOADER,2026-05-18,1
S-CAT-DEL05,WHEEL_LOADER,2026-05-19,2
S-CAT-DEL05,WHEEL_LOADER,2026-05-20,3
S-CAT-DEL05,WHEEL_LOADER,2026-05-21,4
S-CAT-DEL05,WHEEL_LOADER,2026-05-22,2
S-CAT-DEL05,WHEEL_LOADER,2026-05-23,1
S-CAT-DEL05,WHEEL_LOADER,2026-05-24,1
S-CAT-DEL05,WHEEL_LOADER,2026-05-25,3
S-CAT-DEL05,WHEEL_LOADER,2026-05-26,4
S-CAT-DEL05,WHEEL_LOADER,2026-05-27,3
S-CAT-DEL05,WHEEL_LOADER,2026-05-28,2
S-CAT-DEL05,WHEEL_LOADER,2026-05-29,3
S-CAT-DEL05,WHEEL_LOADER,2026-05-30,1
S-CAT-DEL05,WHEEL_LOADER,2026-05-31,1
S-CAT-DEL05,WHEEL_LOADER,2026-06-01,4
S-CAT-DEL05,WHEEL_LOADER,2026-06-02,3
S-CAT-DEL05,WHEEL_LOADER,2026-06-03,1
S-CAT-DEL05,WHEEL_LOADER,2026-06-04,2
S-CAT-DEL05,WHEEL_LOADER,2026-06-05,1
S-CAT-DEL05,WHEEL_LOADER,2026-06-06,2
S-CAT-DEL05,WHEEL_LOADER,2026-06-07,0
S-CAT-DEL05,WHEEL_LOADER,2026-06-08,1
S-CAT-DEL05,WHEEL_LOADER,2026-06-09,2
S-CAT-DEL05,WHEEL_LOADER,2026-06-10,4
S-CAT-DEL05,WHEEL_LOADER,2026-06-11,4
S-CAT-DEL05,WHEEL_LOADER,2026-06-12,4
S-CAT-DEL05,WHEEL_LOADER,2026-06-13,0
S-CAT-DEL05,WHEEL_LOADER,2026-06-14,0
S-CAT-DEL05,WHEEL_LOADER,2026-06-15,1
S-CAT-DEL05,WHEEL_LOADER,2026-06-16,4
S-CAT-DEL05,WHEEL_LOADER,2026-06-17,1
S-CAT-DEL05,WHEEL_LOADER,2026-06-18,3
S-CAT-DEL05,WHEEL_LOADER,2026-06-19,4
S-CAT-DEL05,WHEEL_LOADER,2026-06-20,1
S-CAT-DEL05,WHEEL_LOADER,2026-06-21,2
S-CAT-DEL05,WHEEL_LOADER,2026-06-22,2
S-CAT-DEL05,WHEEL_LOADER,2026-06-23,1
S-CAT-DEL05,WHEEL_LOADER,2026-06-24,1
S-CAT-DEL05,WHEEL_LOADER,2026-06-25,4
S-CAT-DEL05,WHEEL_LOADER,2026-06-26,3
S-CAT-DEL05,WHEEL_LOADER,2026-06-27,1
S-CAT-DEL05,WHEEL_LOADER,2026-06-28,2
S-CAT-DEL05,WHEEL_LOADER,2026-06-29,1
S-CAT-DEL05,WHEEL_LOADER,2026-06-30,2
S-CAT-DEL05,WHEEL_LOADER,2026-07-01,1
S-CAT-DEL05,WHEEL_LOADER,2026-07-02,3
S-CAT-DEL05,WHEEL_LOADER,2026-07-03,3
S-CAT-DEL05,WHEEL_LOADER,2026-07-04,1
S-CAT-DEL05,WHEEL_LOADER,2026-07-05,0
S-CAT-DEL05,WHEEL_LOADER,2026-07-06,3
S-CAT-DEL05,WHEEL_LOADER,2026-07-07,2
S-CAT-DEL05,WHEEL_LOADER,2026-07-08,2
S-CAT-DEL05,WHEEL_LOADER,2026-07-09,4
S-CAT-DEL05,WHEEL_LOADER,2026-07-10,3
S-CAT-DEL05,WHEEL_LOADER,2026-07-11,0
S-CAT-DEL05,WHEEL_LOADER,2026-07-12,1
S-CAT-DEL05,WHEEL_LOADER,2026-07-13,4
S-CAT-DEL05,WHEEL_LOADER,2026-07-14,2
S-CAT-DEL05,WHEEL_LOADER,2026-07-15,1
S-CAT-DEL05,WHEEL_LOADER,2026-07-16,2
S-CAT-DEL05,WHEEL_LOADER,2026-07-17,4
S-CAT-DEL05,WHEEL_LOADER,2026-07-18,0
S-CAT-DEL05,WHEEL_LOADER,2026-07-19,1
S-CAT-DEL05,WHEEL_LOADER,2026-07-20,4
S-CAT-DEL05,WHEEL_LOADER,2026-07-21,2
S-CAT-DEL05,WHEEL_LOADER,2026-07-22,2
S-CAT-DEL05,WHEEL_LOADER,2026-07-23,2
S-CAT-DEL05,WHEEL_LOADER,2026-07-24,1
S-CAT-DEL05,WHEEL_LOADER,2026-07-25,1
S-CAT-DEL05,WHEEL_LOADER,2026-07-26,0
S-CAT-DEL05,WHEEL_LOADER,2026-07-27,2
S-CAT-DEL05,WHEEL_LOADER,2026-07-28,3
S-CAT-DEL05,WHEEL_LOADER,2026-07-29,2
S-CAT-DEL05,WHEEL_LOADER,2026-07-30,3
S-CAT-DEL05,WHEEL_LOADER,2026-07-31,2
S-CAT-DEL05,WHEEL_LOADER,2026-08-01,0
S-CAT-DEL05,WHEEL_LOADER,2026-08-02,1
S-CAT-DEL05,WHEEL_LOADER,2026-08-03,4
S-CAT-DEL05,WHEEL_LOADER,2026-08-04,1
S-CAT-DEL05,WHEEL_LOADER,2026-08-05,4
S-CAT-DEL05,WHEEL_LOADER,2026-08-06,1
S-CAT-DEL05,WHEEL_LOADER,2026-08-07,3
S-CAT-DEL05,WHEEL_LOADER,2026-08-08,2
S-CAT-DEL05,WHEEL_LOADER,2026-08-09,2
S-CAT-DEL05,WHEEL_LOADER,2026-08-10,3
S-CAT-DEL05,WHEEL_LOADER,2026-08-11,1
S-CAT-DEL05,WHEEL_LOADER,2026-08-12,4
S-CAT-DEL05,WHEEL_LOADER,2026-08-13,4
S-CAT-DEL05,WHEEL_LOADER,2026-08-14,3
S-CAT-DEL05,WHEEL_LOADER,2026-08-15,0
S-CAT-DEL05,WHEEL_LOADER,2026-08-16,1
S-CAT-DEL05,WHEEL_LOADER,2026-08-17,1
S-CAT-DEL05,WHEEL_LOADER,2026-08-18,3
S-CAT-DEL05,WHEEL_LOADER,2026-08-19,4
S-CAT-DEL05,WHEEL_LOADER,2026-08-20,4
S-CAT-DEL05,WHEEL_LOADER,2026-08-21,3
S-CAT-DEL05,WHEEL_LOADER,2026-08-22,0
S-CAT-DEL05,WHEEL_LOADER,2026-08-23,2
S-CAT-DEL05,WHEEL_LOADER,2026-08-24,2
S-CAT-DEL05,WHEEL_LOADER,2026-08-25,3
S-CAT-DEL05,WHEEL_LOADER,2026-08-26,1
S-CAT-DEL05,WHEEL_LOADER,2026-08-27,1
S-CAT-DEL05,WHEEL_LOADER,2026-08-28,2
S-CAT-DEL05,WHEEL_LOADER,2026-08-29,2
S-CAT-DEL05,WHEEL_LOADER,2026-08-30,0
S-CAT-DEL05,WHEEL_LOADER,2026-08-31,2
S-CAT-DEL05,WHEEL_LOADER,2026-09-01,2
S-CAT-DEL05,WHEEL_LOADER,2026-05-05,4
S-CAT-DEL05,WHEEL_LOADER,2026-05-06,4
S-CAT-DEL05,WHEEL_LOADER,2026-05-07,2
S-CAT-DEL05,WHEEL_LOADER,2026-05-08,2
S-CAT-DEL05,WHEEL_LOADER,2026-05-09,1
S-CAT-DEL05,WHEEL_LOADER,2026-05-10,3
S-CAT-DEL05,WHEEL_LOADER,2026-05-11,5
S-CAT-DEL05,WHEEL_LOADER,2026-05-12,2
S-CAT-DEL05,WHEEL_LOADER,2026-05-13,4
S-CAT-DEL05,WHEEL_LOADER,2026-05-14,4
S-CAT-DEL05,WHEEL_LOADER,2026-05-15,3
S-CAT-DEL05,WHEEL_LOADER,2026-05-16,1
S-CAT-DEL05,WHEEL_LOADER,2026-05-17,3
S-CAT-DEL05,WHEEL_LOADER,2026-05-18,3
S-CAT-DEL05,WHEEL_LOADER,2026-05-19,4
S-CAT-DEL05,WHEEL_LOADER,2026-05-20,2
S-CAT-DEL05,WHEEL_LOADER,2026-05-21,4
S-CAT-DEL05,WHEEL_LOADER,2026-05-22,3
S-CAT-DEL05,WHEEL_LOADER,2026-05-23,1
S-CAT-DEL05,WHEEL_LOADER,2026-05-24,3
S-CAT-DEL05,WHEEL_LOADER,2026-05-25,2
S-CAT-DEL05,WHEEL_LOADER,2026-05-26,5
S-CAT-DEL05,WHEEL_LOADER,2026-05-27,2
S-CAT-DEL05,WHEEL_LOADER,2026-05-28,2
S-CAT-DEL05,WHEEL_LOADER,2026-05-29,2
S-CAT-DEL05,WHEEL_LOADER,2026-05-30,1
S-CAT-DEL05,WHEEL_LOADER,2026-05-31,3
S-CAT-DEL05,WHEEL_LOADER,2026-06-01,4
S-CAT-DEL05,WHEEL_LOADER,2026-06-02,2
S-CAT-DEL05,WHEEL_LOADER,2026-06-03,3
S-CAT-DEL05,WHEEL_LOADER,2026-06-04,2
S-CAT-DEL05,WHEEL_LOADER,2026-06-05,5
S-CAT-DEL05,WHEEL_LOADER,2026-06-06,1
S-CAT-DEL05,WHEEL_LOADER,2026-06-07,2
S-CAT-DEL05,WHEEL_LOADER,2026-06-08,5
S-CAT-DEL05,WHEEL_LOADER,2026-06-09,2
S-CAT-DEL05,WHEEL_LOADER,2026-06-10,2
S-CAT-DEL05,WHEEL_LOADER,2026-06-11,2
S-CAT-DEL05,WHEEL_LOADER,2026-06-12,2
S-CAT-DEL05,WHEEL_LOADER,2026-06-13,2
S-CAT-DEL05,WHEEL_LOADER,2026-06-14,3
S-CAT-DEL05,WHEEL_LOADER,2026-06-15,5
S-CAT-DEL05,WHEEL_LOADER,2026-06-16,2
S-CAT-DEL05,WHEEL_LOADER,2026-06-17,5
S-CAT-DEL05,WHEEL_LOADER,2026-06-18,3
S-CAT-DEL05,WHEEL_LOADER,2026-06-19,2
S-CAT-DEL05,WHEEL_LOADER,2026-06-20,3
S-CAT-DEL05,WHEEL_LOADER,2026-06-21,3
S-CAT-DEL05,WHEEL_LOADER,2026-06-22,5
S-CAT-DEL05,WHEEL_LOADER,2026-06-23,5
S-CAT-DEL05,WHEEL_LOADER,2026-06-24,2
S-CAT-DEL05,WHEEL_LOADER,2026-06-25,4
S-CAT-DEL05,WHEEL_LOADER,2026-06-26,2
S-CAT-DEL05,WHEEL_LOADER,2026-06-27,3
S-CAT-DEL05,WHEEL_LOADER,2026-06-28,2
S-CAT-DEL05,WHEEL_LOADER,2026-06-29,3
S-CAT-DEL05,WHEEL_LOADER,2026-06-30,2
S-CAT-DEL05,WHEEL_LOADER,2026-07-01,2
S-CAT-DEL05,WHEEL_LOADER,2026-07-02,2
S-CAT-DEL05,WHEEL_LOADER,2026-07-03,2
S-CAT-DEL05,WHEEL_LOADER,2026-07-04,1
S-CAT-DEL05,WHEEL_LOADER,2026-07-05,1
S-CAT-DEL05,WHEEL_LOADER,2026-07-06,4
S-CAT-DEL05,WHEEL_LOADER,2026-07-07,4
S-CAT-DEL05,WHEEL_LOADER,2026-07-08,5
S-CAT-DEL05,WHEEL_LOADER,2026-07-09,5
S-CAT-DEL05,WHEEL_LOADER,2026-07-10,5
S-CAT-DEL05,WHEEL_LOADER,2026-07-11,1
S-CAT-DEL05,WHEEL_LOADER,2026-07-12,1
S-CAT-DEL05,WHEEL_LOADER,2026-07-13,3
S-CAT-DEL05,WHEEL_LOADER,2026-07-14,2
S-CAT-DEL05,WHEEL_LOADER,2026-07-15,2
S-CAT-DEL05,WHEEL_LOADER,2026-07-16,3
S-CAT-DEL05,WHEEL_LOADER,2026-07-17,4
S-CAT-DEL05,WHEEL_LOADER,2026-07-18,3
S-CAT-DEL05,WHEEL_LOADER,2026-07-19,2
S-CAT-DEL05,WHEEL_LOADER,2026-07-20,4
S-CAT-DEL05,WHEEL_LOADER,2026-07-21,3
S-CAT-DEL05,WHEEL_LOADER,2026-07-22,3
S-CAT-DEL05,WHEEL_LOADER,2026-07-23,5
S-CAT-DEL05,WHEEL_LOADER,2026-07-24,4
S-CAT-DEL05,WHEEL_LOADER,2026-07-25,2
S-CAT-DEL05,WHEEL_LOADER,2026-07-26,2
S-CAT-DEL05,WHEEL_LOADER,2026-07-27,4
S-CAT-DEL05,WHEEL_LOADER,2026-07-28,2
S-CAT-DEL05,WHEEL_LOADER,2026-07-29,3
S-CAT-DEL05,WHEEL_LOADER,2026-07-30,2
S-CAT-DEL05,WHEEL_LOADER,2026-07-31,3
S-CAT-DEL05,WHEEL_LOADER,2026-08-01,1
S-CAT-DEL05,WHEEL_LOADER,2026-08-02,3
S-CAT-DEL05,WHEEL_LOADER,2026-08-03,4
S-CAT-DEL05,WHEEL_LOADER,2026-08-04,3
S-CAT-DEL05,WHEEL_LOADER,2026-08-05,3
S-CAT-DEL05,WHEEL_LOADER,2026-08-06,3
S-CAT-DEL05,WHEEL_LOADER,2026-08-07,2
S-CAT-DEL05,WHEEL_LOADER,2026-08-08,2
S-CAT-DEL05,WHEEL_LOADER,2026-08-09,1
S-CAT-DEL05,WHEEL_LOADER,2026-08-10,5
S-CAT-DEL05,WHEEL_LOADER,2026-08-11,5
S-CAT-DEL05,WHEEL_LOADER,2026-08-12,4
S-CAT-DEL05,WHEEL_LOADER,2026-08-13,4
S-CAT-DEL05,WHEEL_LOADER,2026-08-14,4
S-CAT-DEL05,WHEEL_LOADER,2026-08-15,3
S-CAT-DEL05,WHEEL_LOADER,2026-08-16,2
S-CAT-DEL05,WHEEL_LOADER,2026-08-17,3
S-CAT-DEL05,WHEEL_LOADER,2026-08-18,2
S-CAT-DEL05,WHEEL_LOADER,2026-08-19,5
S-CAT-DEL05,WHEEL_LOADER,2026-08-20,2
S-CAT-DEL05,WHEEL_LOADER,2026-08-21,5
S-CAT-DEL05,WHEEL_LOADER,2026-08-22,1
S-CAT-DEL05,WHEEL_LOADER,2026-08-23,1
S-CAT-DEL05,WHEEL_LOADER,2026-08-24,3
S-CAT-DEL05,WHEEL_LOADER,2026-08-25,3
S-CAT-DEL05,WHEEL_LOADER,2026-08-26,5
S-CAT-DEL05,WHEEL_LOADER,2026-08-27,3
S-CAT-DEL05,WHEEL_LOADER,2026-08-28,3
S-CAT-DEL05,WHEEL_LOADER,2026-08-29,3
S-CAT-DEL05,WHEEL_LOADER,2026-08-30,2
S-CAT-DEL05,WHEEL_LOADER,2026-08-31,5
S-CAT-DEL05,WHEEL_LOADER,2026-09-01,3
S-CAT-DEL05,DUMP_TRUCK,2026-05-05,5
S-CAT-DEL05,DUMP_TRUCK,2026-05-06,4
S-CAT-DEL05,DUMP_TRUCK,2026-05-07,6
S-CAT-DEL05,DUMP_TRUCK,2026-05-08,4
S-CAT-DEL05,DUMP_TRUCK,2026-05-09,2
S-CAT-DEL05,DUMP_TRUCK,2026-05-10,3
S-CAT-DEL05,DUMP_TRUCK,2026-05-11,4
S-CAT-DEL05,DUMP_TRUCK,2026-05-12,4
S-CAT-DEL05,DUMP_TRUCK,2026-05-13,5
S-CAT-DEL05,DUMP_TRUCK,2026-05-14,6
S-CAT-DEL05,DUMP_TRUCK,2026-05-15,7
S-CAT-DEL05,DUMP_TRUCK,2026-05-16,3
S-CAT-DEL05,DUMP_TRUCK,2026-05-17,3
S-CAT-DEL05,DUMP_TRUCK,2026-05-18,4
S-CAT-DEL05,DUMP_TRUCK,2026-05-19,4
S-CAT-DEL05,DUMP_TRUCK,2026-05-20,5
S-CAT-DEL05,DUMP_TRUCK,2026-05-21,5
S-CAT-DEL05,DUMP_TRUCK,2026-05-22,6
S-CAT-DEL05,DUMP_TRUCK,2026-05-23,3
S-CAT-DEL05,DUMP_TRUCK,2026-05-24,3
S-CAT-DEL05,DUMP_TRUCK,2026-05-25,6
S-CAT-DEL05,DUMP_TRUCK,2026-05-26,5
S-CAT-DEL05,DUMP_TRUCK,2026-05-27,6
S-CAT-DEL05,DUMP_TRUCK,2026-05-28,5
S-CAT-DEL05,DUMP_TRUCK,2026-05-29,5
S-CAT-DEL05,DUMP_TRUCK,2026-05-30,3
S-CAT-DEL05,DUMP_TRUCK,2026-05-31,2
S-CAT-DEL05,DUMP_TRUCK,2026-06-01,5
S-CAT-DEL05,DUMP_TRUCK,2026-06-02,6
S-CAT-DEL05,DUMP_TRUCK,2026-06-03,4
S-CAT-DEL05,DUMP_TRUCK,2026-06-04,4
S-CAT-DEL05,DUMP_TRUCK,2026-06-05,5
S-CAT-DEL05,DUMP_TRUCK,2026-06-06,4
S-CAT-DEL05,DUMP_TRUCK,2026-06-07,2
S-CAT-DEL05,DUMP_TRUCK,2026-06-08,6
S-CAT-DEL05,DUMP_TRUCK,2026-06-09,5
S-CAT-DEL05,DUMP_TRUCK,2026-06-10,6
S-CAT-DEL05,DUMP_TRUCK,2026-06-11,7
S-CAT-DEL05,DUMP_TRUCK,2026-06-12,5
S-CAT-DEL05,DUMP_TRUCK,2026-06-13,3
S-CAT-DEL05,DUMP_TRUCK,2026-06-14,3
S-CAT-DEL05,DUMP_TRUCK,2026-06-15,5
S-CAT-DEL05,DUMP_TRUCK,2026-06-16,7
S-CAT-DEL05,DUMP_TRUCK,2026-06-17,4
S-CAT-DEL05,DUMP_TRUCK,2026-06-18,4
S-CAT-DEL05,DUMP_TRUCK,2026-06-19,5
S-CAT-DEL05,DUMP_TRUCK,2026-06-20,3
S-CAT-DEL05,DUMP_TRUCK,2026-06-21,3
S-CAT-DEL05,DUMP_TRUCK,2026-06-22,5
S-CAT-DEL05,DUMP_TRUCK,2026-06-23,7
S-CAT-DEL05,DUMP_TRUCK,2026-06-24,6
S-CAT-DEL05,DUMP_TRUCK,2026-06-25,6
S-CAT-DEL05,DUMP_TRUCK,2026-06-26,7
S-CAT-DEL05,DUMP_TRUCK,2026-06-27,3
S-CAT-DEL05,DUMP_TRUCK,2026-06-28,2
S-CAT-DEL05,DUMP_TRUCK,2026-06-29,5
S-CAT-DEL05,DUMP_TRUCK,2026-06-30,6
S-CAT-DEL05,DUMP_TRUCK,2026-07-01,5
S-CAT-DEL05,DUMP_TRUCK,2026-07-02,6
S-CAT-DEL05,DUMP_TRUCK,2026-07-03,5
S-CAT-DEL05,DUMP_TRUCK,2026-07-04,2
S-CAT-DEL05,DUMP_TRUCK,2026-07-05,3
S-CAT-DEL05,DUMP_TRUCK,2026-07-06,5
S-CAT-DEL05,DUMP_TRUCK,2026-07-07,7
S-CAT-DEL05,DUMP_TRUCK,2026-07-08,5
S-CAT-DEL05,DUMP_TRUCK,2026-07-09,4
S-CAT-DEL05,DUMP_TRUCK,2026-07-10,7
S-CAT-DEL05,DUMP_TRUCK,2026-07-11,2
S-CAT-DEL05,DUMP_TRUCK,2026-07-12,3
S-CAT-DEL05,DUMP_TRUCK,2026-07-13,7
S-CAT-DEL05,DUMP_TRUCK,2026-07-14,6
S-CAT-DEL05,DUMP_TRUCK,2026-07-15,7
S-CAT-DEL05,DUMP_TRUCK,2026-07-16,7
S-CAT-DEL05,DUMP_TRUCK,2026-07-17,5
S-CAT-DEL05,DUMP_TRUCK,2026-07-18,3
S-CAT-DEL05,DUMP_TRUCK,2026-07-19,3
S-CAT-DEL05,DUMP_TRUCK,2026-07-20,7
S-CAT-DEL05,DUMP_TRUCK,2026-07-21,7
S-CAT-DEL05,DUMP_TRUCK,2026-07-22,7
S-CAT-DEL05,DUMP_TRUCK,2026-07-23,6
S-CAT-DEL05,DUMP_TRUCK,2026-07-24,7
S-CAT-DEL05,DUMP_TRUCK,2026-07-25,2
S-CAT-DEL05,DUMP_TRUCK,2026-07-26,3
S-CAT-DEL05,DUMP_TRUCK,2026-07-27,5
S-CAT-DEL05,DUMP_TRUCK,2026-07-28,5
S-CAT-DEL05,DUMP_TRUCK,2026-07-29,7
S-CAT-DEL05,DUMP_TRUCK,2026-07-30,5
S-CAT-DEL05,DUMP_TRUCK,2026-07-31,7
S-CAT-DEL05,DUMP_TRUCK,2026-08-01,3
S-CAT-DEL05,DUMP_TRUCK,2026-08-02,3
S-CAT-DEL05,DUMP_TRUCK,2026-08-03,7
S-CAT-DEL05,DUMP_TRUCK,2026-08-04,7
S-CAT-DEL05,DUMP_TRUCK,2026-08-05,5
S-CAT-DEL05,DUMP_TRUCK,2026-08-06,6
S-CAT-DEL05,DUMP_TRUCK,2026-08-07,6
S-CAT-DEL05,DUMP_TRUCK,2026-08-08,2
S-CAT-DEL05,DUMP_TRUCK,2026-08-09,3
S-CAT-DEL05,DUMP_TRUCK,2026-08-10,4
S-CAT-DEL05,DUMP_TRUCK,2026-08-11,6
S-CAT-DEL05,DUMP_TRUCK,2026-08-12,7
S-CAT-DEL05,DUMP_TRUCK,2026-08-13,6
S-CAT-DEL05,DUMP_TRUCK,2026-08-14,5
S-CAT-DEL05,DUMP_TRUCK,2026-08-15,2
S-CAT-DEL05,DUMP_TRUCK,2026-08-16,4
S-CAT-DEL05,DUMP_TRUCK,2026-08-17,6
S-CAT-DEL05,DUMP_TRUCK,2026-08-18,7
S-CAT-DEL05,DUMP_TRUCK,2026-08-19,7
S-CAT-DEL05,DUMP_TRUCK,2026-08-20,7
S-CAT-DEL05,DUMP_TRUCK,2026-08-21,7
S-CAT-DEL05,DUMP_TRUCK,2026-08-22,4
S-CAT-DEL05,DUMP_TRUCK,2026-08-23,3
S-CAT-DEL05,DUMP_TRUCK,2026-08-24,7
S-CAT-DEL05,DUMP_TRUCK,2026-08-25,6
S-CAT-DEL05,DUMP_TRUCK,2026-08-26,6
S-CAT-DEL05,DUMP_TRUCK,2026-08-27,7
S-CAT-DEL05,DUMP_TRUCK,2026-08-28,4
S-CAT-DEL05,DUMP_TRUCK,2026-08-29,3
S-CAT-DEL05,DUMP_TRUCK,2026-08-30,4
S-CAT-DEL05,DUMP_TRUCK,2026-08-31,5
S-CAT-DEL05,DUMP_TRUCK,2026-09-01,6
S-CAT-DEL05,DUMP_TRUCK,2026-05-05,3
S-CAT-DEL05,DUMP_TRUCK,2026-05-06,1
S-CAT-DEL05,DUMP_TRUCK,2026-05-07,3
S-CAT-DEL05,DUMP_TRUCK,2026-05-08,1
S-CAT-DEL05,DUMP_TRUCK,2026-05-09,1
S-CAT-DEL05,DUMP_TRUCK,2026-05-10,1
S-CAT-DEL05,DUMP_TRUCK,2026-05-11,1
S-CAT-DEL05,DUMP_TRUCK,2026-05-12,1
S-CAT-DEL05,DUMP_TRUCK,2026-05-13,1
S-CAT-DEL05,DUMP_TRUCK,2026-05-14,3
S-CAT-DEL05,DUMP_TRUCK,2026-05-15,1
S-CAT-DEL05,DUMP_TRUCK,2026-05-16,1
S-CAT-DEL05,DUMP_TRUCK,2026-05-17,1
S-CAT-DEL05,DUMP_TRUCK,2026-05-18,2
S-CAT-DEL05,DUMP_TRUCK,2026-05-19,3
S-CAT-DEL05,DUMP_TRUCK,2026-05-20,3
S-CAT-DEL05,DUMP_TRUCK,2026-05-21,3
S-CAT-DEL05,DUMP_TRUCK,2026-05-22,3
S-CAT-DEL05,DUMP_TRUCK,2026-05-23,1
S-CAT-DEL05,DUMP_TRUCK,2026-05-24,1
S-CAT-DEL05,DUMP_TRUCK,2026-05-25,3
S-CAT-DEL05,DUMP_TRUCK,2026-05-26,1
S-CAT-DEL05,DUMP_TRUCK,2026-05-27,3
S-CAT-DEL05,DUMP_TRUCK,2026-05-28,3
S-CAT-DEL05,DUMP_TRUCK,2026-05-29,3
S-CAT-DEL05,DUMP_TRUCK,2026-05-30,2
S-CAT-DEL05,DUMP_TRUCK,2026-05-31,2
S-CAT-DEL05,DUMP_TRUCK,2026-06-01,1
S-CAT-DEL05,DUMP_TRUCK,2026-06-02,4
S-CAT-DEL05,DUMP_TRUCK,2026-06-03,2
S-CAT-DEL05,DUMP_TRUCK,2026-06-04,4
S-CAT-DEL05,DUMP_TRUCK,2026-06-05,2
S-CAT-DEL05,DUMP_TRUCK,2026-06-06,1
S-CAT-DEL05,DUMP_TRUCK,2026-06-07,1
S-CAT-DEL05,DUMP_TRUCK,2026-06-08,4
S-CAT-DEL05,DUMP_TRUCK,2026-06-09,2
S-CAT-DEL05,DUMP_TRUCK,2026-06-10,4
S-CAT-DEL05,DUMP_TRUCK,2026-06-11,4
S-CAT-DEL05,DUMP_TRUCK,2026-06-12,3
S-CAT-DEL05,DUMP_TRUCK,2026-06-13,0
S-CAT-DEL05,DUMP_TRUCK,2026-06-14,1
S-CAT-DEL05,DUMP_TRUCK,2026-06-15,2
S-CAT-DEL05,DUMP_TRUCK,2026-06-16,4
S-CAT-DEL05,DUMP_TRUCK,2026-06-17,4
S-CAT-DEL05,DUMP_TRUCK,2026-06-18,2
S-CAT-DEL05,DUMP_TRUCK,2026-06-19,4
S-CAT-DEL05,DUMP_TRUCK,2026-06-20,2
S-CAT-DEL05,DUMP_TRUCK,2026-06-21,0
S-CAT-DEL05,DUMP_TRUCK,2026-06-22,3
S-CAT-DEL05,DUMP_TRUCK,2026-06-23,2
S-CAT-DEL05,DUMP_TRUCK,2026-06-24,2
S-CAT-DEL05,DUMP_TRUCK,2026-06-25,3
S-CAT-DEL05,DUMP_TRUCK,2026-06-26,1
S-CAT-DEL05,DUMP_TRUCK,2026-06-27,2
S-CAT-DEL05,DUMP_TRUCK,2026-06-28,1
S-CAT-DEL05,DUMP_TRUCK,2026-06-29,3
S-CAT-DEL05,DUMP_TRUCK,2026-06-30,2
S-CAT-DEL05,DUMP_TRUCK,2026-07-01,4
S-CAT-DEL05,DUMP_TRUCK,2026-07-02,4
S-CAT-DEL05,DUMP_TRUCK,2026-07-03,4
S-CAT-DEL05,DUMP_TRUCK,2026-07-04,1
S-CAT-DEL05,DUMP_TRUCK,2026-07-05,1
S-CAT-DEL05,DUMP_TRUCK,2026-07-06,1
S-CAT-DEL05,DUMP_TRUCK,2026-07-07,1
S-CAT-DEL05,DUMP_TRUCK,2026-07-08,2
S-CAT-DEL05,DUMP_TRUCK,2026-07-09,2
S-CAT-DEL05,DUMP_TRUCK,2026-07-10,3
S-CAT-DEL05,DUMP_TRUCK,2026-07-11,2
S-CAT-DEL05,DUMP_TRUCK,2026-07-12,2
S-CAT-DEL05,DUMP_TRUCK,2026-07-13,2
S-CAT-DEL05,DUMP_TRUCK,2026-07-14,4
S-CAT-DEL05,DUMP_TRUCK,2026-07-15,1
S-CAT-DEL05,DUMP_TRUCK,2026-07-16,4
S-CAT-DEL05,DUMP_TRUCK,2026-07-17,2
S-CAT-DEL05,DUMP_TRUCK,2026-07-18,2
S-CAT-DEL05,DUMP_TRUCK,2026-07-19,0
S-CAT-DEL05,DUMP_TRUCK,2026-07-20,3
S-CAT-DEL05,DUMP_TRUCK,2026-07-21,4
S-CAT-DEL05,DUMP_TRUCK,2026-07-22,3
S-CAT-DEL05,DUMP_TRUCK,2026-07-23,1
S-CAT-DEL05,DUMP_TRUCK,2026-07-24,2
S-CAT-DEL05,DUMP_TRUCK,2026-07-25,0
S-CAT-DEL05,DUMP_TRUCK,2026-07-26,1
S-CAT-DEL05,DUMP_TRUCK,2026-07-27,1
S-CAT-DEL05,DUMP_TRUCK,2026-07-28,4
S-CAT-DEL05,DUMP_TRUCK,2026-07-29,1
S-CAT-DEL05,DUMP_TRUCK,2026-07-30,2
S-CAT-DEL05,DUMP_TRUCK,2026-07-31,2
S-CAT-DEL05,DUMP_TRUCK,2026-08-01,0
S-CAT-DEL05,DUMP_TRUCK,2026-08-02,2
S-CAT-DEL05,DUMP_TRUCK,2026-08-03,3
S-CAT-DEL05,DUMP_TRUCK,2026-08-04,2
S-CAT-DEL05,DUMP_TRUCK,2026-08-05,2
S-CAT-DEL05,DUMP_TRUCK,2026-08-06,3
S-CAT-DEL05,DUMP_TRUCK,2026-08-07,1
S-CAT-DEL05,DUMP_TRUCK,2026-08-08,2
S-CAT-DEL05,DUMP_TRUCK,2026-08-09,0
S-CAT-DEL05,DUMP_TRUCK,2026-08-10,3
S-CAT-DEL05,DUMP_TRUCK,2026-08-11,1
S-CAT-DEL05,DUMP_TRUCK,2026-08-12,2
S-CAT-DEL05,DUMP_TRUCK,2026-08-13,3
S-CAT-DEL05,DUMP_TRUCK,2026-08-14,4
S-CAT-DEL05,DUMP_TRUCK,2026-08-15,2
S-CAT-DEL05,DUMP_TRUCK,2026-08-16,1
S-CAT-DEL05,DUMP_TRUCK,2026-08-17,1
S-CAT-DEL05,DUMP_TRUCK,2026-08-18,2
S-CAT-DEL05,DUMP_TRUCK,2026-08-19,4
S-CAT-DEL05,DUMP_TRUCK,2026-08-20,4
S-CAT-DEL05,DUMP_TRUCK,2026-08-21,1
S-CAT-DEL05,DUMP_TRUCK,2026-08-22,2
S-CAT-DEL05,DUMP_TRUCK,2026-08-23,1
S-CAT-DEL05,DUMP_TRUCK,2026-08-24,2
S-CAT-DEL05,DUMP_TRUCK,2026-08-25,2
S-CAT-DEL05,DUMP_TRUCK,2026-08-26,3
S-CAT-DEL05,DUMP_TRUCK,2026-08-27,4
S-CAT-DEL05,DUMP_TRUCK,2026-08-28,4
S-CAT-DEL05,DUMP_TRUCK,2026-08-29,1
S-CAT-DEL05,DUMP_TRUCK,2026-08-30,1
S-CAT-DEL05,DUMP_TRUCK,2026-08-31,2
S-CAT-DEL05,DUMP_TRUCK,2026-09-01,4
S-CAT-DEL05,COMPACTOR,2026-05-05,4
S-CAT-DEL05,COMPACTOR,2026-05-06,3
S-CAT-DEL05,COMPACTOR,2026-05-07,4
S-CAT-DEL05,COMPACTOR,2026-05-08,6
S-CAT-DEL05,COMPACTOR,2026-05-09,1
S-CAT-DEL05,COMPACTOR,2026-05-10,3
S-CAT-DEL05,COMPACTOR,2026-05-11,4
S-CAT-DEL05,COMPACTOR,2026-05-12,5
S-CAT-DEL05,COMPACTOR,2026-05-13,6
S-CAT-DEL05,COMPACTOR,2026-05-14,6
S-CAT-DEL05,COMPACTOR,2026-05-15,6
S-CAT-DEL05,COMPACTOR,2026-05-16,1
S-CAT-DEL05,COMPACTOR,2026-05-17,1
S-CAT-DEL05,COMPACTOR,2026-05-18,5
S-CAT-DEL05,COMPACTOR,2026-05-19,6
S-CAT-DEL05,COMPACTOR,2026-05-20,5
S-CAT-DEL05,COMPACTOR,2026-05-21,5
S-CAT-DEL05,COMPACTOR,2026-05-22,6
S-CAT-DEL05,COMPACTOR,2026-05-23,2
S-CAT-DEL05,COMPACTOR,2026-05-24,3
S-CAT-DEL05,COMPACTOR,2026-05-25,4
S-CAT-DEL05,COMPACTOR,2026-05-26,4
S-CAT-DEL05,COMPACTOR,2026-05-27,6
S-CAT-DEL05,COMPACTOR,2026-05-28,6
S-CAT-DEL05,COMPACTOR,2026-05-29,6
S-CAT-DEL05,COMPACTOR,2026-05-30,2
S-CAT-DEL05,COMPACTOR,2026-05-31,1
S-CAT-DEL05,COMPACTOR,2026-06-01,6
S-CAT-DEL05,COMPACTOR,2026-06-02,3
S-CAT-DEL05,COMPACTOR,2026-06-03,4
S-CAT-DEL05,COMPACTOR,2026-06-04,4
S-CAT-DEL05,COMPACTOR,2026-06-05,5
S-CAT-DEL05,COMPACTOR,2026-06-06,3
S-CAT-DEL05,COMPACTOR,2026-06-07,1
S-CAT-DEL05,COMPACTOR,2026-06-08,4
S-CAT-DEL05,COMPACTOR,2026-06-09,6
S-CAT-DEL05,COMPACTOR,2026-06-10,6
S-CAT-DEL05,COMPACTOR,2026-06-11,3
S-CAT-DEL05,COMPACTOR,2026-06-12,5
S-CAT-DEL05,COMPACTOR,2026-06-13,1
S-CAT-DEL05,COMPACTOR,2026-06-14,1
S-CAT-DEL05,COMPACTOR,2026-06-15,5
S-CAT-DEL05,COMPACTOR,2026-06-16,6
S-CAT-DEL05,COMPACTOR,2026-06-17,6
S-CAT-DEL05,COMPACTOR,2026-06-18,4
S-CAT-DEL05,COMPACTOR,2026-06-19,5
S-CAT-DEL05,COMPACTOR,2026-06-20,2
S-CAT-DEL05,COMPACTOR,2026-06-21,1
S-CAT-DEL05,COMPACTOR,2026-06-22,6
S-CAT-DEL05,COMPACTOR,2026-06-23,3
S-CAT-DEL05,COMPACTOR,2026-06-24,3
S-CAT-DEL05,COMPACTOR,2026-06-25,6
S-CAT-DEL05,COMPACTOR,2026-06-26,6
S-CAT-DEL05,COMPACTOR,2026-06-27,3
S-CAT-DEL05,COMPACTOR,2026-06-28,3
S-CAT-DEL05,COMPACTOR,2026-06-29,4
S-CAT-DEL05,COMPACTOR,2026-06-30,6
S-CAT-DEL05,COMPACTOR,2026-07-01,3
S-CAT-DEL05,COMPACTOR,2026-07-02,3
S-CAT-DEL05,COMPACTOR,2026-07-03,5
S-CAT-DEL05,COMPACTOR,2026-07-04,1
S-CAT-DEL05,COMPACTOR,2026-07-05,2
S-CAT-DEL05,COMPACTOR,2026-07-06,5
S-CAT-DEL05,COMPACTOR,2026-07-07,6
S-CAT-DEL05,COMPACTOR,2026-07-08,6
S-CAT-DEL05,COMPACTOR,2026-07-09,6
S-CAT-DEL05,COMPACTOR,2026-07-10,3
S-CAT-DEL05,COMPACTOR,2026-07-11,1
S-CAT-DEL05,COMPACTOR,2026-07-12,2
S-CAT-DEL05,COMPACTOR,2026-07-13,6
S-CAT-DEL05,COMPACTOR,2026-07-14,4
S-CAT-DEL05,COMPACTOR,2026-07-15,6
S-CAT-DEL05,COMPACTOR,2026-07-16,5
S-CAT-DEL05,COMPACTOR,2026-07-17,4
S-CAT-DEL05,COMPACTOR,2026-07-18,2
S-CAT-DEL05,COMPACTOR,2026-07-19,1
S-CAT-DEL05,COMPACTOR,2026-07-20,3
S-CAT-DEL05,COMPACTOR,2026-07-21,4
S-CAT-DEL05,COMPACTOR,2026-07-22,5
S-CAT-DEL05,COMPACTOR,2026-07-23,3
S-CAT-DEL05,COMPACTOR,2026-07-24,6
S-CAT-DEL05,COMPACTOR,2026-07-25,2
S-CAT-DEL05,COMPACTOR,2026-07-26,1
S-CAT-DEL05,COMPACTOR,2026-07-27,3
S-CAT-DEL05,COMPACTOR,2026-07-28,5
S-CAT-DEL05,COMPACTOR,2026-07-29,4
S-CAT-DEL05,COMPACTOR,2026-07-30,6
S-CAT-DEL05,COMPACTOR,2026-07-31,5
S-CAT-DEL05,COMPACTOR,2026-08-01,2
S-CAT-DEL05,COMPACTOR,2026-08-02,2
S-CAT-DEL05,COMPACTOR,2026-08-03,3
S-CAT-DEL05,COMPACTOR,2026-08-04,4
S-CAT-DEL05,COMPACTOR,2026-08-05,6
S-CAT-DEL05,COMPACTOR,2026-08-06,3
S-CAT-DEL05,COMPACTOR,2026-08-07,3
S-CAT-DEL05,COMPACTOR,2026-08-08,3
S-CAT-DEL05,COMPACTOR,2026-08-09,3
S-CAT-DEL05,COMPACTOR,2026-08-10,6
S-CAT-DEL05,COMPACTOR,2026-08-11,3
S-CAT-DEL05,COMPACTOR,2026-08-12,3
S-CAT-DEL05,COMPACTOR,2026-08-13,3
S-CAT-DEL05,COMPACTOR,2026-08-14,6
S-CAT-DEL05,COMPACTOR,2026-08-15,2
S-CAT-DEL05,COMPACTOR,2026-08-16,2
S-CAT-DEL05,COMPACTOR,2026-08-17,5
S-CAT-DEL05,COMPACTOR,2026-08-18,4
S-CAT-DEL05,COMPACTOR,2026-08-19,4
S-CAT-DEL05,COMPACTOR,2026-08-20,3
S-CAT-DEL05,COMPACTOR,2026-08-21,3
S-CAT-DEL05,COMPACTOR,2026-08-22,3
S-CAT-DEL05,COMPACTOR,2026-08-23,1
S-CAT-DEL05,COMPACTOR,2026-08-24,3
S-CAT-DEL05,COMPACTOR,2026-08-25,5
S-CAT-DEL05,COMPACTOR,2026-08-26,4
S-CAT-DEL05,COMPACTOR,2026-08-27,3
S-CAT-DEL05,COMPACTOR,2026-08-28,4
S-CAT-DEL05,COMPACTOR,2026-08-29,1
S-CAT-DEL05,COMPACTOR,2026-08-30,2
S-CAT-DEL05,COMPACTOR,2026-08-31,4
S-CAT-DEL05,COMPACTOR,2026-09-01,3
S-CAT-DEL05,CRANE,2026-05-05,4
S-CAT-DEL05,CRANE,2026-05-06,6
S-CAT-DEL05,CRANE,2026-05-07,6
S-CAT-DEL05,CRANE,2026-05-08,5
S-CAT-DEL05,CRANE,2026-05-09,3
S-CAT-DEL05,CRANE,2026-05-10,4
S-CAT-DEL05,CRANE,2026-05-11,7
S-CAT-DEL05,CRANE,2026-05-12,4
S-CAT-DEL05,CRANE,2026-05-13,5
S-CAT-DEL05,CRANE,2026-05-14,5
S-CAT-DEL05,CRANE,2026-05-15,4
S-CAT-DEL05,CRANE,2026-05-16,3
S-CAT-DEL05,CRANE,2026-05-17,3
S-CAT-DEL05,CRANE,2026-05-18,5
S-CAT-DEL05,CRANE,2026-05-19,4
S-CAT-DEL05,CRANE,2026-05-20,7
S-CAT-DEL05,CRANE,2026-05-21,6
S-CAT-DEL05,CRANE,2026-05-22,4
S-CAT-DEL05,CRANE,2026-05-23,4
S-CAT-DEL05,CRANE,2026-05-24,3
S-CAT-DEL05,CRANE,2026-05-25,7
S-CAT-DEL05,CRANE,2026-05-26,5
S-CAT-DEL05,CRANE,2026-05-27,4
S-CAT-DEL05,CRANE,2026-05-28,6
S-CAT-DEL05,CRANE,2026-05-29,6
S-CAT-DEL05,CRANE,2026-05-30,2
S-CAT-DEL05,CRANE,2026-05-31,2
S-CAT-DEL05,CRANE,2026-06-01,5
S-CAT-DEL05,CRANE,2026-06-02,7
S-CAT-DEL05,CRANE,2026-06-03,6
S-CAT-DEL05,CRANE,2026-06-04,7
S-CAT-DEL05,CRANE,2026-06-05,4
S-CAT-DEL05,CRANE,2026-06-06,3
S-CAT-DEL05,CRANE,2026-06-07,3
S-CAT-DEL05,CRANE,2026-06-08,4
S-CAT-DEL05,CRANE,2026-06-09,6
S-CAT-DEL05,CRANE,2026-06-10,7
S-CAT-DEL05,CRANE,2026-06-11,5
S-CAT-DEL05,CRANE,2026-06-12,6
S-CAT-DEL05,CRANE,2026-06-13,3
S-CAT-DEL05,CRANE,2026-06-14,3
S-CAT-DEL05,CRANE,2026-06-15,7
S-CAT-DEL05,CRANE,2026-06-16,4
S-CAT-DEL05,CRANE,2026-06-17,6
S-CAT-DEL05,CRANE,2026-06-18,4
S-CAT-DEL05,CRANE,2026-06-19,7
S-CAT-DEL05,CRANE,2026-06-20,4
S-CAT-DEL05,CRANE,2026-06-21,3
S-CAT-DEL05,CRANE,2026-06-22,4
S-CAT-DEL05,CRANE,2026-06-23,5
S-CAT-DEL05,CRANE,2026-06-24,4
S-CAT-DEL05,CRANE,2026-06-25,4
S-CAT-DEL05,CRANE,2026-06-26,6
S-CAT-DEL05,CRANE,2026-06-27,3
S-CAT-DEL05,CRANE,2026-06-28,4
S-CAT-DEL05,CRANE,2026-06-29,5
S-CAT-DEL05,CRANE,2026-06-30,4
S-CAT-DEL05,CRANE,2026-07-01,4
S-CAT-DEL05,CRANE,2026-07-02,5
S-CAT-DEL05,CRANE,2026-07-03,6
S-CAT-DEL05,CRANE,2026-07-04,4
S-CAT-DEL05,CRANE,2026-07-05,3
S-CAT-DEL05,CRANE,2026-07-06,5
S-CAT-DEL05,CRANE,2026-07-07,5
S-CAT-DEL05,CRANE,2026-07-08,7
S-CAT-DEL05,CRANE,2026-07-09,5
S-CAT-DEL05,CRANE,2026-07-10,4
S-CAT-DEL05,CRANE,2026-07-11,3
S-CAT-DEL05,CRANE,2026-07-12,4
S-CAT-DEL05,CRANE,2026-07-13,6
S-CAT-DEL05,CRANE,2026-07-14,5
S-CAT-DEL05,CRANE,2026-07-15,6
S-CAT-DEL05,CRANE,2026-07-16,6
S-CAT-DEL05,CRANE,2026-07-17,4
S-CAT-DEL05,CRANE,2026-07-18,4
S-CAT-DEL05,CRANE,2026-07-19,3
S-CAT-DEL05,CRANE,2026-07-20,4
S-CAT-DEL05,CRANE,2026-07-21,5
S-CAT-DEL05,CRANE,2026-07-22,6
S-CAT-DEL05,CRANE,2026-07-23,6
S-CAT-DEL05,CRANE,2026-07-24,5
S-CAT-DEL05,CRANE,2026-07-25,3
S-CAT-DEL05,CRANE,2026-07-26,2
S-CAT-DEL05,CRANE,2026-07-27,5
S-CAT-DEL05,CRANE,2026-07-28,5
S-CAT-DEL05,CRANE,2026-07-29,7
S-CAT-DEL05,CRANE,2026-07-30,6
S-CAT-DEL05,CRANE,2026-07-31,5
S-CAT-DEL05,CRANE,2026-08-01,4
S-CAT-DEL05,CRANE,2026-08-02,2
S-CAT-DEL05,CRANE,2026-08-03,4
S-CAT-DEL05,CRANE,2026-08-04,7
S-CAT-DEL05,CRANE,2026-08-05,4
S-CAT-DEL05,CRANE,2026-08-06,5
S-CAT-DEL05,CRANE,2026-08-07,4
S-CAT-DEL05,CRANE,2026-08-08,3
S-CAT-DEL05,CRANE,2026-08-09,3
S-CAT-DEL05,CRANE,2026-08-10,5
S-CAT-DEL05,CRANE,2026-08-11,4
S-CAT-DEL05,CRANE,2026-08-12,5
S-CAT-DEL05,CRANE,2026-08-13,5
S-CAT-DEL05,CRANE,2026-08-14,5
S-CAT-DEL05,CRANE,2026-08-15,2
S-CAT-DEL05,CRANE,2026-08-16,4
S-CAT-DEL05,CRANE,2026-08-17,7
S-CAT-DEL05,CRANE,2026-08-18,6
S-CAT-DEL05,CRANE,2026-08-19,5
S-CAT-DEL05,CRANE,2026-08-20,5
S-CAT-DEL05,CRANE,2026-08-21,5
S-CAT-DEL05,CRANE,2026-08-22,4
S-CAT-DEL05,CRANE,2026-08-23,3
S-CAT-DEL05,CRANE,2026-08-24,5
S-CAT-DEL05,CRANE,2026-08-25,6
S-CAT-DEL05,CRANE,2026-08-26,6
S-CAT-DEL05,CRANE,2026-08-27,7
S-CAT-DEL05,CRANE,2026-08-28,5
S-CAT-DEL05,CRANE,2026-08-29,3
S-CAT-DEL05,CRANE,2026-08-30,4
S-CAT-DEL05,CRANE,2026-08-31,4
S-CAT-DEL05,CRANE,2026-09-01,6
