equipment_id,timestamp,latitude,longitude,engine_hours,idle_hours,fuel_level,speed
CAT-EQ-1001,2026-08-19T13:47:16Z,12.972641,77.595878,957.5,50.3,93.3,0.0
CAT-EQ-1001,2026-08-19T14:47:16Z,12.972635,77.596286,957.5,50.5,91.3,0.0
CAT-EQ-1001,2026-08-19T15:47:16Z,12.971455,77.594414,957.5,50.7,90.4,0.0
CAT-EQ-1001,2026-08-19T16:47:16Z,12.971477,77.593219,957.5,50.9,89.6,0.0
CAT-EQ-1001,2026-08-19T17:47:16Z,12.971566,77.596303,957.5,51.1,87.9,0.0
CAT-EQ-1001,2026-08-19T18:47:16Z,12.972164,77.594953,957.5,51.3,86.6,0.0
CAT-EQ-1001,2026-08-19T19:47:16Z,12.971862,77.593377,957.5,51.5,85.4,0.0
CAT-EQ-1001,2026-08-19T20:47:16Z,12.971554,77.595354,958.3,51.5,84.0,11.4
CAT-EQ-1001,2026-08-19T21:47:16Z,12.969738,77.595853,959.1,51.5,83.1,21.3
CAT-EQ-1001,2026-08-19T22:47:16Z,12.971422,77.595324,959.9,51.5,82.2,21.9
CAT-EQ-1001,2026-08-19T23:47:16Z,12.972684,77.595178,960.7,51.5,81.7,20.1
CAT-EQ-1001,2026-08-20T00:47:16Z,12.970355,77.594292,961.5,51.5,80.3,14.9
CAT-EQ-1001,2026-08-20T01:47:16Z,12.971131,77.593832,962.3,51.5,78.7,11.3
CAT-EQ-1001,2026-08-20T02:47:16Z,12.972707,77.593978,963.1,51.5,77.1,26.9
CAT-EQ-1001,2026-08-20T03:47:16Z,12.973548,77.595866,963.9,51.5,76.1,23.7
CAT-EQ-1001,2026-08-20T04:47:16Z,12.972532,77.593283,964.7,51.5,74.4,6.7
CAT-EQ-1001,2026-08-20T05:47:16Z,12.971403,77.595857,965.5,51.5,72.3,22.6
CAT-EQ-1001,2026-08-20T06:47:16Z,12.973209,77.594235,966.3,51.5,71.4,6.5
CAT-EQ-1001,2026-08-20T07:47:16Z,12.971111,77.593707,967.1,51.5,70.4,20.6
CAT-EQ-1001,2026-08-20T08:47:16Z,12.970003,77.592844,967.1,51.7,68.8,0.0
CAT-EQ-1001,2026-08-20T09:47:16Z,12.969987,77.594689,967.1,51.9,66.6,0.0
CAT-EQ-1001,2026-08-20T10:47:16Z,12.973329,77.594493,967.1,52.1,64.8,0.0
CAT-EQ-1001,2026-08-20T11:47:16Z,12.973598,77.595867,967.1,52.3,62.8,0.0
CAT-EQ-1001,2026-08-20T12:47:16Z,12.971024,77.593921,967.1,52.5,62.2,0.0
CAT-EQ-1001,2026-08-20T13:47:16Z,12.973152,77.593155,967.1,52.7,60.4,0.0
CAT-EQ-1001,2026-08-20T14:47:16Z,12.97286,77.594074,967.1,52.9,58.7,0.0
CAT-EQ-1001,2026-08-20T15:47:16Z,12.970352,77.596545,967.1,53.1,57.5,0.0
CAT-EQ-1001,2026-08-20T16:47:16Z,12.969783,77.59583,967.1,53.3,56.4,0.0
CAT-EQ-1001,2026-08-20T17:47:16Z,12.97205,77.592925,967.1,53.5,55.3,0.0
CAT-EQ-1001,2026-08-20T18:47:16Z,12.973028,77.596221,967.1,53.7,53.1,0.0
CAT-EQ-1001,2026-08-20T19:47:16Z,12.97168,77.594888,967.1,53.9,52.3,0.0
CAT-EQ-1001,2026-08-20T20:47:16Z,12.972292,77.594795,967.9,53.9,51.3,17.6
CAT-EQ-1001,2026-08-20T21:47:16Z,12.970564,77.593447,968.7,53.9,49.7,9.2
CAT-EQ-1001,2026-08-20T22:47:16Z,12.970241,77.596316,969.5,53.9,48.0,21.5
CAT-EQ-1001,2026-08-20T23:47:16Z,12.97319,77.593092,970.3,53.9,46.7,24.2
CAT-EQ-1001,2026-08-21T00:47:16Z,12.973088,77.596327,971.1,53.9,45.0,18.4
CAT-EQ-1001,2026-08-21T01:47:16Z,12.972544,77.594127,971.9,53.9,43.3,20.0
CAT-EQ-1001,2026-08-21T02:47:16Z,12.970063,77.592951,972.7,53.9,42.4,19.0
CAT-EQ-1001,2026-08-21T03:47:16Z,12.971071,77.596013,973.5,53.9,41.7,23.5
CAT-EQ-1001,2026-08-21T04:47:16Z,12.972988,77.596519,974.3,53.9,40.3,94.5
CAT-EQ-1001,2026-08-21T05:47:16Z,12.972006,77.593489,975.1,53.9,38.9,14.1
CAT-EQ-1001,2026-08-21T06:47:16Z,12.972949,77.594599,975.9,53.9,36.8,18.5
CAT-EQ-1001,2026-08-21T07:47:16Z,12.972412,77.594996,976.7,53.9,34.9,20.0
CAT-EQ-1001,2026-08-21T08:47:16Z,12.972426,77.594513,976.7,54.1,32.7,0.0
CAT-EQ-1001,2026-08-21T09:47:16Z,12.973525,77.593933,976.7,54.3,31.6,0.0
CAT-EQ-1001,2026-08-21T10:47:16Z,12.972402,77.59281,976.7,54.5,29.7,0.0
CAT-EQ-1001,2026-08-21T11:47:16Z,12.973538,77.595237,976.7,54.7,28.6,0.0
CAT-EQ-1001,2026-08-21T12:47:16Z,12.972312,77.596561,976.7,54.9,27.5,0.0
CAT-EQ-1001,2026-08-21T13:47:16Z,12.972386,77.59338,976.7,55.1,26.5,0.0
CAT-EQ-1001,2026-08-21T14:47:16Z,12.971922,77.59582,976.7,55.3,24.7,0.0
CAT-EQ-1001,2026-08-21T15:47:16Z,12.97015,77.595384,976.7,55.5,23.9,0.0
CAT-EQ-1001,2026-08-21T16:47:16Z,12.972541,77.592637,976.7,55.7,22.2,0.0
CAT-EQ-1001,2026-08-21T17:47:16Z,12.97019,77.596402,976.7,55.9,95.0,0.0
CAT-EQ-1001,2026-08-21T18:47:16Z,12.973497,77.593319,976.7,56.1,94.3,0.0
CAT-EQ-1001,2026-08-21T19:47:16Z,12.973479,77.595108,976.7,56.3,92.8,0.0
CAT-EQ-1001,2026-08-21T20:47:16Z,12.973418,77.595211,977.5,56.3,91.2,5.8
CAT-EQ-1001,2026-08-21T21:47:16Z,12.97306,77.595201,978.3,56.3,89.3,22.3
CAT-EQ-1001,2026-08-21T22:47:16Z,12.971557,77.595275,979.1,56.3,88.7,21.3
CAT-EQ-1001,2026-08-21T23:47:16Z,12.972581,77.595777,979.9,56.3,87.7,5.6
CAT-EQ-1001,2026-08-22T00:47:16Z,12.969998,77.592854,980.7,56.3,86.3,17.1
CAT-EQ-1001,2026-08-22T01:47:16Z,12.971824,77.594746,981.5,56.3,85.7,24.9
CAT-EQ-1001,2026-08-22T02:47:16Z,12.97276,77.593096,982.3,56.3,84.0,17.2
CAT-EQ-1001,2026-08-22T03:47:16Z,12.97032,77.594819,983.1,56.3,82.5,29.1
CAT-EQ-1001,2026-08-22T04:47:16Z,12.97185,77.596006,983.9,56.3,81.7,8.1
CAT-EQ-1001,2026-08-22T05:47:16Z,12.971292,77.596381,984.7,56.3,80.3,29.5
CAT-EQ-1001,2026-08-22T06:47:16Z,12.972237,77.59438,985.5,56.3,78.5,12.5
CAT-EQ-1001,2026-08-22T07:47:16Z,12.971753,77.593439,986.3,56.3,77.4,22.4
CAT-EQ-1001,2026-08-22T08:47:16Z,12.970799,77.595931,986.3,56.5,76.5,0.0
CAT-EQ-1001,2026-08-22T09:47:16Z,12.970114,77.595089,986.3,56.7,75.4,0.0
CAT-EQ-1001,2026-08-22T10:47:16Z,12.9712,77.592933,986.3,56.9,73.4,0.0
CAT-EQ-1001,2026-08-22T11:47:16Z,12.969882,77.595531,986.3,57.1,72.0,0.0
CAT-EQ-1001,2026-08-22T12:47:16Z,12.972229,77.595882,986.3,57.3,70.9,0.0
CAT-EQ-1001,2026-08-22T13:47:16Z,12.971335,77.592704,986.3,57.5,68.7,0.0
CAT-EQ-1001,2026-08-22T14:47:16Z,12.971793,77.592864,986.3,57.7,68.0,0.0
CAT-EQ-1001,2026-08-22T15:47:16Z,12.973075,77.593503,986.3,57.9,67.0,0.0
CAT-EQ-1001,2026-08-22T16:47:16Z,12.97002,77.596303,986.3,58.1,65.9,0.0
CAT-EQ-1001,2026-08-22T17:47:16Z,12.971558,77.594716,986.3,58.3,64.0,0.0
CAT-EQ-1001,2026-08-22T18:47:16Z,12.973186,77.593283,986.3,58.5,62.4,0.0
CAT-EQ-1001,2026-08-22T19:47:16Z,12.973472,77.594727,986.3,58.7,60.7,0.0
CAT-EQ-1001,2026-08-22T20:47:16Z,12.971654,77.593222,987.1,58.7,60.2,26.2
CAT-EQ-1001,2026-08-22T21:47:16Z,12.973498,77.59543,987.9,58.7,58.4,14.5
CAT-EQ-1001,2026-08-22T22:47:16Z,12.972794,77.594609,988.7,58.7,56.3,20.2
CAT-EQ-1001,2026-08-22T23:47:16Z,12.970821,77.596032,989.5,58.7,54.4,15.7
CAT-EQ-1001,2026-08-23T00:47:16Z,12.97252,77.596379,990.3,58.7,53.7,15.2
CAT-EQ-1001,2026-08-23T01:47:16Z,12.973097,77.596449,991.1,58.7,52.4,6.4
CAT-EQ-1001,2026-08-23T02:47:16Z,12.973592,77.596152,991.9,58.7,51.0,17.7
CAT-EQ-1001,2026-08-23T03:47:16Z,12.972457,77.59541,992.7,58.7,49.3,15.1
CAT-EQ-1001,2026-08-23T04:47:16Z,12.973121,77.594712,993.5,58.7,47.4,11.1
CAT-EQ-1001,2026-08-23T05:47:16Z,12.971694,77.5935,994.3,58.7,45.4,20.2
CAT-EQ-1001,2026-08-23T06:47:16Z,12.971116,77.594093,995.1,58.7,44.1,26.0
CAT-EQ-1001,2026-08-23T07:47:16Z,12.970071,77.593797,995.9,58.7,42.3,27.9
CAT-EQ-1001,2026-08-23T08:47:16Z,12.97047,77.593819,995.9,58.9,40.9,0.0
CAT-EQ-1001,2026-08-23T09:47:16Z,12.971452,77.595071,995.9,59.1,40.3,0.0
CAT-EQ-1001,2026-08-23T10:47:16Z,12.971016,77.592621,995.9,59.3,39.3,0.0
CAT-EQ-1001,2026-08-23T11:47:16Z,12.971568,77.592939,995.9,59.5,38.6,0.0
CAT-EQ-1001,2026-08-23T12:47:16Z,12.970223,77.595227,995.9,59.7,37.2,0.0
CAT-EQ-1001,2026-08-23T13:47:16Z,12.970329,77.595846,995.9,59.9,36.0,0.0
CAT-EQ-1001,2026-08-23T14:47:16Z,12.971015,77.594336,995.9,60.1,35.2,0.0
CAT-EQ-1001,2026-08-23T15:47:16Z,12.969761,77.594178,995.9,60.3,34.4,0.0
CAT-EQ-1001,2026-08-23T16:47:16Z,12.971517,77.595261,995.9,60.5,33.6,0.0
CAT-EQ-1001,2026-08-23T17:47:16Z,12.972457,77.5939,995.9,60.7,31.7,0.0
CAT-EQ-1001,2026-08-23T18:47:16Z,12.972972,77.594155,995.9,60.9,29.7,0.0
CAT-EQ-1001,2026-08-23T19:47:16Z,12.9716,77.59567,995.9,61.1,28.9,0.0
CAT-EQ-1001,2026-08-23T20:47:16Z,12.971337,77.593758,996.7,61.1,27.1,22.0
CAT-EQ-1001,2026-08-23T21:47:16Z,12.970598,77.595667,997.5,61.1,25.8,24.0
CAT-EQ-1001,2026-08-23T22:47:16Z,12.972426,77.59584,998.3,61.1,24.9,29.9
CAT-EQ-1001,2026-08-23T23:47:16Z,12.972138,77.593518,999.1,61.1,23.4,17.6
CAT-EQ-1001,2026-08-24T00:47:16Z,12.972066,77.592964,999.9,61.1,22.2,6.0
CAT-EQ-1001,2026-08-24T01:47:16Z,12.970945,77.594517,1000.7,61.1,21.3,15.2
CAT-EQ-1001,2026-08-24T02:47:16Z,12.971004,77.594272,1001.5,61.1,20.3,21.1
CAT-EQ-1001,2026-08-24T03:47:16Z,12.970448,77.594488,1002.3,61.1,95.0,6.2
CAT-EQ-1001,2026-08-24T04:47:16Z,12.970817,77.592988,1003.1,61.1,93.9,7.5
CAT-EQ-1001,2026-08-24T05:47:16Z,12.971046,77.595715,1003.9,61.1,92.1,18.8
CAT-EQ-1001,2026-08-24T06:47:16Z,12.973149,77.593122,1004.7,61.1,91.0,14.3
CAT-EQ-1001,2026-08-24T07:47:16Z,12.970362,77.595419,1005.5,61.1,89.4,8.0
CAT-EQ-1001,2026-08-24T08:47:16Z,12.972501,77.596559,1005.5,61.3,88.3,0.0
CAT-EQ-1001,2026-08-24T09:47:16Z,12.971802,77.59361,1005.5,61.5,87.4,0.0
CAT-EQ-1001,2026-08-24T10:47:16Z,12.97318,77.594394,1005.5,61.7,85.3,0.0
CAT-EQ-1001,2026-08-24T11:47:16Z,12.973325,77.594615,1005.5,61.9,84.1,0.0
CAT-EQ-1001,2026-08-24T12:47:16Z,12.969782,77.594865,1005.5,62.1,83.4,0.0
CAT-EQ-1001,2026-08-24T13:47:16Z,12.972339,77.596081,1005.5,62.3,82.2,0.0
CAT-EQ-1001,2026-08-24T14:47:16Z,12.972717,77.594203,1005.5,62.5,81.0,0.0
CAT-EQ-1001,2026-08-24T15:47:16Z,12.972387,77.596117,1005.5,62.7,80.2,0.0
CAT-EQ-1001,2026-08-24T16:47:16Z,12.970814,77.593481,1005.5,62.9,78.8,0.0
CAT-EQ-1001,2026-08-24T17:47:16Z,12.970553,77.592756,1005.5,63.1,78.2,0.0
CAT-EQ-1001,2026-08-24T18:47:16Z,12.972762,77.59517,1005.5,63.3,77.2,0.0
CAT-EQ-1001,2026-08-24T19:47:16Z,12.97099,77.595021,1005.5,63.5,76.7,0.0
CAT-EQ-1001,2026-08-24T20:47:16Z,12.971233,77.595046,1006.3,63.5,75.0,7.1
CAT-EQ-1001,2026-08-24T21:47:16Z,12.973461,77.593307,1007.1,63.5,74.1,6.4
CAT-EQ-1001,2026-08-24T22:47:16Z,12.970026,77.595583,1007.9,63.5,72.3,18.4
CAT-EQ-1001,2026-08-24T23:47:16Z,12.972867,77.593483,1008.7,63.5,70.9,21.3
CAT-EQ-1001,2026-08-25T00:47:16Z,12.970527,77.595505,1009.5,63.5,70.1,19.5
CAT-EQ-1001,2026-08-25T01:47:16Z,12.973049,77.593355,1010.3,63.5,69.3,27.6
CAT-EQ-1001,2026-08-25T02:47:16Z,12.970311,77.594177,1011.1,63.5,68.5,23.2
CAT-EQ-1001,2026-08-25T03:47:16Z,12.973482,77.593001,1011.9,63.5,66.5,6.7
CAT-EQ-1001,2026-08-25T04:47:16Z,12.969683,77.595906,1012.7,63.5,65.3,23.2
CAT-EQ-1001,2026-08-25T05:47:16Z,12.970171,77.59511,1013.5,63.5,64.7,21.1
CAT-EQ-1001,2026-08-25T06:47:16Z,12.970954,77.59543,1014.3,63.5,62.9,29.2
CAT-EQ-1001,2026-08-25T07:47:16Z,12.970927,77.593218,1015.1,63.5,62.1,17.0
CAT-EQ-1001,2026-08-25T08:47:16Z,12.9729,77.593011,1015.1,63.7,61.4,0.0
CAT-EQ-1001,2026-08-25T09:47:16Z,12.973249,77.592696,1015.1,63.9,60.7,0.0
CAT-EQ-1001,2026-08-25T10:47:16Z,12.973116,77.594139,1015.1,64.1,59.8,0.0
CAT-EQ-1001,2026-08-25T11:47:16Z,12.970041,77.593007,1015.1,64.3,59.0,0.0
CAT-EQ-1001,2026-08-25T12:47:16Z,12.973293,77.596279,1015.1,64.5,58.3,0.0
CAT-EQ-1001,2026-08-25T13:47:16Z,12.971998,77.595318,1015.1,64.7,56.9,0.0
CAT-EQ-1001,2026-08-25T14:47:16Z,12.970994,77.593016,1015.1,64.9,55.0,0.0
CAT-EQ-1001,2026-08-25T15:47:16Z,12.972445,77.592905,1015.1,65.1,53.2,0.0
CAT-EQ-1001,2026-08-25T16:47:16Z,12.970881,77.594162,1015.1,65.3,51.5,0.0
CAT-EQ-1001,2026-08-25T17:47:16Z,12.971911,77.596438,1015.1,65.5,50.9,0.0
CAT-EQ-1001,2026-08-25T18:47:16Z,12.97114,77.593877,1015.1,65.7,50.1,0.0
CAT-EQ-1001,2026-08-25T19:47:16Z,12.970934,77.595809,1015.1,65.9,48.3,0.0
CAT-EQ-1001,2026-08-25T20:47:16Z,12.97173,77.595886,1015.9,65.9,46.9,11.1
CAT-EQ-1001,2026-08-25T21:47:16Z,12.972593,77.595412,1016.7,65.9,45.2,19.5
CAT-EQ-1001,2026-08-25T22:47:16Z,12.97343,77.596284,1017.5,65.9,43.7,5.1
CAT-EQ-1001,2026-08-25T23:47:16Z,12.970779,77.593177,1018.3,65.9,41.8,13.7
CAT-EQ-1001,2026-08-26T00:47:16Z,12.969823,77.593151,1019.1,65.9,39.9,29.3
CAT-EQ-1001,2026-08-26T01:47:16Z,12.971087,77.595406,1019.9,65.9,37.8,22.6
CAT-EQ-1001,2026-08-26T02:47:16Z,12.971061,77.592916,1020.7,65.9,37.2,6.8
CAT-EQ-1001,2026-08-26T03:47:16Z,12.972574,77.595592,1021.5,65.9,36.4,19.2
CAT-EQ-1001,2026-08-26T04:47:16Z,12.972381,77.593747,1022.3,65.9,34.6,12.5
CAT-EQ-1001,2026-08-26T05:47:16Z,12.969643,77.595931,1023.1,65.9,33.2,27.0
CAT-EQ-1001,2026-08-26T06:47:16Z,12.971607,77.595437,1023.9,65.9,31.2,26.9
CAT-EQ-1001,2026-08-26T07:47:16Z,12.970101,77.593447,1024.7,65.9,29.0,8.9
CAT-EQ-1001,2026-08-26T08:47:16Z,12.971837,77.595967,1024.7,66.1,27.3,0.0
CAT-EQ-1001,2026-08-26T09:47:16Z,12.972909,77.593259,1024.7,66.3,25.7,0.0
CAT-EQ-1001,2026-08-26T10:47:16Z,12.969911,77.595013,1024.7,66.5,25.0,0.0
CAT-EQ-1001,2026-08-26T11:47:16Z,12.969861,77.594988,1024.7,66.7,23.6,0.0
CAT-EQ-1001,2026-08-26T12:47:16Z,12.969729,77.593677,1024.7,66.9,22.0,0.0
CAT-EQ-1001,2026-08-26T13:47:16Z,12.969783,77.593858,1024.7,67.1,20.1,0.0
CAT-EQ-1001,2026-08-26T14:47:16Z,12.971193,77.59338,1024.7,67.3,95.0,0.0
CAT-EQ-1001,2026-08-26T15:47:16Z,12.96999,77.594229,1024.7,67.5,93.3,0.0
CAT-EQ-1001,2026-08-26T16:47:16Z,12.971949,77.594128,1024.7,67.7,92.6,0.0
CAT-EQ-1001,2026-08-26T17:47:16Z,12.971452,77.596141,1024.7,67.9,91.8,0.0
CAT-EQ-1001,2026-08-26T18:47:16Z,12.972217,77.595675,1024.7,68.1,89.9,0.0
CAT-EQ-1001,2026-08-26T19:47:16Z,12.972206,77.596321,1024.7,68.3,88.2,0.0
CAT-EQ-1001,2026-08-26T20:47:16Z,12.971324,77.596163,1025.5,68.3,86.2,24.6
CAT-EQ-1001,2026-08-26T21:47:16Z,12.97021,77.595111,1026.3,68.3,85.6,14.7
CAT-EQ-1001,2026-08-26T22:47:16Z,12.973476,77.595726,1027.1,68.3,84.2,25.1
CAT-EQ-1001,2026-08-26T23:47:16Z,12.97072,77.594053,1027.9,68.3,83.4,7.4
CAT-EQ-1001,2026-08-27T00:47:16Z,12.970624,77.596107,1028.7,68.3,82.1,9.5
CAT-EQ-1001,2026-08-27T01:47:16Z,12.973036,77.594204,1029.5,68.3,81.5,8.5
CAT-EQ-1001,2026-08-27T02:47:16Z,12.973408,77.594095,1030.3,68.3,79.6,27.9
CAT-EQ-1001,2026-08-27T03:47:16Z,12.972082,77.595175,1031.1,68.3,77.9,17.6
CAT-EQ-1001,2026-08-27T04:47:16Z,12.973012,77.593763,1031.9,68.3,53.9,11.1
CAT-EQ-1001,2026-08-27T05:47:16Z,12.969974,77.594464,1032.7,68.3,52.6,15.0
CAT-EQ-1001,2026-08-27T06:47:16Z,12.97327,77.59629,1033.5,68.3,50.9,27.5
CAT-EQ-1001,2026-08-27T07:47:16Z,12.971545,77.595409,1034.3,68.3,48.7,10.0
CAT-EQ-1001,2026-08-27T08:47:16Z,12.97148,77.595161,1034.3,68.5,47.9,0.0
CAT-EQ-1001,2026-08-27T09:47:16Z,12.973346,77.594046,1034.3,68.7,46.8,0.0
CAT-EQ-1001,2026-08-27T10:47:16Z,12.973411,77.595335,1034.3,68.9,44.8,0.0
CAT-EQ-1001,2026-08-27T11:47:16Z,12.97122,77.593793,1034.3,69.1,44.2,0.0
CAT-EQ-1001,2026-08-27T12:47:16Z,12.970638,77.595922,1034.3,69.3,42.6,0.0
CAT-EQ-1001,2026-08-27T13:47:16Z,12.970258,77.593997,1034.3,69.5,40.8,0.0
CAT-EQ-1001,2026-08-27T14:47:16Z,12.972387,77.594019,1034.3,69.7,40.0,0.0
CAT-EQ-1001,2026-08-27T15:47:16Z,12.972732,77.594989,1034.3,69.9,95.0,0.0
CAT-EQ-1001,2026-08-27T16:47:16Z,12.973545,77.596356,1034.3,70.1,93.9,0.0
CAT-EQ-1001,2026-08-27T17:47:16Z,12.971435,77.59319,1034.3,70.3,93.2,0.0
CAT-EQ-1001,2026-08-27T18:47:16Z,12.971683,77.592615,1034.3,70.5,92.0,0.0
CAT-EQ-1001,2026-08-27T19:47:16Z,12.973478,77.59299,1034.3,70.7,90.7,0.0
CAT-EQ-1001,2026-08-27T20:47:16Z,12.97111,77.593992,1035.1,70.7,90.0,29.5
CAT-EQ-1001,2026-08-27T21:47:16Z,12.972855,77.592665,1035.9,70.7,66.0,29.3
CAT-EQ-1001,2026-08-27T22:47:16Z,12.971424,77.594242,1036.7,70.7,64.4,17.6
CAT-EQ-1001,2026-08-27T23:47:16Z,12.970303,77.594314,1037.5,70.7,63.7,18.6
CAT-EQ-1001,2026-08-28T00:47:16Z,12.972354,77.59435,1038.3,70.7,61.7,19.9
CAT-EQ-1001,2026-08-28T01:47:16Z,12.972824,77.593015,1039.1,70.7,59.5,20.5
CAT-EQ-1001,2026-08-28T02:47:16Z,12.973309,77.592999,1039.9,70.7,57.8,20.4
CAT-EQ-1001,2026-08-28T03:47:16Z,12.970492,77.594419,1040.7,70.7,56.5,19.5
CAT-EQ-1001,2026-08-28T04:47:16Z,12.973256,77.594252,1041.5,70.7,54.4,9.9
CAT-EQ-1001,2026-08-28T05:47:16Z,12.971099,77.593496,1042.3,70.7,30.4,22.6
CAT-EQ-1001,2026-08-28T06:47:16Z,12.971259,77.593566,1043.1,70.7,28.5,27.0
CAT-EQ-1001,2026-08-28T07:47:16Z,12.972867,77.59588,1043.9,70.7,27.4,15.4
CAT-EQ-1001,2026-08-28T08:47:16Z,12.970567,77.596494,1043.9,70.9,25.2,0.0
CAT-EQ-1001,2026-08-28T09:47:16Z,12.971911,77.593115,1043.9,71.1,23.4,0.0
CAT-EQ-1001,2026-08-28T10:47:16Z,12.971669,77.59435,1043.9,71.3,21.3,0.0
CAT-EQ-1001,2026-08-28T11:47:16Z,12.972737,77.595972,1043.9,71.5,95.0,0.0
CAT-EQ-1001,2026-08-28T12:47:16Z,12.970415,77.592973,1043.9,71.7,92.9,0.0
CAT-EQ-1001,2026-08-28T13:47:16Z,12.97243,77.596282,1043.9,71.9,92.3,0.0
CAT-EQ-1001,2026-08-28T14:47:16Z,12.971415,77.595126,1043.9,72.1,91.6,0.0
CAT-EQ-1001,2026-08-28T15:47:16Z,12.971742,77.593581,1043.9,72.3,90.6,0.0
CAT-EQ-1001,2026-08-28T16:47:16Z,12.9707,77.59634,1043.9,72.5,89.0,0.0
CAT-EQ-1001,2026-08-28T17:47:16Z,12.971437,77.594984,1043.9,72.7,88.3,0.0
CAT-EQ-1001,2026-08-28T18:47:16Z,12.971577,77.594046,1043.9,72.9,87.7,0.0
CAT-EQ-1001,2026-08-28T19:47:16Z,12.969894,77.596437,1043.9,73.1,87.1,0.0
CAT-EQ-1001,2026-08-28T20:47:16Z,12.972834,77.593319,1044.7,73.1,85.1,22.2
CAT-EQ-1001,2026-08-28T21:47:16Z,12.973504,77.596575,1045.5,73.1,84.5,9.5
CAT-EQ-1001,2026-08-28T22:47:16Z,12.973306,77.593371,1046.3,73.1,82.8,20.4
CAT-EQ-1001,2026-08-28T23:47:16Z,12.970059,77.593468,1047.1,73.1,80.8,5.6
CAT-EQ-1001,2026-08-29T00:47:16Z,12.971526,77.596413,1047.9,73.1,79.8,10.5
CAT-EQ-1001,2026-08-29T01:47:16Z,12.971651,77.5942,1048.7,73.1,78.5,18.8
CAT-EQ-1001,2026-08-29T02:47:16Z,12.971171,77.594935,1049.5,73.1,77.5,9.3
CAT-EQ-1001,2026-08-29T03:47:16Z,12.973131,77.594295,1050.3,73.1,76.2,12.8
CAT-EQ-1001,2026-08-29T04:47:16Z,12.971869,77.594096,1051.1,73.1,75.0,25.4
CAT-EQ-1001,2026-08-29T05:47:16Z,12.971947,77.593774,1051.9,73.1,73.6,6.6
CAT-EQ-1001,2026-08-29T06:47:16Z,12.97032,77.593891,1052.7,73.1,73.0,21.1
CAT-EQ-1001,2026-08-29T07:47:16Z,12.972718,77.593089,1053.5,73.1,71.9,13.9
CAT-EQ-1001,2026-08-29T08:47:16Z,12.972781,77.596195,1053.5,73.3,70.6,0.0
CAT-EQ-1001,2026-08-29T09:47:16Z,12.970012,77.593712,1053.5,73.5,69.2,0.0
CAT-EQ-1001,2026-08-29T10:47:16Z,12.973171,77.594287,1053.5,73.7,68.6,0.0
CAT-EQ-1001,2026-08-29T11:47:16Z,12.972811,77.594595,1053.5,73.9,67.8,0.0
CAT-EQ-1001,2026-08-29T12:47:16Z,12.970907,77.594131,1053.5,74.1,67.0,0.0
CAT-EQ-1001,2026-08-29T13:47:16Z,12.973552,77.596247,1053.5,74.3,65.0,0.0
CAT-EQ-1001,2026-08-29T14:47:16Z,12.973272,77.592756,1053.5,74.5,63.0,0.0
CAT-EQ-1001,2026-08-29T15:47:16Z,12.972493,77.593699,1053.5,74.7,61.1,0.0
CAT-EQ-1001,2026-08-29T16:47:16Z,12.972049,77.594173,1053.5,74.9,60.1,0.0
CAT-EQ-1001,2026-08-29T17:47:16Z,12.970086,77.594096,1053.5,75.1,57.9,0.0
CAT-EQ-1001,2026-08-29T18:47:16Z,12.970021,77.593891,1053.5,75.3,57.4,0.0
CAT-EQ-1001,2026-08-29T19:47:16Z,12.973209,77.594076,1053.5,75.5,56.6,0.0
CAT-EQ-1001,2026-08-29T20:47:16Z,12.97274,77.593043,1054.3,75.5,55.7,29.7
CAT-EQ-1001,2026-08-29T21:47:16Z,12.97068,77.593281,1055.1,75.5,53.8,6.9
CAT-EQ-1001,2026-08-29T22:47:16Z,12.973151,77.596463,1055.9,75.5,52.0,16.5
CAT-EQ-1001,2026-08-29T23:47:16Z,12.972245,77.596505,1056.7,75.5,50.5,16.2
CAT-EQ-1001,2026-08-30T00:47:16Z,12.969931,77.594834,1057.5,75.5,49.5,23.3
CAT-EQ-1001,2026-08-30T01:47:16Z,12.973487,77.592841,1058.3,75.5,48.9,21.5
CAT-EQ-1001,2026-08-30T02:47:16Z,12.970435,77.594962,1059.1,75.5,48.2,10.4
CAT-EQ-1001,2026-08-30T03:47:16Z,12.970216,77.594618,1059.9,75.5,46.9,26.5
CAT-EQ-1001,2026-08-30T04:47:16Z,12.971654,77.59572,1060.7,75.5,45.0,10.5
CAT-EQ-1001,2026-08-30T05:47:16Z,12.972194,77.593189,1061.5,75.5,43.0,11.9
CAT-EQ-1001,2026-08-30T06:47:16Z,12.969714,77.595248,1062.3,75.5,42.2,23.6
CAT-EQ-1001,2026-08-30T07:47:16Z,12.970202,77.594609,1063.1,75.5,40.9,11.6
CAT-EQ-1001,2026-08-30T08:47:16Z,12.972194,77.595528,1063.1,75.7,40.3,0.0
CAT-EQ-1001,2026-08-30T09:47:16Z,12.971718,77.594574,1063.1,75.9,38.7,0.0
CAT-EQ-1001,2026-08-30T10:47:16Z,12.970478,77.592813,1063.1,76.1,36.6,0.0
CAT-EQ-1001,2026-08-30T11:47:16Z,12.970506,77.595081,1063.1,76.3,35.9,0.0
CAT-EQ-1001,2026-08-30T12:47:16Z,12.973118,77.593673,1063.1,76.5,34.2,0.0
CAT-EQ-1001,2026-08-30T13:47:16Z,12.971985,77.595536,1063.1,76.7,33.2,0.0
CAT-EQ-1001,2026-08-30T14:47:16Z,12.970821,77.596227,1063.1,76.9,31.9,0.0
CAT-EQ-1001,2026-08-30T15:47:16Z,12.973199,77.593167,1063.1,77.1,31.1,0.0
CAT-EQ-1001,2026-08-30T16:47:16Z,12.970655,77.592908,1063.1,77.3,30.3,0.0
CAT-EQ-1001,2026-08-30T17:47:16Z,12.971933,77.594553,1063.1,77.5,28.1,0.0
CAT-EQ-1001,2026-08-30T18:47:16Z,12.973562,77.595941,1063.1,77.7,26.7,0.0
CAT-EQ-1001,2026-08-30T19:47:16Z,12.970818,77.595545,1063.1,77.9,26.0,0.0
CAT-EQ-1001,2026-08-30T20:47:16Z,12.971057,77.592654,1063.9,77.9,24.7,23.4
CAT-EQ-1001,2026-08-30T21:47:16Z,12.973209,77.594983,1064.7,77.9,22.7,22.8
CAT-EQ-1001,2026-08-30T22:47:16Z,12.973025,77.595237,1065.5,77.9,20.6,22.1
CAT-EQ-1001,2026-08-30T23:47:16Z,12.971038,77.595577,1066.3,77.9,95.0,17.4
CAT-EQ-1001,2026-08-31T00:47:16Z,12.972315,77.596197,1067.1,77.9,93.0,28.9
CAT-EQ-1001,2026-08-31T01:47:16Z,12.973152,77.594164,1067.9,77.9,91.4,29.0
CAT-EQ-1001,2026-08-31T02:47:16Z,12.970973,77.595049,1068.7,77.9,90.0,29.8
CAT-EQ-1001,2026-08-31T03:47:16Z,12.973478,77.594596,1069.5,77.9,89.0,16.4
CAT-EQ-1001,2026-08-31T04:47:16Z,12.972257,77.593815,1070.3,77.9,87.4,16.7
CAT-EQ-1001,2026-08-31T05:47:16Z,12.971972,77.592813,1071.1,77.9,86.4,25.0
CAT-EQ-1001,2026-08-31T06:47:16Z,12.970606,77.594001,1071.9,77.9,62.4,15.8
CAT-EQ-1001,2026-08-31T07:47:16Z,12.969944,77.593683,1072.7,77.9,61.7,26.5
CAT-EQ-1001,2026-08-31T08:47:16Z,12.970475,77.594493,1072.7,78.1,61.0,0.0
CAT-EQ-1001,2026-08-31T09:47:16Z,12.973468,77.592993,1072.7,78.3,59.8,0.0
CAT-EQ-1001,2026-08-31T10:47:16Z,12.972316,77.59389,1072.7,78.5,58.4,0.0
CAT-EQ-1001,2026-08-31T11:47:16Z,12.971817,77.593804,1072.7,78.7,57.6,0.0
CAT-EQ-1001,2026-08-31T12:47:16Z,12.971104,77.596104,1072.7,78.9,56.2,0.0
CAT-EQ-1001,2026-08-31T13:47:16Z,12.97334,77.59545,1072.7,79.1,55.2,0.0
CAT-EQ-1001,2026-08-31T14:47:16Z,12.969711,77.594836,1072.7,79.3,54.0,0.0
CAT-EQ-1001,2026-08-31T15:47:16Z,12.97081,77.593571,1072.7,79.5,52.4,0.0
CAT-EQ-1001,2026-08-31T16:47:16Z,12.970773,77.595621,1072.7,79.7,51.0,0.0
CAT-EQ-1001,2026-08-31T17:47:16Z,12.97283,77.5961,1072.7,79.9,27.0,0.0
CAT-EQ-1001,2026-08-31T18:47:16Z,12.9722,77.593934,1072.7,80.1,25.1,0.0
CAT-EQ-1001,2026-08-31T19:47:16Z,12.969843,77.595562,1072.7,80.3,24.0,0.0
CAT-EQ-1001,2026-08-31T20:47:16Z,12.972562,77.594581,1073.5,80.3,23.2,23.5
CAT-EQ-1001,2026-08-31T21:47:16Z,12.973557,77.592626,1074.3,80.3,22.2,21.9
CAT-EQ-1001,2026-08-31T22:47:16Z,12.972015,77.593084,1075.1,80.3,95.0,22.2
CAT-EQ-1001,2026-08-31T23:47:16Z,12.969823,77.593087,1075.9,80.3,93.7,10.1
CAT-EQ-1001,2026-09-01T00:47:16Z,12.972887,77.595325,1076.7,80.3,92.3,29.6
CAT-EQ-1001,2026-09-01T01:47:16Z,12.972874,77.59523,1077.5,80.3,91.5,20.4
CAT-EQ-1001,2026-09-01T02:47:16Z,12.97227,77.596436,1078.3,80.3,90.5,23.5
CAT-EQ-1001,2026-09-01T03:47:16Z,12.971268,77.594299,1079.1,80.3,89.8,21.7
CAT-EQ-1001,2026-09-01T04:47:16Z,12.970811,77.59518,1079.9,80.3,65.8,16.4
CAT-EQ-1001,2026-09-01T05:47:16Z,12.971472,77.595492,1080.7,80.3,63.7,20.5
CAT-EQ-1001,2026-09-01T06:47:16Z,12.970995,77.595425,1081.5,80.3,62.3,29.5
CAT-EQ-1001,2026-09-01T07:47:16Z,12.970957,77.595461,1082.3,80.3,60.6,6.6
CAT-EQ-1001,2026-09-01T08:47:16Z,12.971176,77.596265,1082.3,80.5,59.6,0.0
CAT-EQ-1001,2026-09-01T09:47:16Z,12.971904,77.59631,1082.3,80.7,58.0,0.0
CAT-EQ-1001,2026-09-01T10:47:16Z,12.973421,77.593992,1082.3,80.9,56.9,0.0
CAT-EQ-1001,2026-09-01T11:47:16Z,12.970237,77.592986,1082.3,81.1,55.0,0.0
CAT-EQ-1001,2026-09-01T12:47:16Z,12.973525,77.595834,1082.3,81.3,53.2,0.0
CAT-EQ-1001,2026-09-01T13:47:16Z,12.97317,77.595623,1082.3,81.5,52.4,0.0
CAT-EQ-1001,2026-09-01T14:47:16Z,12.972987,77.592892,1082.3,81.7,51.7,0.0
CAT-EQ-1001,2026-09-01T15:47:16Z,12.970885,77.595395,1082.3,81.9,49.6,0.0
CAT-EQ-1001,2026-09-01T16:47:16Z,12.97061,77.59435,1082.3,82.1,48.8,0.0
CAT-EQ-1001,2026-09-01T17:47:16Z,12.972835,77.593369,1082.3,82.3,46.9,0.0
CAT-EQ-1001,2026-09-01T18:47:16Z,12.97284,77.596173,1082.3,82.5,46.1,0.0
CAT-EQ-1001,2026-09-01T19:47:16Z,12.970341,77.59552,1082.3,82.7,45.4,0.0
CAT-EQ-1001,2026-09-01T20:47:16Z,12.971495,77.594008,1083.1,82.7,44.0,21.1
CAT-EQ-1001,2026-09-01T21:47:16Z,12.971104,77.592883,1083.9,82.7,42.7,19.0
CAT-EQ-1001,2026-09-01T22:47:16Z,12.972006,77.593924,1084.7,82.7,41.8,24.6
CAT-EQ-1001,2026-09-01T23:47:16Z,12.969872,77.596086,1085.5,82.7,40.1,28.5
CAT-EQ-1001,2026-09-02T00:47:16Z,12.9716,77.594197,1086.3,82.7,38.1,6.9
CAT-EQ-1001,2026-09-02T01:47:16Z,12.970652,77.59272,1087.1,82.7,36.0,22.4
CAT-EQ-1001,2026-09-02T02:47:16Z,12.971788,77.595535,1087.9,82.7,35.3,11.5
CAT-EQ-1001,2026-09-02T03:47:16Z,12.973392,77.596217,1088.7,82.7,34.6,21.6
CAT-EQ-1001,2026-09-02T04:47:16Z,12.971993,77.59505,1089.5,82.7,32.5,24.1
CAT-EQ-1001,2026-09-02T05:47:16Z,12.969742,77.59463,1090.3,82.7,32.0,18.8
CAT-EQ-1001,2026-09-02T06:47:16Z,12.969686,77.592821,1091.1,82.7,29.8,15.8
CAT-EQ-1001,2026-09-02T07:47:16Z,12.972552,77.59481,1091.9,82.7,28.1,25.3
CAT-EQ-1001,2026-09-02T08:47:16Z,12.971307,77.593151,1091.9,82.9,26.9,0.0
CAT-EQ-1001,2026-09-02T09:47:16Z,12.970375,77.594346,1091.9,83.1,25.8,0.0
CAT-EQ-1001,2026-09-02T10:47:16Z,12.97259,77.596153,1091.9,83.3,24.9,0.0
CAT-EQ-1001,2026-09-02T11:47:16Z,12.972479,77.59585,1091.9,83.5,24.4,0.0
CAT-EQ-1001,2026-09-02T12:47:16Z,12.970999,77.595221,1091.9,83.7,23.8,0.0
CAT-EQ-1002,2026-08-19T13:47:16Z,17.384001,78.486875,809.4,102.9,94.4,0.0
CAT-EQ-1002,2026-08-19T14:47:16Z,17.383881,78.487553,809.4,103.1,92.3,0.0
CAT-EQ-1002,2026-08-19T15:47:16Z,17.385107,78.48577,809.4,103.3,90.7,0.0
CAT-EQ-1002,2026-08-19T16:47:16Z,17.385822,78.487187,809.4,103.5,88.7,0.0
CAT-EQ-1002,2026-08-19T17:47:16Z,17.383922,78.487668,809.4,103.7,86.5,0.0
CAT-EQ-1002,2026-08-19T18:47:16Z,17.386912,78.487493,809.4,103.9,85.8,0.0
CAT-EQ-1002,2026-08-19T19:47:16Z,17.383135,78.485812,809.4,104.1,84.4,0.0
CAT-EQ-1002,2026-08-19T20:47:16Z,17.384981,78.488151,810.2,104.1,82.9,25.7
CAT-EQ-1002,2026-08-19T21:47:16Z,17.383209,78.485921,811.0,104.1,81.7,6.1
CAT-EQ-1002,2026-08-19T22:47:16Z,17.386691,78.48833,811.8,104.1,79.6,13.7
CAT-EQ-1002,2026-08-19T23:47:16Z,17.384736,78.48641,812.6,104.1,77.7,19.8
CAT-EQ-1002,2026-08-20T00:47:16Z,17.385885,78.487412,813.4,104.1,76.6,23.4
CAT-EQ-1002,2026-08-20T01:47:16Z,17.385076,78.48535,814.2,104.1,75.1,28.4
CAT-EQ-1002,2026-08-20T02:47:16Z,17.386198,78.488504,815.0,104.1,74.6,23.6
CAT-EQ-1002,2026-08-20T03:47:16Z,17.385462,78.486147,815.8,104.1,73.4,11.2
CAT-EQ-1002,2026-08-20T04:47:16Z,17.385274,78.485984,816.6,104.1,72.7,24.6
CAT-EQ-1002,2026-08-20T05:47:16Z,17.386864,78.486621,817.4,104.1,71.4,9.5
CAT-EQ-1002,2026-08-20T06:47:16Z,17.385441,78.485956,818.2,104.1,70.4,10.4
CAT-EQ-1002,2026-08-20T07:47:16Z,17.383509,78.487221,819.0,104.1,68.5,9.5
CAT-EQ-1002,2026-08-20T08:47:16Z,17.383154,78.487438,819.0,104.3,67.8,0.0
CAT-EQ-1002,2026-08-20T09:47:16Z,17.383243,78.487558,819.0,104.5,66.0,0.0
CAT-EQ-1002,2026-08-20T10:47:16Z,17.384413,78.487573,819.0,104.7,64.1,0.0
CAT-EQ-1002,2026-08-20T11:47:16Z,17.385044,78.485648,819.0,104.9,62.8,0.0
CAT-EQ-1002,2026-08-20T12:47:16Z,17.385568,78.488203,819.0,105.1,61.6,0.0
CAT-EQ-1002,2026-08-20T13:47:16Z,17.384633,78.487308,819.0,105.3,60.5,0.0
CAT-EQ-1002,2026-08-20T14:47:16Z,17.383178,78.488421,819.0,105.5,59.8,0.0
CAT-EQ-1002,2026-08-20T15:47:16Z,17.385043,78.487823,819.0,105.7,57.9,0.0
CAT-EQ-1002,2026-08-20T16:47:16Z,17.386323,78.48483,819.0,105.9,57.0,0.0
CAT-EQ-1002,2026-08-20T17:47:16Z,17.383309,78.488442,819.0,106.1,56.4,0.0
CAT-EQ-1002,2026-08-20T18:47:16Z,17.384672,78.487632,819.0,106.3,55.0,0.0
CAT-EQ-1002,2026-08-20T19:47:16Z,17.385098,78.486464,819.0,106.5,53.7,0.0
CAT-EQ-1002,2026-08-20T20:47:16Z,17.386071,78.486148,819.8,106.5,52.8,25.9
CAT-EQ-1002,2026-08-20T21:47:16Z,17.386521,78.486148,820.6,106.5,51.0,23.7
CAT-EQ-1002,2026-08-20T22:47:16Z,17.384796,78.486375,821.4,106.5,49.5,17.6
CAT-EQ-1002,2026-08-20T23:47:16Z,17.38463,78.487039,822.2,106.5,47.7,25.7
CAT-EQ-1002,2026-08-21T00:47:16Z,17.384684,78.488633,823.0,106.5,47.0,11.5
CAT-EQ-1002,2026-08-21T01:47:16Z,17.383062,78.485183,823.8,106.5,45.0,20.8
CAT-EQ-1002,2026-08-21T02:47:16Z,17.383136,78.486426,824.6,106.5,44.3,18.9
CAT-EQ-1002,2026-08-21T03:47:16Z,17.386617,78.486117,825.4,106.5,42.3,29.7
CAT-EQ-1002,2026-08-21T04:47:16Z,17.386593,78.487066,826.2,106.5,40.2,18.9
CAT-EQ-1002,2026-08-21T05:47:16Z,17.384796,78.486335,827.0,106.5,39.1,29.9
CAT-EQ-1002,2026-08-21T06:47:16Z,17.383734,78.487764,827.8,106.5,38.4,25.9
CAT-EQ-1002,2026-08-21T07:47:16Z,17.384479,78.487298,828.6,106.5,36.9,28.4
CAT-EQ-1002,2026-08-21T08:47:16Z,17.386779,78.485088,828.6,106.7,35.4,0.0
CAT-EQ-1002,2026-08-21T09:47:16Z,17.385319,78.488076,828.6,106.9,33.4,0.0
CAT-EQ-1002,2026-08-21T10:47:16Z,17.383573,78.487956,828.6,107.1,32.6,0.0
CAT-EQ-1002,2026-08-21T11:47:16Z,17.385301,78.487162,828.6,107.3,31.2,0.0
CAT-EQ-1002,2026-08-21T12:47:16Z,17.384756,78.488241,828.6,107.5,30.2,0.0
CAT-EQ-1002,2026-08-21T13:47:16Z,17.386698,78.487366,828.6,107.7,28.4,0.0
CAT-EQ-1002,2026-08-21T14:47:16Z,17.383109,78.48831,828.6,107.9,26.6,0.0
CAT-EQ-1002,2026-08-21T15:47:16Z,17.38633,78.484803,828.6,108.1,26.1,0.0
CAT-EQ-1002,2026-08-21T16:47:16Z,17.385084,78.488024,828.6,108.3,24.4,0.0
CAT-EQ-1002,2026-08-21T17:47:16Z,17.384778,78.486429,828.6,108.5,22.5,0.0
CAT-EQ-1002,2026-08-21T18:47:16Z,17.383466,78.486115,828.6,108.7,20.7,0.0
CAT-EQ-1002,2026-08-21T19:47:16Z,17.385028,78.485804,828.6,108.9,95.0,0.0
CAT-EQ-1002,2026-08-21T20:47:16Z,17.386699,78.486434,829.4,108.9,94.0,17.8
CAT-EQ-1002,2026-08-21T21:47:16Z,17.38651,78.484843,830.2,108.9,92.3,24.9
CAT-EQ-1002,2026-08-21T22:47:16Z,17.385693,78.485761,831.0,108.9,90.2,5.2
CAT-EQ-1002,2026-08-21T23:47:16Z,17.386503,78.488503,831.8,108.9,89.4,25.3
CAT-EQ-1002,2026-08-22T00:47:16Z,17.383834,78.485412,832.6,108.9,88.0,94.5
CAT-EQ-1002,2026-08-22T01:47:16Z,17.384937,78.487328,833.4,108.9,86.4,11.6
CAT-EQ-1002,2026-08-22T02:47:16Z,17.386187,78.486269,834.2,108.9,85.0,12.5
CAT-EQ-1002,2026-08-22T03:47:16Z,17.38602,78.485849,835.0,108.9,83.0,17.0
CAT-EQ-1002,2026-08-22T04:47:16Z,17.384276,78.485154,835.8,108.9,81.8,13.1
CAT-EQ-1002,2026-08-22T05:47:16Z,17.384957,78.486348,836.6,108.9,79.9,22.6
CAT-EQ-1002,2026-08-22T06:47:16Z,17.383243,78.487787,837.4,108.9,78.1,12.3
CAT-EQ-1002,2026-08-22T07:47:16Z,17.386649,78.485773,838.2,108.9,76.9,12.9
CAT-EQ-1002,2026-08-22T08:47:16Z,17.384639,78.48699,838.2,109.1,75.9,0.0
CAT-EQ-1002,2026-08-22T09:47:16Z,17.385453,78.486019,838.2,109.3,73.7,0.0
CAT-EQ-1002,2026-08-22T10:47:16Z,17.383361,78.487519,838.2,109.5,71.9,0.0
CAT-EQ-1002,2026-08-22T11:47:16Z,17.385075,78.486148,838.2,109.7,70.3,0.0
CAT-EQ-1002,2026-08-22T12:47:16Z,17.383917,78.487905,838.2,109.9,68.3,0.0
CAT-EQ-1002,2026-08-22T13:47:16Z,17.38676,78.484844,838.2,110.1,66.6,0.0
CAT-EQ-1002,2026-08-22T14:47:16Z,17.38494,78.485328,838.2,110.3,65.4,0.0
CAT-EQ-1002,2026-08-22T15:47:16Z,17.38409,78.485195,838.2,110.5,64.5,0.0
CAT-EQ-1002,2026-08-22T16:47:16Z,17.38408,78.48504,838.2,110.7,62.7,0.0
CAT-EQ-1002,2026-08-22T17:47:16Z,17.383059,78.488021,838.2,110.9,61.5,0.0
CAT-EQ-1002,2026-08-22T18:47:16Z,17.383777,78.487123,838.2,111.1,59.6,0.0
CAT-EQ-1002,2026-08-22T19:47:16Z,17.384096,78.485511,838.2,111.3,59.1,0.0
CAT-EQ-1002,2026-08-22T20:47:16Z,17.386868,78.486944,839.0,111.3,58.4,21.4
CAT-EQ-1002,2026-08-22T21:47:16Z,17.384988,78.486275,839.8,111.3,57.9,27.7
CAT-EQ-1002,2026-08-22T22:47:16Z,17.384589,78.485628,840.6,111.3,55.8,18.7
CAT-EQ-1002,2026-08-22T23:47:16Z,17.386903,78.485082,841.4,111.3,53.9,19.1
CAT-EQ-1002,2026-08-23T00:47:16Z,17.385466,78.486594,842.2,111.3,53.1,26.6
CAT-EQ-1002,2026-08-23T01:47:16Z,17.384246,78.486051,843.0,111.3,52.2,19.2
CAT-EQ-1002,2026-08-23T02:47:16Z,17.385762,78.48772,843.8,111.3,51.7,13.0
CAT-EQ-1002,2026-08-23T03:47:16Z,17.385835,78.486758,844.6,111.3,50.7,18.6
CAT-EQ-1002,2026-08-23T04:47:16Z,17.384503,78.487728,845.4,111.3,49.0,29.8
CAT-EQ-1002,2026-08-23T05:47:16Z,17.383156,78.486397,846.2,111.3,46.8,23.7
CAT-EQ-1002,2026-08-23T06:47:16Z,17.384598,78.485887,847.0,111.3,45.4,25.1
CAT-EQ-1002,2026-08-23T07:47:16Z,17.38546,78.486187,847.8,111.3,44.0,12.4
CAT-EQ-1002,2026-08-23T08:47:16Z,17.385456,78.487558,847.8,111.5,43.2,0.0
CAT-EQ-1002,2026-08-23T09:47:16Z,17.386708,78.487581,847.8,111.7,41.1,0.0
CAT-EQ-1002,2026-08-23T10:47:16Z,17.383039,78.486365,847.8,111.9,39.2,0.0
CAT-EQ-1002,2026-08-23T11:47:16Z,17.383751,78.487476,847.8,112.1,38.1,0.0
CAT-EQ-1002,2026-08-23T12:47:16Z,17.383626,78.486102,847.8,112.3,36.8,0.0
CAT-EQ-1002,2026-08-23T13:47:16Z,17.384098,78.487983,847.8,112.5,34.7,0.0
CAT-EQ-1002,2026-08-23T14:47:16Z,17.384613,78.485719,847.8,112.7,33.2,0.0
CAT-EQ-1002,2026-08-23T15:47:16Z,17.385923,78.48582,847.8,112.9,32.4,0.0
CAT-EQ-1002,2026-08-23T16:47:16Z,17.386064,78.486021,847.8,113.1,30.9,0.0
CAT-EQ-1002,2026-08-23T17:47:16Z,17.386485,78.487374,847.8,113.3,29.1,0.0
CAT-EQ-1002,2026-08-23T18:47:16Z,17.383365,78.487913,847.8,113.5,26.9,0.0
CAT-EQ-1002,2026-08-23T19:47:16Z,17.386584,78.484909,847.8,113.7,25.8,0.0
CAT-EQ-1002,2026-08-23T20:47:16Z,17.383469,78.486941,848.6,113.7,24.5,16.0
CAT-EQ-1002,2026-08-23T21:47:16Z,17.385123,78.488233,849.4,113.7,23.1,14.6
CAT-EQ-1002,2026-08-23T22:47:16Z,17.38636,78.486942,850.2,113.7,21.4,28.9
CAT-EQ-1002,2026-08-23T23:47:16Z,17.384393,78.484801,851.0,113.7,20.1,24.7
CAT-EQ-1002,2026-08-24T00:47:16Z,17.385239,78.488692,851.8,113.7,95.0,16.7
CAT-EQ-1002,2026-08-24T01:47:16Z,17.384768,78.486804,852.6,113.7,94.5,14.6
CAT-EQ-1002,2026-08-24T02:47:16Z,17.386686,78.487127,853.4,113.7,93.6,12.8
CAT-EQ-1002,2026-08-24T03:47:16Z,17.384012,78.487201,854.2,113.7,91.9,11.9
CAT-EQ-1002,2026-08-24T04:47:16Z,17.385529,78.486661,855.0,113.7,89.7,25.6
CAT-EQ-1002,2026-08-24T05:47:16Z,17.383115,78.488277,855.8,113.7,89.1,26.9
CAT-EQ-1002,2026-08-24T06:47:16Z,17.386383,78.484924,856.6,113.7,87.9,23.4
CAT-EQ-1002,2026-08-24T07:47:16Z,17.383777,78.487156,857.4,113.7,85.7,6.6
CAT-EQ-1002,2026-08-24T08:47:16Z,17.385837,78.488323,857.4,113.9,84.7,0.0
CAT-EQ-1002,2026-08-24T09:47:16Z,17.384613,78.488051,857.4,114.1,82.6,0.0
CAT-EQ-1002,2026-08-24T10:47:16Z,17.385916,78.485036,857.4,114.3,81.2,0.0
CAT-EQ-1002,2026-08-24T11:47:16Z,17.383692,78.487687,857.4,114.5,79.9,0.0
CAT-EQ-1002,2026-08-24T12:47:16Z,17.384366,78.486973,857.4,114.7,78.8,0.0
CAT-EQ-1002,2026-08-24T13:47:16Z,17.383362,78.487618,857.4,114.9,78.1,0.0
CAT-EQ-1002,2026-08-24T14:47:16Z,17.386155,78.48557,857.4,115.1,76.3,0.0
CAT-EQ-1002,2026-08-24T15:47:16Z,17.386349,78.487269,857.4,115.3,75.4,0.0
CAT-EQ-1002,2026-08-24T16:47:16Z,17.383213,78.487524,857.4,115.5,74.6,0.0
CAT-EQ-1002,2026-08-24T17:47:16Z,17.383753,78.488234,857.4,115.7,73.7,0.0
CAT-EQ-1002,2026-08-24T18:47:16Z,17.38496,78.487015,857.4,115.9,72.8,0.0
CAT-EQ-1002,2026-08-24T19:47:16Z,17.386327,78.484847,857.4,116.1,71.2,0.0
CAT-EQ-1002,2026-08-24T20:47:16Z,17.384388,78.487944,858.2,116.1,69.5,14.6
CAT-EQ-1002,2026-08-24T21:47:16Z,17.386177,78.485063,859.0,116.1,67.6,10.2
CAT-EQ-1002,2026-08-24T22:47:16Z,17.385633,78.485446,859.8,116.1,66.9,11.5
CAT-EQ-1002,2026-08-24T23:47:16Z,17.383135,78.487505,860.6,116.1,65.4,19.7
CAT-EQ-1002,2026-08-25T00:47:16Z,17.385592,78.485101,861.4,116.1,64.4,94.5
CAT-EQ-1002,2026-08-25T01:47:16Z,17.386237,78.486526,862.2,116.1,63.8,12.7
CAT-EQ-1002,2026-08-25T02:47:16Z,17.384493,78.486052,863.0,116.1,62.9,15.9
CAT-EQ-1002,2026-08-25T03:47:16Z,17.386603,78.486728,863.8,116.1,61.1,12.5
CAT-EQ-1002,2026-08-25T04:47:16Z,17.385049,78.488389,864.6,116.1,60.5,24.4
CAT-EQ-1002,2026-08-25T05:47:16Z,17.386007,78.48522,865.4,116.1,58.4,29.1
CAT-EQ-1002,2026-08-25T06:47:16Z,17.386206,78.486535,866.2,116.1,56.6,29.0
CAT-EQ-1002,2026-08-25T07:47:16Z,17.383322,78.485645,867.0,116.1,55.6,5.0
CAT-EQ-1002,2026-08-25T08:47:16Z,17.386383,78.486197,867.0,116.3,53.9,0.0
CAT-EQ-1002,2026-08-25T09:47:16Z,17.385795,78.488351,867.0,116.5,52.2,0.0
CAT-EQ-1002,2026-08-25T10:47:16Z,17.383383,78.485214,867.0,116.7,50.4,0.0
CAT-EQ-1002,2026-08-25T11:47:16Z,17.386279,78.487621,867.0,116.9,48.4,0.0
CAT-EQ-1002,2026-08-25T12:47:16Z,17.385962,78.487046,867.0,117.1,47.1,0.0
CAT-EQ-1002,2026-08-25T13:47:16Z,17.384359,78.487993,867.0,117.3,46.0,0.0
CAT-EQ-1002,2026-08-25T14:47:16Z,17.383552,78.485452,867.0,117.5,44.4,0.0
CAT-EQ-1002,2026-08-25T15:47:16Z,17.384703,78.48584,867.0,117.7,42.8,0.0
CAT-EQ-1002,2026-08-25T16:47:16Z,17.384687,78.485354,867.0,117.9,40.6,0.0
CAT-EQ-1002,2026-08-25T17:47:16Z,17.385744,78.485106,867.0,118.1,40.0,0.0
CAT-EQ-1002,2026-08-25T18:47:16Z,17.384276,78.486999,867.0,118.3,95.0,0.0
CAT-EQ-1002,2026-08-25T19:47:16Z,17.384607,78.487785,867.0,118.5,92.9,0.0
CAT-EQ-1002,2026-08-25T20:47:16Z,17.384801,78.486191,867.8,118.5,91.0,11.5
CAT-EQ-1002,2026-08-25T21:47:16Z,17.386923,78.486827,868.6,118.5,89.2,13.4
CAT-EQ-1002,2026-08-25T22:47:16Z,17.385361,78.48549,869.4,118.5,87.1,21.9
CAT-EQ-1002,2026-08-25T23:47:16Z,17.383486,78.486658,870.2,118.5,86.1,23.2
CAT-EQ-1002,2026-08-26T00:47:16Z,17.384185,78.487977,871.0,118.5,85.0,27.2
CAT-EQ-1002,2026-08-26T01:47:16Z,17.385544,78.487083,871.8,118.5,84.0,9.5
CAT-EQ-1002,2026-08-26T02:47:16Z,17.383378,78.487607,872.6,118.5,83.3,5.9
CAT-EQ-1002,2026-08-26T03:47:16Z,17.383976,78.488002,873.4,118.5,81.7,15.8
CAT-EQ-1002,2026-08-26T04:47:16Z,17.384491,78.485287,874.2,118.5,81.0,23.3
CAT-EQ-1002,2026-08-26T05:47:16Z,17.383315,78.48841,875.0,118.5,78.9,20.9
CAT-EQ-1002,2026-08-26T06:47:16Z,17.385612,78.488232,875.8,118.5,77.9,15.6
CAT-EQ-1002,2026-08-26T07:47:16Z,17.384213,78.486756,876.6,118.5,77.0,15.8
CAT-EQ-1002,2026-08-26T08:47:16Z,17.384892,78.487743,876.6,118.7,75.8,0.0
CAT-EQ-1002,2026-08-26T09:47:16Z,17.385686,78.487118,876.6,118.9,74.9,0.0
CAT-EQ-1002,2026-08-26T10:47:16Z,17.383075,78.486357,876.6,119.1,73.7,0.0
CAT-EQ-1002,2026-08-26T11:47:16Z,17.384273,78.485585,876.6,119.3,71.5,0.0
CAT-EQ-1002,2026-08-26T12:47:16Z,17.385848,78.488008,876.6,119.5,70.5,0.0
CAT-EQ-1002,2026-08-26T13:47:16Z,17.386719,78.48475,876.6,119.7,69.4,0.0
CAT-EQ-1002,2026-08-26T14:47:16Z,17.38597,78.485543,876.6,119.9,68.1,0.0
CAT-EQ-1002,2026-08-26T15:47:16Z,17.386409,78.488571,876.6,120.1,67.5,0.0
CAT-EQ-1002,2026-08-26T16:47:16Z,17.386939,78.486177,876.6,120.3,66.7,0.0
CAT-EQ-1002,2026-08-26T17:47:16Z,17.385499,78.485367,876.6,120.5,66.1,0.0
CAT-EQ-1002,2026-08-26T18:47:16Z,17.386893,78.486926,876.6,120.7,65.6,0.0
CAT-EQ-1002,2026-08-26T19:47:16Z,17.385428,78.488099,876.6,120.9,64.9,0.0
CAT-EQ-1002,2026-08-26T20:47:16Z,17.383636,78.48781,877.4,120.9,64.1,10.5
CAT-EQ-1002,2026-08-26T21:47:16Z,17.385397,78.485978,878.2,120.9,62.9,15.0
CAT-EQ-1002,2026-08-26T22:47:16Z,17.384271,78.486843,879.0,120.9,61.1,7.6
CAT-EQ-1002,2026-08-26T23:47:16Z,17.384798,78.488396,879.8,120.9,59.2,26.5
CAT-EQ-1002,2026-08-27T00:47:16Z,17.383689,78.488329,880.6,120.9,57.9,12.2
CAT-EQ-1002,2026-08-27T01:47:16Z,17.385476,78.485254,881.4,120.9,56.3,21.3
CAT-EQ-1002,2026-08-27T02:47:16Z,17.3843,78.4857,882.2,120.9,54.2,30.0
CAT-EQ-1002,2026-08-27T03:47:16Z,17.386534,78.487316,883.0,120.9,52.4,16.8
CAT-EQ-1002,2026-08-27T04:47:16Z,17.386499,78.485401,883.8,120.9,51.3,26.6
CAT-EQ-1002,2026-08-27T05:47:16Z,17.383828,78.486545,884.6,120.9,49.3,28.0
CAT-EQ-1002,2026-08-27T06:47:16Z,17.385001,78.485145,885.4,120.9,47.1,20.1
CAT-EQ-1002,2026-08-27T07:47:16Z,17.38685,78.484728,886.2,120.9,45.8,13.3
CAT-EQ-1002,2026-08-27T08:47:16Z,17.386449,78.484981,886.2,121.1,43.6,0.0
CAT-EQ-1002,2026-08-27T09:47:16Z,17.386106,78.487288,886.2,121.3,42.9,0.0
CAT-EQ-1002,2026-08-27T10:47:16Z,17.384172,78.486294,886.2,121.5,41.2,0.0
CAT-EQ-1002,2026-08-27T11:47:16Z,17.385046,78.487299,886.2,121.7,39.5,0.0
CAT-EQ-1002,2026-08-27T12:47:16Z,17.386301,78.487714,886.2,121.9,38.5,0.0
CAT-EQ-1002,2026-08-27T13:47:16Z,17.386652,78.487882,886.2,122.1,37.5,0.0
CAT-EQ-1002,2026-08-27T14:47:16Z,17.386597,78.486666,886.2,122.3,36.8,0.0
CAT-EQ-1002,2026-08-27T15:47:16Z,17.386149,78.487498,886.2,122.5,35.6,0.0
CAT-EQ-1002,2026-08-27T16:47:16Z,17.384154,78.485584,886.2,122.7,34.8,0.0
CAT-EQ-1002,2026-08-27T17:47:16Z,17.383633,78.487236,886.2,122.9,32.7,0.0
CAT-EQ-1002,2026-08-27T18:47:16Z,17.38578,78.485286,886.2,123.1,30.9,0.0
CAT-EQ-1002,2026-08-27T19:47:16Z,17.383847,78.485912,886.2,123.3,30.4,0.0
CAT-EQ-1002,2026-08-27T20:47:16Z,17.384623,78.487174,887.0,123.3,28.2,11.5
CAT-EQ-1002,2026-08-27T21:47:16Z,17.384497,78.488162,887.8,123.3,27.2,13.6
CAT-EQ-1002,2026-08-27T22:47:16Z,17.383057,78.488488,888.6,123.3,25.1,9.2
CAT-EQ-1002,2026-08-27T23:47:16Z,17.386157,78.4873,889.4,123.3,23.3,12.7
CAT-EQ-1002,2026-08-28T00:47:16Z,17.386383,78.487832,890.2,123.3,21.4,16.5
CAT-EQ-1002,2026-08-28T01:47:16Z,17.383395,78.486018,891.0,123.3,20.2,10.7
CAT-EQ-1002,2026-08-28T02:47:16Z,17.386882,78.484924,891.8,123.3,95.0,18.8
CAT-EQ-1002,2026-08-28T03:47:16Z,17.385603,78.48568,892.6,123.3,93.3,11.2
CAT-EQ-1002,2026-08-28T04:47:16Z,17.383365,78.48546,893.4,123.3,91.9,16.4
CAT-EQ-1002,2026-08-28T05:47:16Z,17.38391,78.487043,894.2,123.3,91.3,6.6
CAT-EQ-1002,2026-08-28T06:47:16Z,17.385536,78.485486,895.0,123.3,90.2,16.6
CAT-EQ-1002,2026-08-28T07:47:16Z,17.384949,78.486977,895.8,123.3,89.4,7.1
CAT-EQ-1002,2026-08-28T08:47:16Z,17.38611,78.485479,895.8,123.5,87.4,0.0
CAT-EQ-1002,2026-08-28T09:47:16Z,17.386018,78.487105,895.8,123.7,86.9,0.0
CAT-EQ-1002,2026-08-28T10:47:16Z,17.386806,78.485899,895.8,123.9,85.5,0.0
CAT-EQ-1002,2026-08-28T11:47:16Z,17.384235,78.48646,895.8,124.1,84.0,0.0
CAT-EQ-1002,2026-08-28T12:47:16Z,17.386897,78.486582,895.8,124.3,83.0,0.0
CAT-EQ-1002,2026-08-28T13:47:16Z,17.386701,78.486473,895.8,124.5,82.0,0.0
CAT-EQ-1002,2026-08-28T14:47:16Z,17.386051,78.485553,895.8,124.7,80.2,0.0
CAT-EQ-1002,2026-08-28T15:47:16Z,17.3842,78.487138,895.8,124.9,79.5,0.0
CAT-EQ-1002,2026-08-28T16:47:16Z,17.386143,78.488109,895.8,125.1,77.7,0.0
CAT-EQ-1002,2026-08-28T17:47:16Z,17.385614,78.487855,895.8,125.3,75.5,0.0
CAT-EQ-1002,2026-08-28T18:47:16Z,17.386425,78.485914,895.8,125.5,74.2,0.0
CAT-EQ-1002,2026-08-28T19:47:16Z,17.384799,78.486401,895.8,125.7,72.4,0.0
CAT-EQ-1002,2026-08-28T20:47:16Z,17.384414,78.487921,896.6,125.7,70.3,15.4
CAT-EQ-1002,2026-08-28T21:47:16Z,17.385867,78.485879,897.4,125.7,69.4,24.2
CAT-EQ-1002,2026-08-28T22:47:16Z,17.383798,78.48556,898.2,125.7,68.0,13.0
CAT-EQ-1002,2026-08-28T23:47:16Z,17.384919,78.487585,899.0,125.7,66.9,26.4
CAT-EQ-1002,2026-08-29T00:47:16Z,17.386636,78.486648,899.8,125.7,65.3,29.3
CAT-EQ-1002,2026-08-29T01:47:16Z,17.384104,78.486178,900.6,125.7,63.7,20.2
CAT-EQ-1002,2026-08-29T02:47:16Z,17.386101,78.486355,901.4,125.7,62.6,7.8
CAT-EQ-1002,2026-08-29T03:47:16Z,17.383981,78.486991,902.2,125.7,62.0,8.8
CAT-EQ-1002,2026-08-29T04:47:16Z,17.386088,78.484972,903.0,125.7,61.4,11.5
CAT-EQ-1002,2026-08-29T05:47:16Z,17.384783,78.488238,903.8,125.7,59.4,22.8
CAT-EQ-1002,2026-08-29T06:47:16Z,17.385816,78.485721,904.6,125.7,57.7,16.7
CAT-EQ-1002,2026-08-29T07:47:16Z,17.384945,78.484892,905.4,125.7,56.6,5.6
CAT-EQ-1002,2026-08-29T08:47:16Z,17.384749,78.484828,905.4,125.9,56.0,0.0
CAT-EQ-1002,2026-08-29T09:47:16Z,17.385299,78.487237,905.4,126.1,54.7,0.0
CAT-EQ-1002,2026-08-29T10:47:16Z,17.385127,78.487894,905.4,126.3,52.9,0.0
CAT-EQ-1002,2026-08-29T11:47:16Z,17.386972,78.487708,905.4,126.5,51.3,0.0
CAT-EQ-1002,2026-08-29T12:47:16Z,17.386522,78.487656,905.4,126.7,50.1,0.0
CAT-EQ-1002,2026-08-29T13:47:16Z,17.385111,78.48747,905.4,126.9,49.0,0.0
CAT-EQ-1002,2026-08-29T14:47:16Z,17.383025,78.488013,905.4,127.1,47.5,0.0
CAT-EQ-1002,2026-08-29T15:47:16Z,17.383892,78.487398,905.4,127.3,46.6,0.0
CAT-EQ-1002,2026-08-29T16:47:16Z,17.385298,78.486119,905.4,127.5,44.8,0.0
CAT-EQ-1002,2026-08-29T17:47:16Z,17.383825,78.485426,905.4,127.7,43.0,0.0
CAT-EQ-1002,2026-08-29T18:47:16Z,17.38516,78.488519,905.4,127.9,41.1,0.0
CAT-EQ-1002,2026-08-29T19:47:16Z,17.384212,78.486397,905.4,128.1,40.3,0.0
CAT-EQ-1002,2026-08-29T20:47:16Z,17.386596,78.486459,906.2,128.1,39.5,28.4
CAT-EQ-1002,2026-08-29T21:47:16Z,17.384522,78.486487,907.0,128.1,37.8,14.4
CAT-EQ-1002,2026-08-29T22:47:16Z,17.3837,78.488353,907.8,128.1,37.1,10.1
CAT-EQ-1002,2026-08-29T23:47:16Z,17.385419,78.487699,908.6,128.1,35.8,8.0
CAT-EQ-1002,2026-08-30T00:47:16Z,17.384021,78.485148,909.4,128.1,34.7,9.8
CAT-EQ-1002,2026-08-30T01:47:16Z,17.384419,78.488483,910.2,128.1,32.7,5.2
CAT-EQ-1002,2026-08-30T02:47:16Z,17.383338,78.487274,911.0,128.1,30.5,15.9
CAT-EQ-1002,2026-08-30T03:47:16Z,17.384293,78.485263,911.8,128.1,28.9,16.8
CAT-EQ-1002,2026-08-30T04:47:16Z,17.386049,78.484945,912.6,128.1,27.3,19.1
CAT-EQ-1002,2026-08-30T05:47:16Z,17.38363,78.48539,913.4,128.1,26.0,26.7
CAT-EQ-1002,2026-08-30T06:47:16Z,17.386516,78.485138,914.2,128.1,25.2,29.1
CAT-EQ-1002,2026-08-30T07:47:16Z,17.384061,78.485984,915.0,128.1,23.2,17.4
CAT-EQ-1002,2026-08-30T08:47:16Z,17.386488,78.488354,915.0,128.3,22.6,0.0
CAT-EQ-1002,2026-08-30T09:47:16Z,17.383633,78.48476,915.0,128.5,21.2,0.0
CAT-EQ-1002,2026-08-30T10:47:16Z,17.384903,78.488633,915.0,128.7,20.6,0.0
CAT-EQ-1002,2026-08-30T11:47:16Z,17.385547,78.485946,915.0,128.9,95.0,0.0
CAT-EQ-1002,2026-08-30T12:47:16Z,17.384462,78.487154,915.0,129.1,93.4,0.0
CAT-EQ-1002,2026-08-30T13:47:16Z,17.383785,78.485577,915.0,129.3,91.4,0.0
CAT-EQ-1002,2026-08-30T14:47:16Z,17.383379,78.486315,915.0,129.5,90.8,0.0
CAT-EQ-1002,2026-08-30T15:47:16Z,17.385637,78.486015,915.0,129.7,90.0,0.0
CAT-EQ-1002,2026-08-30T16:47:16Z,17.386534,78.48774,915.0,129.9,88.5,0.0
CAT-EQ-1002,2026-08-30T17:47:16Z,17.386738,78.484837,915.0,130.1,87.0,0.0
CAT-EQ-1002,2026-08-30T18:47:16Z,17.383729,78.485272,915.0,130.3,86.2,0.0
CAT-EQ-1002,2026-08-30T19:47:16Z,17.385288,78.486635,915.0,130.5,85.1,0.0
CAT-EQ-1002,2026-08-30T20:47:16Z,17.383859,78.487185,915.8,130.5,83.9,20.7
CAT-EQ-1002,2026-08-30T21:47:16Z,17.384349,78.48827,916.6,130.5,81.8,7.9
CAT-EQ-1002,2026-08-30T22:47:16Z,17.385672,78.48607,917.4,130.5,80.2,25.2
CAT-EQ-1002,2026-08-30T23:47:16Z,17.383505,78.485609,918.2,130.5,78.0,6.6
CAT-EQ-1002,2026-08-31T00:47:16Z,17.384228,78.486445,919.0,130.5,76.0,7.8
CAT-EQ-1002,2026-08-31T01:47:16Z,17.386765,78.488694,919.8,130.5,74.9,7.1
CAT-EQ-1002,2026-08-31T02:47:16Z,17.384416,78.487104,920.6,130.5,73.1,26.0
CAT-EQ-1002,2026-08-31T03:47:16Z,17.383922,78.488489,921.4,130.5,72.0,26.5
CAT-EQ-1002,2026-08-31T04:47:16Z,17.385473,78.488073,922.2,130.5,70.4,14.4
CAT-EQ-1002,2026-08-31T05:47:16Z,17.384114,78.488536,923.0,130.5,68.5,8.8
CAT-EQ-1002,2026-08-31T06:47:16Z,17.384872,78.485244,923.8,130.5,66.4,12.4
CAT-EQ-1002,2026-08-31T07:47:16Z,17.386692,78.487152,924.6,130.5,65.4,5.0
CAT-EQ-1002,2026-08-31T08:47:16Z,17.38629,78.487758,924.6,130.7,64.7,0.0
CAT-EQ-1002,2026-08-31T09:47:16Z,17.385584,78.486264,924.6,130.9,62.8,0.0
CAT-EQ-1002,2026-08-31T10:47:16Z,17.384105,78.488271,924.6,131.1,60.7,0.0
CAT-EQ-1002,2026-08-31T11:47:16Z,17.384774,78.487389,924.6,131.3,59.9,0.0
CAT-EQ-1002,2026-08-31T12:47:16Z,17.38341,78.487214,924.6,131.5,58.9,0.0
CAT-EQ-1002,2026-08-31T13:47:16Z,17.385972,78.486517,924.6,131.7,58.2,0.0
CAT-EQ-1002,2026-08-31T14:47:16Z,17.384088,78.488652,924.6,131.9,57.1,0.0
CAT-EQ-1002,2026-08-31T15:47:16Z,17.38534,78.488205,924.6,132.1,55.8,0.0
CAT-EQ-1002,2026-08-31T16:47:16Z,17.383412,78.48869,924.6,132.3,54.9,0.0
CAT-EQ-1002,2026-08-31T17:47:16Z,17.38566,78.488047,924.6,132.5,53.0,0.0
CAT-EQ-1002,2026-08-31T18:47:16Z,17.384121,78.487596,924.6,132.7,51.0,0.0
CAT-EQ-1002,2026-08-31T19:47:16Z,17.386345,78.488632,924.6,132.9,49.8,0.0
CAT-EQ-1002,2026-08-31T20:47:16Z,17.385364,78.487363,925.4,132.9,48.4,7.5
CAT-EQ-1002,2026-08-31T21:47:16Z,17.384503,78.486776,926.2,132.9,46.5,24.5
CAT-EQ-1002,2026-08-31T22:47:16Z,17.386816,78.487003,927.0,132.9,44.7,14.6
CAT-EQ-1002,2026-08-31T23:47:16Z,17.384687,78.486275,927.8,132.9,42.6,24.1
CAT-EQ-1002,2026-09-01T00:47:16Z,17.385091,78.488461,928.6,132.9,41.2,13.7
CAT-EQ-1002,2026-09-01T01:47:16Z,17.385268,78.484797,929.4,132.9,40.6,20.7
CAT-EQ-1002,2026-09-01T02:47:16Z,17.386398,78.485714,930.2,132.9,38.9,7.5
CAT-EQ-1002,2026-09-01T03:47:16Z,17.383191,78.486533,931.0,132.9,37.6,13.6
CAT-EQ-1002,2026-09-01T04:47:16Z,17.385189,78.485988,931.8,132.9,35.8,11.6
CAT-EQ-1002,2026-09-01T05:47:16Z,17.384335,78.487166,932.6,132.9,33.8,13.7
CAT-EQ-1002,2026-09-01T06:47:16Z,17.385888,78.487258,933.4,132.9,33.2,25.9
CAT-EQ-1002,2026-09-01T07:47:16Z,17.38583,78.486102,934.2,132.9,32.2,17.4
CAT-EQ-1002,2026-09-01T08:47:16Z,17.384291,78.485146,934.2,133.1,30.1,0.0
CAT-EQ-1002,2026-09-01T09:47:16Z,17.386027,78.486853,934.2,133.3,28.6,0.0
CAT-EQ-1002,2026-09-01T10:47:16Z,17.385392,78.488208,934.2,133.5,28.0,0.0
CAT-EQ-1002,2026-09-01T11:47:16Z,17.384587,78.488385,934.2,133.7,26.6,0.0
CAT-EQ-1002,2026-09-01T12:47:16Z,17.384176,78.48698,934.2,133.9,24.6,0.0
CAT-EQ-1002,2026-09-01T13:47:16Z,17.385192,78.48737,934.2,134.1,24.0,0.0
CAT-EQ-1002,2026-09-01T14:47:16Z,17.383981,78.485603,934.2,134.3,21.8,0.0
CAT-EQ-1002,2026-09-01T15:47:16Z,17.383975,78.484783,934.2,134.5,95.0,0.0
CAT-EQ-1002,2026-09-01T16:47:16Z,17.385272,78.486349,934.2,134.7,93.6,0.0
CAT-EQ-1002,2026-09-01T17:47:16Z,17.386917,78.487687,934.2,134.9,91.6,0.0
CAT-EQ-1002,2026-09-01T18:47:16Z,17.384481,78.4883,934.2,135.1,90.6,0.0
CAT-EQ-1002,2026-09-01T19:47:16Z,17.383538,78.48814,934.2,135.3,88.5,0.0
CAT-EQ-1002,2026-09-01T20:47:16Z,17.386137,78.48673,935.0,135.3,86.3,11.2
CAT-EQ-1002,2026-09-01T21:47:16Z,17.38587,78.48728,935.8,135.3,84.6,12.8
CAT-EQ-1002,2026-09-01T22:47:16Z,17.385475,78.486689,936.6,135.3,84.0,29.6
CAT-EQ-1002,2026-09-01T23:47:16Z,17.38323,78.48609,937.4,135.3,82.5,28.8
CAT-EQ-1002,2026-09-02T00:47:16Z,17.385279,78.488489,938.2,135.3,80.8,8.7
CAT-EQ-1002,2026-09-02T01:47:16Z,17.386945,78.485561,939.0,135.3,78.7,22.8
CAT-EQ-1002,2026-09-02T02:47:16Z,17.386504,78.488485,939.8,135.3,77.2,18.5
CAT-EQ-1002,2026-09-02T03:47:16Z,17.385438,78.487548,940.6,135.3,76.7,18.5
CAT-EQ-1002,2026-09-02T04:47:16Z,17.385922,78.48763,941.4,135.3,75.3,8.0
CAT-EQ-1002,2026-09-02T05:47:16Z,17.385598,78.48668,942.2,135.3,74.5,20.0
CAT-EQ-1002,2026-09-02T06:47:16Z,17.38455,78.48633,943.0,135.3,72.4,7.2
CAT-EQ-1002,2026-09-02T07:47:16Z,17.385829,78.488216,943.8,135.3,71.3,8.5
CAT-EQ-1002,2026-09-02T08:47:16Z,17.386943,78.487232,943.8,135.5,70.4,0.0
CAT-EQ-1002,2026-09-02T09:47:16Z,17.385425,78.488628,943.8,135.7,69.9,0.0
CAT-EQ-1002,2026-09-02T10:47:16Z,17.385116,78.484719,943.8,135.9,67.8,0.0
CAT-EQ-1002,2026-09-02T11:47:16Z,17.386437,78.488523,943.8,136.1,66.3,0.0
CAT-EQ-1002,2026-09-02T12:47:16Z,17.384381,78.488188,943.8,136.3,65.4,0.0
CAT-EQ-1003,2026-08-19T13:47:16Z,18.98571,72.813595,1239.6,99.1,93.0,0.0
CAT-EQ-1003,2026-08-19T14:47:16Z,18.988832,72.816763,1239.6,99.3,91.6,0.0
CAT-EQ-1003,2026-08-19T15:47:16Z,18.985722,72.815074,1239.6,99.5,90.5,0.0
CAT-EQ-1003,2026-08-19T16:47:16Z,18.98868,72.816751,1239.6,99.7,88.3,0.0
CAT-EQ-1003,2026-08-19T17:47:16Z,18.985466,72.815218,1239.6,99.9,87.0,0.0
CAT-EQ-1003,2026-08-19T18:47:16Z,18.985753,72.814617,1239.6,100.1,85.2,0.0
CAT-EQ-1003,2026-08-19T19:47:16Z,18.988639,72.815831,1239.6,100.3,83.3,0.0
CAT-EQ-1003,2026-08-19T20:47:16Z,18.987109,72.8153,1240.4,100.3,82.2,7.5
CAT-EQ-1003,2026-08-19T21:47:16Z,18.986792,72.813792,1241.2,100.3,81.2,14.9
CAT-EQ-1003,2026-08-19T22:47:16Z,18.985417,72.815245,1242.0,100.3,80.6,15.7
CAT-EQ-1003,2026-08-19T23:47:16Z,18.987796,72.81511,1242.8,100.3,78.8,12.6
CAT-EQ-1003,2026-08-20T00:47:16Z,18.987171,72.815564,1243.6,100.3,76.8,28.7
CAT-EQ-1003,2026-08-20T01:47:16Z,18.988857,72.81321,1244.4,100.3,76.0,18.4
CAT-EQ-1003,2026-08-20T02:47:16Z,18.986483,72.815797,1245.2,100.3,75.2,26.8
CAT-EQ-1003,2026-08-20T03:47:16Z,18.985292,72.813814,1246.0,100.3,73.5,7.5
CAT-EQ-1003,2026-08-20T04:47:16Z,18.987758,72.816697,1246.8,100.3,72.6,21.0
CAT-EQ-1003,2026-08-20T05:47:16Z,18.988948,72.816306,1247.6,100.3,70.4,11.0
CAT-EQ-1003,2026-08-20T06:47:16Z,18.987674,72.816528,1248.4,100.3,69.5,25.9
CAT-EQ-1003,2026-08-20T07:47:16Z,18.988515,72.815947,1249.2,100.3,68.7,19.3
CAT-EQ-1003,2026-08-20T08:47:16Z,18.986112,72.816604,1249.2,100.5,67.5,0.0
CAT-EQ-1003,2026-08-20T09:47:16Z,18.986582,72.815784,1249.2,100.7,65.9,0.0
CAT-EQ-1003,2026-08-20T10:47:16Z,18.985461,72.816609,1249.2,100.9,64.3,0.0
CAT-EQ-1003,2026-08-20T11:47:16Z,18.986026,72.815724,1249.2,101.1,62.2,0.0
CAT-EQ-1003,2026-08-20T12:47:16Z,18.98728,72.813434,1249.2,101.3,61.2,0.0
CAT-EQ-1003,2026-08-20T13:47:16Z,18.987219,72.814992,1249.2,101.5,59.1,0.0
CAT-EQ-1003,2026-08-20T14:47:16Z,18.985915,72.816332,1249.2,101.7,58.4,0.0
CAT-EQ-1003,2026-08-20T15:47:16Z,18.987461,72.814752,1249.2,101.9,57.5,0.0
CAT-EQ-1003,2026-08-20T16:47:16Z,18.988067,72.813756,1249.2,102.1,55.4,0.0
CAT-EQ-1003,2026-08-20T17:47:16Z,18.986365,72.816802,1249.2,102.3,53.3,0.0
CAT-EQ-1003,2026-08-20T18:47:16Z,18.986565,72.813612,1249.2,102.5,51.7,0.0
CAT-EQ-1003,2026-08-20T19:47:16Z,18.987632,72.814755,1249.2,102.7,50.9,0.0
CAT-EQ-1003,2026-08-20T20:47:16Z,18.985573,72.816857,1250.0,102.7,49.5,6.7
CAT-EQ-1003,2026-08-20T21:47:16Z,18.98568,72.816731,1250.8,102.7,47.9,22.1
CAT-EQ-1003,2026-08-20T22:47:16Z,18.987251,72.816255,1251.6,102.7,46.8,8.6
CAT-EQ-1003,2026-08-20T23:47:16Z,18.985296,72.815595,1252.4,102.7,45.3,8.0
CAT-EQ-1003,2026-08-21T00:47:16Z,18.986799,72.815992,1253.2,102.7,43.7,28.4
CAT-EQ-1003,2026-08-21T01:47:16Z,18.988678,72.813613,1254.0,102.7,42.5,20.3
CAT-EQ-1003,2026-08-21T02:47:16Z,18.988869,72.816997,1254.8,102.7,41.7,14.0
CAT-EQ-1003,2026-08-21T03:47:16Z,18.98684,72.815843,1255.6,102.7,40.9,14.2
CAT-EQ-1003,2026-08-21T04:47:16Z,18.988768,72.814685,1256.4,102.7,39.8,10.7
CAT-EQ-1003,2026-08-21T05:47:16Z,18.986304,72.814596,1257.2,102.7,38.7,23.3
CAT-EQ-1003,2026-08-21T06:47:16Z,18.988494,72.815637,1258.0,102.7,37.9,10.1
CAT-EQ-1003,2026-08-21T07:47:16Z,18.987576,72.813854,1258.8,102.7,36.7,27.5
CAT-EQ-1003,2026-08-21T08:47:16Z,18.988332,72.816098,1258.8,102.9,35.7,0.0
CAT-EQ-1003,2026-08-21T09:47:16Z,18.985627,72.814537,1258.8,103.1,34.2,0.0
CAT-EQ-1003,2026-08-21T10:47:16Z,18.986544,72.815668,1258.8,103.3,32.6,0.0
CAT-EQ-1003,2026-08-21T11:47:16Z,18.986608,72.816127,1258.8,103.5,31.8,0.0
CAT-EQ-1003,2026-08-21T12:47:16Z,18.985522,72.816725,1258.8,103.7,29.8,0.0
CAT-EQ-1003,2026-08-21T13:47:16Z,18.988504,72.815705,1258.8,103.9,28.1,0.0
CAT-EQ-1003,2026-08-21T14:47:16Z,18.988449,72.813211,1258.8,104.1,95.0,0.0
CAT-EQ-1003,2026-08-21T15:47:16Z,18.985602,72.813852,1258.8,104.3,94.2,0.0
CAT-EQ-1003,2026-08-21T16:47:16Z,18.988313,72.8149,1258.8,104.5,92.7,0.0
CAT-EQ-1003,2026-08-21T17:47:16Z,18.988603,72.813608,1258.8,104.7,91.2,0.0
CAT-EQ-1003,2026-08-21T18:47:16Z,18.987209,72.814878,1258.8,104.9,90.4,0.0
CAT-EQ-1003,2026-08-21T19:47:16Z,18.987655,72.813587,1258.8,105.1,88.3,0.0
CAT-EQ-1003,2026-08-21T20:47:16Z,18.985682,72.81308,1259.6,105.1,87.1,23.9
CAT-EQ-1003,2026-08-21T21:47:16Z,18.988576,72.816881,1260.4,105.1,86.3,25.4
CAT-EQ-1003,2026-08-21T22:47:16Z,18.985276,72.81354,1261.2,105.1,84.3,19.2
CAT-EQ-1003,2026-08-21T23:47:16Z,18.987676,72.816846,1262.0,105.1,82.5,14.8
CAT-EQ-1003,2026-08-22T00:47:16Z,18.988197,72.813064,1262.8,105.1,80.9,22.8
CAT-EQ-1003,2026-08-22T01:47:16Z,18.986121,72.815082,1263.6,105.1,80.1,15.4
CAT-EQ-1003,2026-08-22T02:47:16Z,18.986227,72.814796,1264.4,105.1,79.2,17.2
CAT-EQ-1003,2026-08-22T03:47:16Z,18.985321,72.815205,1265.2,105.1,77.9,6.0
CAT-EQ-1003,2026-08-22T04:47:16Z,18.986523,72.816618,1266.0,105.1,77.4,29.5
CAT-EQ-1003,2026-08-22T05:47:16Z,18.988213,72.816415,1266.8,105.1,76.3,5.9
CAT-EQ-1003,2026-08-22T06:47:16Z,18.98721,72.814955,1267.6,105.1,74.6,15.2
CAT-EQ-1003,2026-08-22T07:47:16Z,18.986274,72.815035,1268.4,105.1,73.0,27.8
CAT-EQ-1003,2026-08-22T08:47:16Z,18.985298,72.814494,1268.4,105.3,72.3,0.0
CAT-EQ-1003,2026-08-22T09:47:16Z,18.985039,72.813054,1268.4,105.5,70.3,0.0
CAT-EQ-1003,2026-08-22T10:47:16Z,18.987505,72.816485,1268.4,105.7,69.6,0.0
CAT-EQ-1003,2026-08-22T11:47:16Z,18.985488,72.815817,1268.4,105.9,68.9,0.0
CAT-EQ-1003,2026-08-22T12:47:16Z,18.988806,72.813015,1268.4,106.1,68.2,0.0
CAT-EQ-1003,2026-08-22T13:47:16Z,18.986282,72.815117,1268.4,106.3,67.6,0.0
CAT-EQ-1003,2026-08-22T14:47:16Z,18.985744,72.814152,1268.4,106.5,66.1,0.0
CAT-EQ-1003,2026-08-22T15:47:16Z,18.985025,72.813703,1268.4,106.7,65.2,0.0
CAT-EQ-1003,2026-08-22T16:47:16Z,18.9878,72.815811,1268.4,106.9,63.1,0.0
CAT-EQ-1003,2026-08-22T17:47:16Z,18.98565,72.815541,1268.4,107.1,60.9,0.0
CAT-EQ-1003,2026-08-22T18:47:16Z,18.986706,72.816298,1268.4,107.3,59.9,0.0
CAT-EQ-1003,2026-08-22T19:47:16Z,18.986007,72.816017,1268.4,107.5,57.8,0.0
CAT-EQ-1003,2026-08-22T20:47:16Z,18.988271,72.81332,1269.2,107.5,56.2,6.6
CAT-EQ-1003,2026-08-22T21:47:16Z,18.987353,72.816665,1270.0,107.5,55.6,94.5
CAT-EQ-1003,2026-08-22T22:47:16Z,18.988359,72.814803,1270.8,107.5,54.6,22.0
CAT-EQ-1003,2026-08-22T23:47:16Z,18.988996,72.813761,1271.6,107.5,53.6,17.0
CAT-EQ-1003,2026-08-23T00:47:16Z,18.988694,72.816386,1272.4,107.5,52.3,6.1
CAT-EQ-1003,2026-08-23T01:47:16Z,18.988002,72.814678,1273.2,107.5,51.6,16.6
CAT-EQ-1003,2026-08-23T02:47:16Z,18.986598,72.813056,1274.0,107.5,50.0,8.5
CAT-EQ-1003,2026-08-23T03:47:16Z,18.985379,72.814565,1274.8,107.5,49.2,21.5
CAT-EQ-1003,2026-08-23T04:47:16Z,18.988821,72.815197,1275.6,107.5,48.2,13.4
CAT-EQ-1003,2026-08-23T05:47:16Z,18.985639,72.816876,1276.4,107.5,46.1,17.2
CAT-EQ-1003,2026-08-23T06:47:16Z,18.986157,72.813941,1277.2,107.5,44.7,29.0
CAT-EQ-1003,2026-08-23T07:47:16Z,18.986232,72.813634,1278.0,107.5,20.7,25.1
CAT-EQ-1003,2026-08-23T08:47:16Z,18.985518,72.814128,1278.0,107.7,20.0,0.0
CAT-EQ-1003,2026-08-23T09:47:16Z,18.988882,72.813252,1278.0,107.9,95.0,0.0
CAT-EQ-1003,2026-08-23T10:47:16Z,18.985934,72.816487,1278.0,108.1,93.9,0.0
CAT-EQ-1003,2026-08-23T11:47:16Z,18.98722,72.815309,1278.0,108.3,92.1,0.0
CAT-EQ-1003,2026-08-23T12:47:16Z,18.987531,72.816885,1278.0,108.5,91.1,0.0
CAT-EQ-1003,2026-08-23T13:47:16Z,18.986954,72.814879,1278.0,108.7,89.2,0.0
CAT-EQ-1003,2026-08-23T14:47:16Z,18.987494,72.813325,1278.0,108.9,87.4,0.0
CAT-EQ-1003,2026-08-23T15:47:16Z,18.986064,72.814798,1278.0,109.1,85.3,0.0
CAT-EQ-1003,2026-08-23T16:47:16Z,18.988391,72.813236,1278.0,109.3,84.5,0.0
CAT-EQ-1003,2026-08-23T17:47:16Z,18.98693,72.813584,1278.0,109.5,82.6,0.0
CAT-EQ-1003,2026-08-23T18:47:16Z,18.987145,72.816297,1278.0,109.7,81.1,0.0
CAT-EQ-1003,2026-08-23T19:47:16Z,18.987934,72.815942,1278.0,109.9,80.4,0.0
CAT-EQ-1003,2026-08-23T20:47:16Z,18.988274,72.813044,1278.8,109.9,79.2,25.0
CAT-EQ-1003,2026-08-23T21:47:16Z,18.985315,72.81486,1279.6,109.9,77.4,8.6
CAT-EQ-1003,2026-08-23T22:47:16Z,18.988034,72.813431,1280.4,109.9,75.9,8.7
CAT-EQ-1003,2026-08-23T23:47:16Z,18.985514,72.816824,1281.2,109.9,75.1,11.9
CAT-EQ-1003,2026-08-24T00:47:16Z,18.987882,72.815201,1282.0,109.9,74.0,26.7
CAT-EQ-1003,2026-08-24T01:47:16Z,18.985138,72.814132,1282.8,109.9,72.1,21.2
CAT-EQ-1003,2026-08-24T02:47:16Z,18.985527,72.813256,1283.6,109.9,70.4,19.2
CAT-EQ-1003,2026-08-24T03:47:16Z,18.988019,72.816889,1284.4,109.9,69.5,8.8
CAT-EQ-1003,2026-08-24T04:47:16Z,18.987099,72.815567,1285.2,109.9,68.1,15.3
CAT-EQ-1003,2026-08-24T05:47:16Z,18.985461,72.816646,1286.0,109.9,66.8,8.9
CAT-EQ-1003,2026-08-24T06:47:16Z,18.988372,72.813902,1286.8,109.9,66.2,11.0
CAT-EQ-1003,2026-08-24T07:47:16Z,18.987002,72.814292,1287.6,109.9,64.2,10.5
CAT-EQ-1003,2026-08-24T08:47:16Z,18.986969,72.815679,1287.6,110.1,62.4,0.0
CAT-EQ-1003,2026-08-24T09:47:16Z,18.985835,72.815331,1287.6,110.3,60.9,0.0
CAT-EQ-1003,2026-08-24T10:47:16Z,18.988594,72.813657,1287.6,110.5,59.8,0.0
CAT-EQ-1003,2026-08-24T11:47:16Z,18.986126,72.815225,1287.6,110.7,58.1,0.0
CAT-EQ-1003,2026-08-24T12:47:16Z,18.986338,72.814308,1287.6,110.9,56.5,0.0
CAT-EQ-1003,2026-08-24T13:47:16Z,18.987413,72.815606,1287.6,111.1,56.0,0.0
CAT-EQ-1003,2026-08-24T14:47:16Z,18.988219,72.815971,1287.6,111.3,55.4,0.0
CAT-EQ-1003,2026-08-24T15:47:16Z,18.988332,72.815697,1287.6,111.5,53.6,0.0
CAT-EQ-1003,2026-08-24T16:47:16Z,18.987504,72.815267,1287.6,111.7,53.0,0.0
CAT-EQ-1003,2026-08-24T17:47:16Z,18.985866,72.813724,1287.6,111.9,52.0,0.0
CAT-EQ-1003,2026-08-24T18:47:16Z,18.986832,72.814563,1287.6,112.1,50.3,0.0
CAT-EQ-1003,2026-08-24T19:47:16Z,18.98818,72.815668,1287.6,112.3,48.8,0.0
CAT-EQ-1003,2026-08-24T20:47:16Z,18.985125,72.8132,1288.4,112.3,24.8,6.9
CAT-EQ-1003,2026-08-24T21:47:16Z,18.988845,72.813389,1289.2,112.3,23.0,94.5
CAT-EQ-1003,2026-08-24T22:47:16Z,18.98612,72.815615,1290.0,112.3,21.9,21.1
CAT-EQ-1003,2026-08-24T23:47:16Z,18.988729,72.816933,1290.8,112.3,20.6,5.9
CAT-EQ-1003,2026-08-25T00:47:16Z,18.988521,72.816728,1291.6,112.3,95.0,8.0
CAT-EQ-1003,2026-08-25T01:47:16Z,18.98778,72.814093,1292.4,112.3,93.0,7.8
CAT-EQ-1003,2026-08-25T02:47:16Z,18.98659,72.81451,1293.2,112.3,92.1,19.1
CAT-EQ-1003,2026-08-25T03:47:16Z,18.98859,72.815626,1294.0,112.3,91.6,15.8
CAT-EQ-1003,2026-08-25T04:47:16Z,18.986069,72.815685,1294.8,112.3,90.8,26.9
CAT-EQ-1003,2026-08-25T05:47:16Z,18.985176,72.815253,1295.6,112.3,88.6,9.7
CAT-EQ-1003,2026-08-25T06:47:16Z,18.98797,72.814146,1296.4,112.3,86.9,19.0
CAT-EQ-1003,2026-08-25T07:47:16Z,18.988607,72.815905,1297.2,112.3,85.7,14.2
CAT-EQ-1003,2026-08-25T08:47:16Z,18.987321,72.814488,1297.2,112.5,84.5,0.0
CAT-EQ-1003,2026-08-25T09:47:16Z,18.988558,72.815703,1297.2,112.7,82.9,0.0
CAT-EQ-1003,2026-08-25T10:47:16Z,18.985551,72.816699,1297.2,112.9,81.9,0.0
CAT-EQ-1003,2026-08-25T11:47:16Z,18.988559,72.814374,1297.2,113.1,80.3,0.0
CAT-EQ-1003,2026-08-25T12:47:16Z,18.987531,72.815979,1297.2,113.3,79.2,0.0
CAT-EQ-1003,2026-08-25T13:47:16Z,18.988299,72.814585,1297.2,113.5,77.4,0.0
CAT-EQ-1003,2026-08-25T14:47:16Z,18.987078,72.815302,1297.2,113.7,75.9,0.0
CAT-EQ-1003,2026-08-25T15:47:16Z,18.987736,72.816151,1297.2,113.9,74.2,0.0
CAT-EQ-1003,2026-08-25T16:47:16Z,18.988748,72.815092,1297.2,114.1,73.0,0.0
CAT-EQ-1003,2026-08-25T17:47:16Z,18.988006,72.813426,1297.2,114.3,71.9,0.0
CAT-EQ-1003,2026-08-25T18:47:16Z,18.985753,72.813002,1297.2,114.5,69.8,0.0
CAT-EQ-1003,2026-08-25T19:47:16Z,18.985289,72.8168,1297.2,114.7,69.1,0.0
CAT-EQ-1003,2026-08-25T20:47:16Z,18.988258,72.813094,1298.0,114.7,68.4,15.2
CAT-EQ-1003,2026-08-25T21:47:16Z,18.986014,72.816804,1298.8,114.7,67.8,8.0
CAT-EQ-1003,2026-08-25T22:47:16Z,18.986551,72.813834,1299.6,114.7,66.8,13.9
CAT-EQ-1003,2026-08-25T23:47:16Z,18.986965,72.813126,1300.4,114.7,66.2,19.7
CAT-EQ-1003,2026-08-26T00:47:16Z,18.987156,72.813392,1301.2,114.7,65.1,5.8
CAT-EQ-1003,2026-08-26T01:47:16Z,18.985109,72.813155,1302.0,114.7,63.7,20.5
CAT-EQ-1003,2026-08-26T02:47:16Z,18.987897,72.815862,1302.8,114.7,63.1,27.6
CAT-EQ-1003,2026-08-26T03:47:16Z,18.985137,72.814239,1303.6,114.7,60.9,16.4
CAT-EQ-1003,2026-08-26T04:47:16Z,18.985514,72.816451,1304.4,114.7,60.4,26.4
CAT-EQ-1003,2026-08-26T05:47:16Z,18.987789,72.814553,1305.2,114.7,59.1,28.4
CAT-EQ-1003,2026-08-26T06:47:16Z,18.986964,72.816609,1306.0,114.7,57.4,21.3
CAT-EQ-1003,2026-08-26T07:47:16Z,18.985619,72.816349,1306.8,114.7,56.7,9.1
CAT-EQ-1003,2026-08-26T08:47:16Z,18.988103,72.816227,1306.8,114.9,32.7,0.0
CAT-EQ-1003,2026-08-26T09:47:16Z,18.98636,72.815732,1306.8,115.1,31.9,0.0
CAT-EQ-1003,2026-08-26T10:47:16Z,18.988647,72.813406,1306.8,115.3,30.2,0.0
CAT-EQ-1003,2026-08-26T11:47:16Z,18.986752,72.814467,1306.8,115.5,28.8,0.0
CAT-EQ-1003,2026-08-26T12:47:16Z,18.987539,72.813425,1306.8,115.7,27.1,0.0
CAT-EQ-1003,2026-08-26T13:47:16Z,18.985261,72.814051,1306.8,115.9,25.9,0.0
CAT-EQ-1003,2026-08-26T14:47:16Z,18.988626,72.816502,1306.8,116.1,23.8,0.0
CAT-EQ-1003,2026-08-26T15:47:16Z,18.986784,72.816986,1306.8,116.3,22.2,0.0
CAT-EQ-1003,2026-08-26T16:47:16Z,18.985742,72.814653,1306.8,116.5,20.4,0.0
CAT-EQ-1003,2026-08-26T17:47:16Z,18.987806,72.813045,1306.8,116.7,95.0,0.0
CAT-EQ-1003,2026-08-26T18:47:16Z,18.987342,72.813035,1306.8,116.9,93.4,0.0
CAT-EQ-1003,2026-08-26T19:47:16Z,18.988205,72.813755,1306.8,117.1,91.4,0.0
CAT-EQ-1003,2026-08-26T20:47:16Z,18.987166,72.816215,1307.6,117.1,89.8,17.0
CAT-EQ-1003,2026-08-26T21:47:16Z,18.987054,72.816949,1308.4,117.1,89.2,8.2
CAT-EQ-1003,2026-08-26T22:47:16Z,18.985901,72.81405,1309.2,117.1,88.1,11.2
CAT-EQ-1003,2026-08-26T23:47:16Z,18.987687,72.816723,1310.0,117.1,87.6,15.8
CAT-EQ-1003,2026-08-27T00:47:16Z,18.98746,72.816162,1310.8,117.1,86.8,20.2
CAT-EQ-1003,2026-08-27T01:47:16Z,18.986151,72.816092,1311.6,117.1,85.3,21.2
CAT-EQ-1003,2026-08-27T02:47:16Z,18.985582,72.815566,1312.4,117.1,83.3,5.8
CAT-EQ-1003,2026-08-27T03:47:16Z,18.986214,72.815141,1313.2,117.1,81.2,14.8
CAT-EQ-1003,2026-08-27T04:47:16Z,18.988485,72.815754,1314.0,117.1,80.1,12.7
CAT-EQ-1003,2026-08-27T05:47:16Z,18.986877,72.813364,1314.8,117.1,78.6,28.1
CAT-EQ-1003,2026-08-27T06:47:16Z,18.986073,72.814085,1315.6,117.1,77.7,13.6
CAT-EQ-1003,2026-08-27T07:47:16Z,18.987264,72.814394,1316.4,117.1,75.6,17.8
CAT-EQ-1003,2026-08-27T08:47:16Z,18.986056,72.814695,1316.4,117.3,74.4,0.0
CAT-EQ-1003,2026-08-27T09:47:16Z,18.98808,72.81418,1316.4,117.5,73.7,0.0
CAT-EQ-1003,2026-08-27T10:47:16Z,18.988192,72.815327,1316.4,117.7,72.7,0.0
CAT-EQ-1003,2026-08-27T11:47:16Z,18.985823,72.81616,1316.4,117.9,71.1,0.0
CAT-EQ-1003,2026-08-27T12:47:16Z,18.985983,72.814937,1316.4,118.1,69.7,0.0
CAT-EQ-1003,2026-08-27T13:47:16Z,18.987424,72.81401,1316.4,118.3,69.0,0.0
CAT-EQ-1003,2026-08-27T14:47:16Z,18.985756,72.816736,1316.4,118.5,68.5,0.0
CAT-EQ-1003,2026-08-27T15:47:16Z,18.986108,72.81527,1316.4,118.7,67.0,0.0
CAT-EQ-1003,2026-08-27T16:47:16Z,18.987381,72.814905,1316.4,118.9,64.8,0.0
CAT-EQ-1003,2026-08-27T17:47:16Z,18.988205,72.813218,1316.4,119.1,63.7,0.0
CAT-EQ-1003,2026-08-27T18:47:16Z,18.988135,72.816703,1316.4,119.3,62.7,0.0
CAT-EQ-1003,2026-08-27T19:47:16Z,18.985039,72.81435,1316.4,119.5,61.3,0.0
CAT-EQ-1003,2026-08-27T20:47:16Z,18.987282,72.814067,1317.2,119.5,59.7,11.9
CAT-EQ-1003,2026-08-27T21:47:16Z,18.985879,72.816223,1318.0,119.5,58.7,26.0
CAT-EQ-1003,2026-08-27T22:47:16Z,18.987962,72.816915,1318.8,119.5,58.0,10.1
CAT-EQ-1003,2026-08-27T23:47:16Z,18.986838,72.813663,1319.6,119.5,57.2,17.2
CAT-EQ-1003,2026-08-28T00:47:16Z,18.987319,72.815399,1320.4,119.5,56.1,10.5
CAT-EQ-1003,2026-08-28T01:47:16Z,18.98677,72.815957,1321.2,119.5,54.4,10.3
CAT-EQ-1003,2026-08-28T02:47:16Z,18.988527,72.814966,1322.0,119.5,53.5,20.4
CAT-EQ-1003,2026-08-28T03:47:16Z,18.988353,72.815426,1322.8,119.5,51.9,18.1
CAT-EQ-1003,2026-08-28T04:47:16Z,18.988152,72.813829,1323.6,119.5,50.8,22.6
CAT-EQ-1003,2026-08-28T05:47:16Z,18.987402,72.814879,1324.4,119.5,49.9,15.1
CAT-EQ-1003,2026-08-28T06:47:16Z,18.9882,72.814555,1325.2,119.5,48.6,28.4
CAT-EQ-1003,2026-08-28T07:47:16Z,18.985358,72.81402,1326.0,119.5,46.6,14.5
CAT-EQ-1003,2026-08-28T08:47:16Z,18.985674,72.816415,1326.0,119.7,45.3,0.0
CAT-EQ-1003,2026-08-28T09:47:16Z,18.988917,72.814458,1326.0,119.9,43.3,0.0
CAT-EQ-1003,2026-08-28T10:47:16Z,18.987781,72.8132,1326.0,120.1,42.7,0.0
CAT-EQ-1003,2026-08-28T11:47:16Z,18.988434,72.814114,1326.0,120.3,41.7,0.0
CAT-EQ-1003,2026-08-28T12:47:16Z,18.985927,72.813369,1326.0,120.5,40.3,0.0
CAT-EQ-1003,2026-08-28T13:47:16Z,18.988766,72.813704,1326.0,120.7,38.2,0.0
CAT-EQ-1003,2026-08-28T14:47:16Z,18.988231,72.813782,1326.0,120.9,37.2,0.0
CAT-EQ-1003,2026-08-28T15:47:16Z,18.985715,72.813497,1326.0,121.1,35.4,0.0
CAT-EQ-1003,2026-08-28T16:47:16Z,18.988729,72.813983,1326.0,121.3,34.6,0.0
CAT-EQ-1003,2026-08-28T17:47:16Z,18.985083,72.815018,1326.0,121.5,33.2,0.0
CAT-EQ-1003,2026-08-28T18:47:16Z,18.985529,72.816447,1326.0,121.7,32.5,0.0
CAT-EQ-1003,2026-08-28T19:47:16Z,18.985701,72.81344,1326.0,121.9,31.5,0.0
CAT-EQ-1003,2026-08-28T20:47:16Z,18.985002,72.814843,1326.8,121.9,30.4,21.0
CAT-EQ-1003,2026-08-28T21:47:16Z,18.9871,72.816848,1327.6,121.9,29.2,21.9
CAT-EQ-1003,2026-08-28T22:47:16Z,18.988007,72.815094,1328.4,121.9,27.4,13.8
CAT-EQ-1003,2026-08-28T23:47:16Z,18.987399,72.81447,1329.2,121.9,26.6,17.6
CAT-EQ-1003,2026-08-29T00:47:16Z,18.986258,72.813795,1330.0,121.9,25.5,20.1
CAT-EQ-1003,2026-08-29T01:47:16Z,18.988162,72.815997,1330.8,121.9,23.5,15.9
CAT-EQ-1003,2026-08-29T02:47:16Z,18.986756,72.814947,1331.6,121.9,22.6,12.5
CAT-EQ-1003,2026-08-29T03:47:16Z,18.985205,72.816791,1332.4,121.9,21.4,16.6
CAT-EQ-1003,2026-08-29T04:47:16Z,18.986546,72.815614,1333.2,121.9,20.1,28.1
CAT-EQ-1003,2026-08-29T05:47:16Z,18.988736,72.816475,1334.0,121.9,95.0,20.0
CAT-EQ-1003,2026-08-29T06:47:16Z,18.988968,72.813584,1334.8,121.9,94.2,13.8
CAT-EQ-1003,2026-08-29T07:47:16Z,18.985097,72.814614,1335.6,121.9,92.8,11.7
CAT-EQ-1003,2026-08-29T08:47:16Z,18.985204,72.815068,1335.6,122.1,91.8,0.0
CAT-EQ-1003,2026-08-29T09:47:16Z,18.985145,72.816117,1335.6,122.3,90.0,0.0
CAT-EQ-1003,2026-08-29T10:47:16Z,18.988732,72.814512,1335.6,122.5,87.9,0.0
CAT-EQ-1003,2026-08-29T11:47:16Z,18.985569,72.81666,1335.6,122.7,86.9,0.0
CAT-EQ-1003,2026-08-29T12:47:16Z,18.986212,72.816814,1335.6,122.9,86.4,0.0
CAT-EQ-1003,2026-08-29T13:47:16Z,18.985607,72.815188,1335.6,123.1,84.5,0.0
CAT-EQ-1003,2026-08-29T14:47:16Z,18.985265,72.816435,1335.6,123.3,60.5,0.0
CAT-EQ-1003,2026-08-29T15:47:16Z,18.988925,72.816699,1335.6,123.5,59.2,0.0
CAT-EQ-1003,2026-08-29T16:47:16Z,18.987467,72.816918,1335.6,123.7,57.1,0.0
CAT-EQ-1003,2026-08-29T17:47:16Z,18.988557,72.816258,1335.6,123.9,55.7,0.0
CAT-EQ-1003,2026-08-29T18:47:16Z,18.988341,72.815359,1335.6,124.1,54.1,0.0
CAT-EQ-1003,2026-08-29T19:47:16Z,18.98826,72.814735,1335.6,124.3,53.1,0.0
CAT-EQ-1003,2026-08-29T20:47:16Z,18.985205,72.815367,1336.4,124.3,51.0,28.5
CAT-EQ-1003,2026-08-29T21:47:16Z,18.985876,72.816825,1337.2,124.3,49.0,11.4
CAT-EQ-1003,2026-08-29T22:47:16Z,18.98797,72.814677,1338.0,124.3,47.9,8.8
CAT-EQ-1003,2026-08-29T23:47:16Z,18.985265,72.814256,1338.8,124.3,45.8,7.0
CAT-EQ-1003,2026-08-30T00:47:16Z,18.985122,72.81675,1339.6,124.3,44.5,15.9
CAT-EQ-1003,2026-08-30T01:47:16Z,18.987354,72.814621,1340.4,124.3,42.4,10.9
CAT-EQ-1003,2026-08-30T02:47:16Z,18.986309,72.814507,1341.2,124.3,41.6,12.2
CAT-EQ-1003,2026-08-30T03:47:16Z,18.987161,72.814971,1342.0,124.3,95.0,7.1
CAT-EQ-1003,2026-08-30T04:47:16Z,18.985008,72.81371,1342.8,124.3,92.8,29.3
CAT-EQ-1003,2026-08-30T05:47:16Z,18.986429,72.815288,1343.6,124.3,90.9,29.6
CAT-EQ-1003,2026-08-30T06:47:16Z,18.988953,72.815457,1344.4,124.3,89.4,27.3
CAT-EQ-1003,2026-08-30T07:47:16Z,18.98543,72.815373,1345.2,124.3,87.2,9.8
CAT-EQ-1003,2026-08-30T08:47:16Z,18.98526,72.815425,1345.2,124.5,86.2,0.0
CAT-EQ-1003,2026-08-30T09:47:16Z,18.987426,72.815756,1345.2,124.7,85.6,0.0
CAT-EQ-1003,2026-08-30T10:47:16Z,18.988241,72.814435,1345.2,124.9,83.9,0.0
CAT-EQ-1003,2026-08-30T11:47:16Z,18.988228,72.813941,1345.2,125.1,82.7,0.0
CAT-EQ-1003,2026-08-30T12:47:16Z,18.985595,72.813621,1345.2,125.3,81.8,0.0
CAT-EQ-1003,2026-08-30T13:47:16Z,18.986796,72.813597,1345.2,125.5,81.1,0.0
CAT-EQ-1003,2026-08-30T14:47:16Z,18.987875,72.814741,1345.2,125.7,79.6,0.0
CAT-EQ-1003,2026-08-30T15:47:16Z,18.987351,72.81675,1345.2,125.9,78.2,0.0
CAT-EQ-1003,2026-08-30T16:47:16Z,18.985766,72.813264,1345.2,126.1,77.4,0.0
CAT-EQ-1003,2026-08-30T17:47:16Z,18.98699,72.815633,1345.2,126.3,76.6,0.0
CAT-EQ-1003,2026-08-30T18:47:16Z,18.986308,72.816867,1345.2,126.5,75.9,0.0
CAT-EQ-1003,2026-08-30T19:47:16Z,18.987799,72.81303,1345.2,126.7,74.4,0.0
CAT-EQ-1003,2026-08-30T20:47:16Z,18.985593,72.816537,1346.0,126.7,72.3,28.9
CAT-EQ-1003,2026-08-30T21:47:16Z,18.986671,72.816083,1346.8,126.7,70.5,20.1
CAT-EQ-1003,2026-08-30T22:47:16Z,18.986931,72.816297,1347.6,126.7,70.0,22.8
CAT-EQ-1003,2026-08-30T23:47:16Z,18.98702,72.815123,1348.4,126.7,68.3,10.3
CAT-EQ-1003,2026-08-31T00:47:16Z,18.988799,72.816201,1349.2,126.7,67.0,29.8
CAT-EQ-1003,2026-08-31T01:47:16Z,18.985178,72.81433,1350.0,126.7,65.2,23.0
CAT-EQ-1003,2026-08-31T02:47:16Z,18.988716,72.816656,1350.8,126.7,63.3,20.7
CAT-EQ-1003,2026-08-31T03:47:16Z,18.986201,72.815608,1351.6,126.7,62.0,10.8
CAT-EQ-1003,2026-08-31T04:47:16Z,18.987123,72.813162,1352.4,126.7,61.0,10.7
CAT-EQ-1003,2026-08-31T05:47:16Z,18.98821,72.814095,1353.2,126.7,58.9,16.2
CAT-EQ-1003,2026-08-31T06:47:16Z,18.988179,72.81556,1354.0,126.7,56.8,18.7
CAT-EQ-1003,2026-08-31T07:47:16Z,18.987645,72.81415,1354.8,126.7,55.9,20.0
CAT-EQ-1003,2026-08-31T08:47:16Z,18.986314,72.81518,1354.8,126.9,54.5,0.0
CAT-EQ-1003,2026-08-31T09:47:16Z,18.988786,72.813083,1354.8,127.1,52.9,0.0
CAT-EQ-1003,2026-08-31T10:47:16Z,18.987687,72.814662,1354.8,127.3,51.3,0.0
CAT-EQ-1003,2026-08-31T11:47:16Z,18.988727,72.814238,1354.8,127.5,50.6,0.0
CAT-EQ-1003,2026-08-31T12:47:16Z,18.988493,72.816412,1354.8,127.7,48.4,0.0
CAT-EQ-1003,2026-08-31T13:47:16Z,18.988777,72.816861,1354.8,127.9,46.6,0.0
CAT-EQ-1003,2026-08-31T14:47:16Z,18.988118,72.814861,1354.8,128.1,44.8,0.0
CAT-EQ-1003,2026-08-31T15:47:16Z,18.988156,72.814413,1354.8,128.3,44.1,0.0
CAT-EQ-1003,2026-08-31T16:47:16Z,18.988644,72.815481,1354.8,128.5,42.4,0.0
CAT-EQ-1003,2026-08-31T17:47:16Z,18.986368,72.815088,1354.8,128.7,41.6,0.0
CAT-EQ-1003,2026-08-31T18:47:16Z,18.986406,72.814361,1354.8,128.9,39.8,0.0
CAT-EQ-1003,2026-08-31T19:47:16Z,18.988247,72.813849,1354.8,129.1,38.5,0.0
CAT-EQ-1003,2026-08-31T20:47:16Z,18.988972,72.813907,1355.6,129.1,37.8,20.9
CAT-EQ-1003,2026-08-31T21:47:16Z,18.98757,72.813796,1356.4,129.1,36.7,27.8
CAT-EQ-1003,2026-08-31T22:47:16Z,18.988736,72.815595,1357.2,129.1,34.5,94.5
CAT-EQ-1003,2026-08-31T23:47:16Z,18.988372,72.815379,1358.0,129.1,33.9,25.9
CAT-EQ-1003,2026-09-01T00:47:16Z,18.987904,72.814363,1358.8,129.1,31.7,7.9
CAT-EQ-1003,2026-09-01T01:47:16Z,18.988289,72.814174,1359.6,129.1,30.6,5.8
CAT-EQ-1003,2026-09-01T02:47:16Z,18.986033,72.814518,1360.4,129.1,29.9,6.4
CAT-EQ-1003,2026-09-01T03:47:16Z,18.9853,72.814234,1361.2,129.1,28.5,13.5
CAT-EQ-1003,2026-09-01T04:47:16Z,18.988478,72.816726,1362.0,129.1,26.8,5.6
CAT-EQ-1003,2026-09-01T05:47:16Z,18.986335,72.816554,1362.8,129.1,25.8,26.3
CAT-EQ-1003,2026-09-01T06:47:16Z,18.988366,72.815201,1363.6,129.1,24.9,10.3
CAT-EQ-1003,2026-09-01T07:47:16Z,18.987762,72.814189,1364.4,129.1,23.4,26.5
CAT-EQ-1003,2026-09-01T08:47:16Z,18.985163,72.816675,1364.4,129.3,21.6,0.0
CAT-EQ-1003,2026-09-01T09:47:16Z,18.985275,72.816796,1364.4,129.5,21.0,0.0
CAT-EQ-1003,2026-09-01T10:47:16Z,18.986445,72.815168,1364.4,129.7,95.0,0.0
CAT-EQ-1003,2026-09-01T11:47:16Z,18.985328,72.813674,1364.4,129.9,93.2,0.0
CAT-EQ-1003,2026-09-01T12:47:16Z,18.985067,72.813874,1364.4,130.1,91.6,0.0
CAT-EQ-1003,2026-09-01T13:47:16Z,18.987039,72.816959,1364.4,130.3,89.6,0.0
CAT-EQ-1003,2026-09-01T14:47:16Z,18.988105,72.81375,1364.4,130.5,87.8,0.0
CAT-EQ-1003,2026-09-01T15:47:16Z,18.98577,72.815111,1364.4,130.7,86.1,0.0
CAT-EQ-1003,2026-09-01T16:47:16Z,18.986151,72.813996,1364.4,130.9,84.1,0.0
CAT-EQ-1003,2026-09-01T17:47:16Z,18.986991,72.816911,1364.4,131.1,82.5,0.0
CAT-EQ-1003,2026-09-01T18:47:16Z,18.985737,72.815563,1364.4,131.3,81.8,0.0
CAT-EQ-1003,2026-09-01T19:47:16Z,18.988993,72.81598,1364.4,131.5,81.2,0.0
CAT-EQ-1003,2026-09-01T20:47:16Z,18.987298,72.815607,1365.2,131.5,79.1,22.1
CAT-EQ-1003,2026-09-01T21:47:16Z,18.985578,72.815897,1366.0,131.5,78.2,94.5
CAT-EQ-1003,2026-09-01T22:47:16Z,18.987721,72.814774,1366.8,131.5,76.6,26.7
CAT-EQ-1003,2026-09-01T23:47:16Z,18.988432,72.815649,1367.6,131.5,74.6,20.9
CAT-EQ-1003,2026-09-02T00:47:16Z,18.985634,72.816126,1368.4,131.5,73.4,28.7
CAT-EQ-1003,2026-09-02T01:47:16Z,18.986149,72.814134,1369.2,131.5,72.7,23.7
CAT-EQ-1003,2026-09-02T02:47:16Z,18.986818,72.814213,1370.0,131.5,72.1,24.2
CAT-EQ-1003,2026-09-02T03:47:16Z,18.986079,72.814921,1370.8,131.5,69.9,10.0
CAT-EQ-1003,2026-09-02T04:47:16Z,18.988946,72.815207,1371.6,131.5,68.8,8.3
CAT-EQ-1003,2026-09-02T05:47:16Z,18.985395,72.816448,1372.4,131.5,67.8,8.6
CAT-EQ-1003,2026-09-02T06:47:16Z,18.985428,72.816595,1373.2,131.5,65.7,12.8
CAT-EQ-1003,2026-09-02T07:47:16Z,18.987298,72.816698,1374.0,131.5,63.8,11.1
CAT-EQ-1003,2026-09-02T08:47:16Z,18.988834,72.81431,1374.0,131.7,63.3,0.0
CAT-EQ-1003,2026-09-02T09:47:16Z,18.985774,72.813434,1374.0,131.9,62.8,0.0
CAT-EQ-1003,2026-09-02T10:47:16Z,18.987345,72.815515,1374.0,132.1,60.9,0.0
CAT-EQ-1003,2026-09-02T11:47:16Z,18.98652,72.815498,1374.0,132.3,59.8,0.0
CAT-EQ-1003,2026-09-02T12:47:16Z,18.988036,72.81513,1374.0,132.5,58.7,0.0
CAT-EQ-1004,2026-08-19T13:47:16Z,23.618925,87.131466,1003.2,97.7,93.0,0.0
CAT-EQ-1004,2026-08-19T14:47:16Z,23.620724,87.131904,1003.2,97.9,92.4,0.0
CAT-EQ-1004,2026-08-19T15:47:16Z,23.618387,87.129026,1003.2,98.1,91.5,0.0
CAT-EQ-1004,2026-08-19T16:47:16Z,23.621559,87.131572,1003.2,98.3,89.9,0.0
CAT-EQ-1004,2026-08-19T17:47:16Z,23.619001,87.130393,1003.2,98.5,89.2,0.0
CAT-EQ-1004,2026-08-19T18:47:16Z,23.619108,87.128668,1003.2,98.7,87.9,0.0
CAT-EQ-1004,2026-08-19T19:47:16Z,23.621969,87.131183,1003.2,98.9,86.6,0.0
CAT-EQ-1004,2026-08-19T20:47:16Z,23.618,87.130786,1004.0,98.9,85.1,7.5
CAT-EQ-1004,2026-08-19T21:47:16Z,23.621923,87.130287,1004.8,98.9,83.4,23.8
CAT-EQ-1004,2026-08-19T22:47:16Z,23.618718,87.131309,1005.6,98.9,82.8,9.8
CAT-EQ-1004,2026-08-19T23:47:16Z,23.618126,87.130903,1006.4,98.9,81.2,12.4
CAT-EQ-1004,2026-08-20T00:47:16Z,23.619727,87.130752,1007.2,98.9,79.3,14.2
CAT-EQ-1004,2026-08-20T01:47:16Z,23.6187,87.131372,1008.0,98.9,78.7,9.0
CAT-EQ-1004,2026-08-20T02:47:16Z,23.619738,87.130799,1008.8,98.9,77.5,7.1
CAT-EQ-1004,2026-08-20T03:47:16Z,23.621604,87.130367,1009.6,98.9,76.1,22.8
CAT-EQ-1004,2026-08-20T04:47:16Z,23.620377,87.130642,1010.4,98.9,74.2,19.6
CAT-EQ-1004,2026-08-20T05:47:16Z,23.619263,87.130425,1011.2,98.9,73.0,16.2
CAT-EQ-1004,2026-08-20T06:47:16Z,23.62109,87.129859,1012.0,98.9,72.0,25.0
CAT-EQ-1004,2026-08-20T07:47:16Z,23.620948,87.130134,1012.8,98.9,71.4,19.5
CAT-EQ-1004,2026-08-20T08:47:16Z,23.62085,87.131267,1012.8,99.1,69.8,0.0
CAT-EQ-1004,2026-08-20T09:47:16Z,23.618962,87.128203,1012.8,99.3,67.9,0.0
CAT-EQ-1004,2026-08-20T10:47:16Z,23.618334,87.1301,1012.8,99.5,66.5,0.0
CAT-EQ-1004,2026-08-20T11:47:16Z,23.618176,87.129962,1012.8,99.7,64.6,0.0
CAT-EQ-1004,2026-08-20T12:47:16Z,23.618358,87.128591,1012.8,99.9,62.9,0.0
CAT-EQ-1004,2026-08-20T13:47:16Z,23.621041,87.129844,1012.8,100.1,62.3,0.0
CAT-EQ-1004,2026-08-20T14:47:16Z,23.618046,87.128109,1012.8,100.3,61.7,0.0
CAT-EQ-1004,2026-08-20T15:47:16Z,23.61929,87.13103,1012.8,100.5,61.2,0.0
CAT-EQ-1004,2026-08-20T16:47:16Z,23.621812,87.128393,1012.8,100.7,60.3,0.0
CAT-EQ-1004,2026-08-20T17:47:16Z,23.620994,87.130419,1012.8,100.9,58.5,0.0
CAT-EQ-1004,2026-08-20T18:47:16Z,23.621179,87.130016,1012.8,101.1,56.9,0.0
CAT-EQ-1004,2026-08-20T19:47:16Z,23.618592,87.130673,1012.8,101.3,55.4,0.0
CAT-EQ-1004,2026-08-20T20:47:16Z,23.621297,87.129156,1013.6,101.3,54.7,12.2
CAT-EQ-1004,2026-08-20T21:47:16Z,23.618105,87.130397,1014.4,101.3,53.4,6.1
CAT-EQ-1004,2026-08-20T22:47:16Z,23.619446,87.130064,1015.2,101.3,52.4,11.5
CAT-EQ-1004,2026-08-20T23:47:16Z,23.619078,87.128911,1016.0,101.3,51.6,15.1
CAT-EQ-1004,2026-08-21T00:47:16Z,23.619501,87.128167,1016.8,101.3,49.8,21.5
CAT-EQ-1004,2026-08-21T01:47:16Z,23.621424,87.130233,1017.6,101.3,48.6,20.6
CAT-EQ-1004,2026-08-21T02:47:16Z,23.621754,87.131699,1018.4,101.3,47.0,24.7
CAT-EQ-1004,2026-08-21T03:47:16Z,23.619567,87.13134,1019.2,101.3,46.3,6.6
CAT-EQ-1004,2026-08-21T04:47:16Z,23.620502,87.129035,1020.0,101.3,22.3,18.9
CAT-EQ-1004,2026-08-21T05:47:16Z,23.620063,87.129512,1020.8,101.3,20.2,9.4
CAT-EQ-1004,2026-08-21T06:47:16Z,23.618262,87.130787,1021.6,101.3,95.0,18.2
CAT-EQ-1004,2026-08-21T07:47:16Z,23.620922,87.129631,1022.4,101.3,93.4,12.4
CAT-EQ-1004,2026-08-21T08:47:16Z,23.619473,87.130901,1022.4,101.5,91.6,0.0
CAT-EQ-1004,2026-08-21T09:47:16Z,23.618329,87.131494,1022.4,101.7,89.8,0.0
CAT-EQ-1004,2026-08-21T10:47:16Z,23.619419,87.131001,1022.4,101.9,88.7,0.0
CAT-EQ-1004,2026-08-21T11:47:16Z,23.618916,87.130703,1022.4,102.1,87.5,0.0
CAT-EQ-1004,2026-08-21T12:47:16Z,23.621646,87.128093,1022.4,102.3,85.3,0.0
CAT-EQ-1004,2026-08-21T13:47:16Z,23.619162,87.130303,1022.4,102.5,84.4,0.0
CAT-EQ-1004,2026-08-21T14:47:16Z,23.620923,87.129473,1022.4,102.7,82.6,0.0
CAT-EQ-1004,2026-08-21T15:47:16Z,23.619326,87.13189,1022.4,102.9,80.4,0.0
CAT-EQ-1004,2026-08-21T16:47:16Z,23.61815,87.130747,1022.4,103.1,78.7,0.0
CAT-EQ-1004,2026-08-21T17:47:16Z,23.618836,87.13106,1022.4,103.3,76.7,0.0
CAT-EQ-1004,2026-08-21T18:47:16Z,23.620836,87.129579,1022.4,103.5,75.6,0.0
CAT-EQ-1004,2026-08-21T19:47:16Z,23.620399,87.130105,1022.4,103.7,75.0,0.0
CAT-EQ-1004,2026-08-21T20:47:16Z,23.620373,87.130523,1023.2,103.7,74.1,24.7
CAT-EQ-1004,2026-08-21T21:47:16Z,23.62153,87.131419,1024.0,103.7,73.2,10.4
CAT-EQ-1004,2026-08-21T22:47:16Z,23.621034,87.12931,1024.8,103.7,71.9,28.9
CAT-EQ-1004,2026-08-21T23:47:16Z,23.621456,87.131567,1025.6,103.7,70.4,16.5
CAT-EQ-1004,2026-08-22T00:47:16Z,23.618427,87.131115,1026.4,103.7,69.9,9.6
CAT-EQ-1004,2026-08-22T01:47:16Z,23.619509,87.129889,1027.2,103.7,69.0,8.2
CAT-EQ-1004,2026-08-22T02:47:16Z,23.620899,87.129662,1028.0,103.7,68.3,11.6
CAT-EQ-1004,2026-08-22T03:47:16Z,23.618536,87.128232,1028.8,103.7,66.4,20.5
CAT-EQ-1004,2026-08-22T04:47:16Z,23.619147,87.130157,1029.6,103.7,64.6,6.8
CAT-EQ-1004,2026-08-22T05:47:16Z,23.621026,87.129629,1030.4,103.7,63.1,14.9
CAT-EQ-1004,2026-08-22T06:47:16Z,23.618294,87.129805,1031.2,103.7,61.8,23.1
CAT-EQ-1004,2026-08-22T07:47:16Z,23.621429,87.129176,1032.0,103.7,60.1,15.5
CAT-EQ-1004,2026-08-22T08:47:16Z,23.620522,87.131112,1032.0,103.9,58.2,0.0
CAT-EQ-1004,2026-08-22T09:47:16Z,23.621163,87.128185,1032.0,104.1,56.9,0.0
CAT-EQ-1004,2026-08-22T10:47:16Z,23.618072,87.128169,1032.0,104.3,55.1,0.0
CAT-EQ-1004,2026-08-22T11:47:16Z,23.619562,87.131538,1032.0,104.5,54.3,0.0
CAT-EQ-1004,2026-08-22T12:47:16Z,23.619823,87.129282,1032.0,104.7,53.5,0.0
CAT-EQ-1004,2026-08-22T13:47:16Z,23.62159,87.129423,1032.0,104.9,52.6,0.0
CAT-EQ-1004,2026-08-22T14:47:16Z,23.619942,87.13139,1032.0,105.1,51.1,0.0
CAT-EQ-1004,2026-08-22T15:47:16Z,23.621936,87.131326,1032.0,105.3,49.6,0.0
CAT-EQ-1004,2026-08-22T16:47:16Z,23.620218,87.131175,1032.0,105.5,48.6,0.0
CAT-EQ-1004,2026-08-22T17:47:16Z,23.621451,87.131651,1032.0,105.7,47.7,0.0
CAT-EQ-1004,2026-08-22T18:47:16Z,23.620581,87.130458,1032.0,105.9,46.8,0.0
CAT-EQ-1004,2026-08-22T19:47:16Z,23.618072,87.131289,1032.0,106.1,45.1,0.0
CAT-EQ-1004,2026-08-22T20:47:16Z,23.620296,87.13174,1032.8,106.1,44.1,29.8
CAT-EQ-1004,2026-08-22T21:47:16Z,23.620391,87.130291,1033.6,106.1,43.0,16.3
CAT-EQ-1004,2026-08-22T22:47:16Z,23.620627,87.131321,1034.4,106.1,41.0,15.5
CAT-EQ-1004,2026-08-22T23:47:16Z,23.621417,87.128359,1035.2,106.1,39.2,24.0
CAT-EQ-1004,2026-08-23T00:47:16Z,23.620275,87.128588,1036.0,106.1,37.6,8.6
CAT-EQ-1004,2026-08-23T01:47:16Z,23.621169,87.131427,1036.8,106.1,36.1,12.4
CAT-EQ-1004,2026-08-23T02:47:16Z,23.618892,87.131122,1037.6,106.1,34.3,27.3
CAT-EQ-1004,2026-08-23T03:47:16Z,23.620489,87.128092,1038.4,106.1,33.7,15.7
CAT-EQ-1004,2026-08-23T04:47:16Z,23.621566,87.130568,1039.2,106.1,32.5,8.9
CAT-EQ-1004,2026-08-23T05:47:16Z,23.620427,87.129303,1040.0,106.1,31.6,10.4
CAT-EQ-1004,2026-08-23T06:47:16Z,23.620629,87.130245,1040.8,106.1,30.2,27.7
CAT-EQ-1004,2026-08-23T07:47:16Z,23.619379,87.12963,1041.6,106.1,95.0,25.5
CAT-EQ-1004,2026-08-23T08:47:16Z,23.619737,87.12812,1041.6,106.3,93.5,0.0
CAT-EQ-1004,2026-08-23T09:47:16Z,23.620178,87.128586,1041.6,106.5,91.7,0.0
CAT-EQ-1004,2026-08-23T10:47:16Z,23.619379,87.130521,1041.6,106.7,90.3,0.0
CAT-EQ-1004,2026-08-23T11:47:16Z,23.618393,87.131322,1041.6,106.9,88.4,0.0
CAT-EQ-1004,2026-08-23T12:47:16Z,23.619347,87.131695,1041.6,107.1,87.4,0.0
CAT-EQ-1004,2026-08-23T13:47:16Z,23.618596,87.13035,1041.6,107.3,86.2,0.0
CAT-EQ-1004,2026-08-23T14:47:16Z,23.621419,87.13133,1041.6,107.5,84.2,0.0
CAT-EQ-1004,2026-08-23T15:47:16Z,23.620671,87.130056,1041.6,107.7,60.2,0.0
CAT-EQ-1004,2026-08-23T16:47:16Z,23.618467,87.131919,1041.6,107.9,58.0,0.0
CAT-EQ-1004,2026-08-23T17:47:16Z,23.620448,87.131294,1041.6,108.1,57.1,0.0
CAT-EQ-1004,2026-08-23T18:47:16Z,23.618224,87.130593,1041.6,108.3,56.0,0.0
CAT-EQ-1004,2026-08-23T19:47:16Z,23.618217,87.129631,1041.6,108.5,54.2,0.0
CAT-EQ-1004,2026-08-23T20:47:16Z,23.619645,87.128575,1042.4,108.5,53.0,20.7
CAT-EQ-1004,2026-08-23T21:47:16Z,23.619771,87.129126,1043.2,108.5,51.6,10.5
CAT-EQ-1004,2026-08-23T22:47:16Z,23.621452,87.130686,1044.0,108.5,50.5,22.9
CAT-EQ-1004,2026-08-23T23:47:16Z,23.6209,87.131304,1044.8,108.5,48.5,13.6
CAT-EQ-1004,2026-08-24T00:47:16Z,23.618267,87.131111,1045.6,108.5,46.4,28.1
CAT-EQ-1004,2026-08-24T01:47:16Z,23.618794,87.129815,1046.4,108.5,44.2,28.4
CAT-EQ-1004,2026-08-24T02:47:16Z,23.61881,87.131663,1047.2,108.5,42.2,8.3
CAT-EQ-1004,2026-08-24T03:47:16Z,23.621984,87.131631,1048.0,108.5,41.3,16.7
CAT-EQ-1004,2026-08-24T04:47:16Z,23.619688,87.131301,1048.8,108.5,40.4,7.0
CAT-EQ-1004,2026-08-24T05:47:16Z,23.619504,87.128762,1049.6,108.5,38.3,12.9
CAT-EQ-1004,2026-08-24T06:47:16Z,23.620904,87.128675,1050.4,108.5,36.8,27.3
CAT-EQ-1004,2026-08-24T07:47:16Z,23.62127,87.129725,1051.2,108.5,36.2,6.2
CAT-EQ-1004,2026-08-24T08:47:16Z,23.621328,87.129593,1051.2,108.7,34.5,0.0
CAT-EQ-1004,2026-08-24T09:47:16Z,23.619999,87.130054,1051.2,108.9,32.8,0.0
CAT-EQ-1004,2026-08-24T10:47:16Z,23.621513,87.131577,1051.2,109.1,31.2,0.0
CAT-EQ-1004,2026-08-24T11:47:16Z,23.620078,87.131895,1051.2,109.3,30.4,0.0
CAT-EQ-1004,2026-08-24T12:47:16Z,23.620925,87.130426,1051.2,109.5,29.0,0.0
CAT-EQ-1004,2026-08-24T13:47:16Z,23.620157,87.131507,1051.2,109.7,27.0,0.0
CAT-EQ-1004,2026-08-24T14:47:16Z,23.618117,87.128916,1051.2,109.9,26.0,0.0
CAT-EQ-1004,2026-08-24T15:47:16Z,23.620354,87.130877,1051.2,110.1,24.2,0.0
CAT-EQ-1004,2026-08-24T16:47:16Z,23.6208,87.129611,1051.2,110.3,22.9,0.0
CAT-EQ-1004,2026-08-24T17:47:16Z,23.618586,87.13117,1051.2,110.5,21.1,0.0
CAT-EQ-1004,2026-08-24T18:47:16Z,23.621363,87.128722,1051.2,110.7,20.4,0.0
CAT-EQ-1004,2026-08-24T19:47:16Z,23.620715,87.130638,1051.2,110.9,95.0,0.0
CAT-EQ-1004,2026-08-24T20:47:16Z,23.61962,87.128601,1052.0,110.9,93.3,13.4
CAT-EQ-1004,2026-08-24T21:47:16Z,23.61931,87.129592,1052.8,110.9,91.9,21.3
CAT-EQ-1004,2026-08-24T22:47:16Z,23.619074,87.12972,1053.6,110.9,90.0,19.9
CAT-EQ-1004,2026-08-24T23:47:16Z,23.621569,87.128151,1054.4,110.9,89.3,12.2
CAT-EQ-1004,2026-08-25T00:47:16Z,23.620169,87.1319,1055.2,110.9,87.7,5.8
CAT-EQ-1004,2026-08-25T01:47:16Z,23.62153,87.129351,1056.0,110.9,86.9,22.3
CAT-EQ-1004,2026-08-25T02:47:16Z,23.619807,87.130183,1056.8,110.9,86.0,17.8
CAT-EQ-1004,2026-08-25T03:47:16Z,23.619428,87.128716,1057.6,110.9,84.7,25.3
CAT-EQ-1004,2026-08-25T04:47:16Z,23.620627,87.128105,1058.4,110.9,82.9,15.0
CAT-EQ-1004,2026-08-25T05:47:16Z,23.620511,87.131893,1059.2,110.9,82.3,11.9
CAT-EQ-1004,2026-08-25T06:47:16Z,23.621661,87.130023,1060.0,110.9,80.7,18.3
CAT-EQ-1004,2026-08-25T07:47:16Z,23.619976,87.130999,1060.8,110.9,79.2,8.8
CAT-EQ-1004,2026-08-25T08:47:16Z,23.620574,87.130729,1060.8,111.1,78.7,0.0
CAT-EQ-1004,2026-08-25T09:47:16Z,23.620654,87.131471,1060.8,111.3,76.7,0.0
CAT-EQ-1004,2026-08-25T10:47:16Z,23.619827,87.128153,1060.8,111.5,75.7,0.0
CAT-EQ-1004,2026-08-25T11:47:16Z,23.620986,87.13141,1060.8,111.7,74.9,0.0
CAT-EQ-1004,2026-08-25T12:47:16Z,23.619576,87.128561,1060.8,111.9,73.6,0.0
CAT-EQ-1004,2026-08-25T13:47:16Z,23.621807,87.130734,1060.8,112.1,72.7,0.0
CAT-EQ-1004,2026-08-25T14:47:16Z,23.618889,87.131762,1060.8,112.3,70.8,0.0
CAT-EQ-1004,2026-08-25T15:47:16Z,23.61962,87.129043,1060.8,112.5,70.1,0.0
CAT-EQ-1004,2026-08-25T16:47:16Z,23.62089,87.131729,1060.8,112.7,68.3,0.0
CAT-EQ-1004,2026-08-25T17:47:16Z,23.618687,87.131784,1060.8,112.9,66.1,0.0
CAT-EQ-1004,2026-08-25T18:47:16Z,23.620746,87.128409,1060.8,113.1,64.6,0.0
CAT-EQ-1004,2026-08-25T19:47:16Z,23.619477,87.128103,1060.8,113.3,62.9,0.0
CAT-EQ-1004,2026-08-25T20:47:16Z,23.618063,87.129282,1061.6,113.3,61.5,18.0
CAT-EQ-1004,2026-08-25T21:47:16Z,23.620513,87.12848,1062.4,113.3,60.6,22.0
CAT-EQ-1004,2026-08-25T22:47:16Z,23.619925,87.129937,1063.2,113.3,59.9,17.8
CAT-EQ-1004,2026-08-25T23:47:16Z,23.618151,87.131354,1064.0,113.3,59.0,18.0
CAT-EQ-1004,2026-08-26T00:47:16Z,23.619311,87.128429,1064.8,113.3,57.9,12.7
CAT-EQ-1004,2026-08-26T01:47:16Z,23.621384,87.130098,1065.6,113.3,56.6,14.2
CAT-EQ-1004,2026-08-26T02:47:16Z,23.619063,87.131386,1066.4,113.3,54.5,15.7
CAT-EQ-1004,2026-08-26T03:47:16Z,23.618141,87.129415,1067.2,113.3,52.6,21.1
CAT-EQ-1004,2026-08-26T04:47:16Z,23.619892,87.128241,1068.0,113.3,51.1,20.4
CAT-EQ-1004,2026-08-26T05:47:16Z,23.621379,87.130107,1068.8,113.3,50.4,8.3
CAT-EQ-1004,2026-08-26T06:47:16Z,23.621236,87.131238,1069.6,113.3,49.3,13.7
CAT-EQ-1004,2026-08-26T07:47:16Z,23.621169,87.129799,1070.4,113.3,48.0,6.5
CAT-EQ-1004,2026-08-26T08:47:16Z,23.619352,87.129349,1070.4,113.5,46.6,0.0
CAT-EQ-1004,2026-08-26T09:47:16Z,23.620353,87.131858,1070.4,113.7,45.6,0.0
CAT-EQ-1004,2026-08-26T10:47:16Z,23.618711,87.128516,1070.4,113.9,44.0,0.0
CAT-EQ-1004,2026-08-26T11:47:16Z,23.619712,87.129329,1070.4,114.1,42.1,0.0
CAT-EQ-1004,2026-08-26T12:47:16Z,23.621206,87.12949,1070.4,114.3,41.6,0.0
CAT-EQ-1004,2026-08-26T13:47:16Z,23.618525,87.131509,1070.4,114.5,39.4,0.0
CAT-EQ-1004,2026-08-26T14:47:16Z,23.618277,87.128022,1070.4,114.7,37.5,0.0
CAT-EQ-1004,2026-08-26T15:47:16Z,23.620222,87.128729,1070.4,114.9,35.9,0.0
CAT-EQ-1004,2026-08-26T16:47:16Z,23.619532,87.130346,1070.4,115.1,34.5,0.0
CAT-EQ-1004,2026-08-26T17:47:16Z,23.621962,87.128888,1070.4,115.3,32.6,0.0
CAT-EQ-1004,2026-08-26T18:47:16Z,23.620573,87.128599,1070.4,115.5,30.4,0.0
CAT-EQ-1004,2026-08-26T19:47:16Z,23.618671,87.129475,1070.4,115.7,28.7,0.0
CAT-EQ-1004,2026-08-26T20:47:16Z,23.620173,87.131265,1071.2,115.7,27.9,29.0
CAT-EQ-1004,2026-08-26T21:47:16Z,23.621365,87.128028,1072.0,115.7,27.1,9.8
CAT-EQ-1004,2026-08-26T22:47:16Z,23.618359,87.128979,1072.8,115.7,95.0,7.3
CAT-EQ-1004,2026-08-26T23:47:16Z,23.61866,87.129887,1073.6,115.7,94.5,9.0
CAT-EQ-1004,2026-08-27T00:47:16Z,23.61992,87.129283,1074.4,115.7,92.4,7.2
CAT-EQ-1004,2026-08-27T01:47:16Z,23.621451,87.131769,1075.2,115.7,91.3,14.1
CAT-EQ-1004,2026-08-27T02:47:16Z,23.619814,87.131599,1076.0,115.7,89.6,20.5
CAT-EQ-1004,2026-08-27T03:47:16Z,23.619758,87.128484,1076.8,115.7,88.8,23.2
CAT-EQ-1004,2026-08-27T04:47:16Z,23.620913,87.131703,1077.6,115.7,87.0,6.6
CAT-EQ-1004,2026-08-27T05:47:16Z,23.61869,87.130307,1078.4,115.7,85.9,29.2
CAT-EQ-1004,2026-08-27T06:47:16Z,23.620931,87.131198,1079.2,115.7,83.8,20.4
CAT-EQ-1004,2026-08-27T07:47:16Z,23.618946,87.128666,1080.0,115.7,82.4,19.6
CAT-EQ-1004,2026-08-27T08:47:16Z,23.621578,87.128813,1080.0,115.9,80.9,0.0
CAT-EQ-1004,2026-08-27T09:47:16Z,23.620578,87.130948,1080.0,116.1,79.6,0.0
CAT-EQ-1004,2026-08-27T10:47:16Z,23.621768,87.130284,1080.0,116.3,78.6,0.0
CAT-EQ-1004,2026-08-27T11:47:16Z,23.620445,87.1309,1080.0,116.5,76.8,0.0
CAT-EQ-1004,2026-08-27T12:47:16Z,23.619755,87.128747,1080.0,116.7,74.8,0.0
CAT-EQ-1004,2026-08-27T13:47:16Z,23.621604,87.129874,1080.0,116.9,73.9,0.0
CAT-EQ-1004,2026-08-27T14:47:16Z,23.621582,87.129308,1080.0,117.1,72.5,0.0
CAT-EQ-1004,2026-08-27T15:47:16Z,23.618597,87.131249,1080.0,117.3,71.6,0.0
CAT-EQ-1004,2026-08-27T16:47:16Z,23.621162,87.131452,1080.0,117.5,70.5,0.0
CAT-EQ-1004,2026-08-27T17:47:16Z,23.620217,87.130426,1080.0,117.7,69.5,0.0
CAT-EQ-1004,2026-08-27T18:47:16Z,23.620276,87.129397,1080.0,117.9,68.1,0.0
CAT-EQ-1004,2026-08-27T19:47:16Z,23.620057,87.128739,1080.0,118.1,67.0,0.0
CAT-EQ-1004,2026-08-27T20:47:16Z,23.62199,87.131074,1080.8,118.1,65.2,14.9
CAT-EQ-1004,2026-08-27T21:47:16Z,23.621259,87.131421,1081.6,118.1,63.6,12.0
CAT-EQ-1004,2026-08-27T22:47:16Z,23.61884,87.130912,1082.4,118.1,62.9,7.7
CAT-EQ-1004,2026-08-27T23:47:16Z,23.621117,87.130919,1083.2,118.1,61.4,26.7
CAT-EQ-1004,2026-08-28T00:47:16Z,23.620615,87.13094,1084.0,118.1,60.1,13.7
CAT-EQ-1004,2026-08-28T01:47:16Z,23.619662,87.12988,1084.8,118.1,36.1,20.3
CAT-EQ-1004,2026-08-28T02:47:16Z,23.618194,87.128604,1085.6,118.1,35.3,19.8
CAT-EQ-1004,2026-08-28T03:47:16Z,23.619841,87.129866,1086.4,118.1,33.6,10.2
CAT-EQ-1004,2026-08-28T04:47:16Z,23.618451,87.129611,1087.2,118.1,33.0,6.3
CAT-EQ-1004,2026-08-28T05:47:16Z,23.620892,87.130647,1088.0,118.1,31.7,9.5
CAT-EQ-1004,2026-08-28T06:47:16Z,23.620919,87.128148,1088.8,118.1,30.2,24.0
CAT-EQ-1004,2026-08-28T07:47:16Z,23.619821,87.131507,1089.6,118.1,28.5,15.8
CAT-EQ-1004,2026-08-28T08:47:16Z,23.619128,87.128402,1089.6,118.3,26.7,0.0
CAT-EQ-1004,2026-08-28T09:47:16Z,23.618562,87.129349,1089.6,118.5,25.2,0.0
CAT-EQ-1004,2026-08-28T10:47:16Z,23.619147,87.128515,1089.6,118.7,24.4,0.0
CAT-EQ-1004,2026-08-28T11:47:16Z,23.621871,87.130886,1089.6,118.9,23.3,0.0
CAT-EQ-1004,2026-08-28T12:47:16Z,23.621221,87.128858,1089.6,119.1,21.7,0.0
CAT-EQ-1004,2026-08-28T13:47:16Z,23.619986,87.128068,1089.6,119.3,20.0,0.0
CAT-EQ-1004,2026-08-28T14:47:16Z,23.619695,87.129436,1089.6,119.5,95.0,0.0
CAT-EQ-1004,2026-08-28T15:47:16Z,23.618848,87.128108,1089.6,119.7,92.9,0.0
CAT-EQ-1004,2026-08-28T16:47:16Z,23.62196,87.131721,1089.6,119.9,92.4,0.0
CAT-EQ-1004,2026-08-28T17:47:16Z,23.619979,87.128241,1089.6,120.1,91.5,0.0
CAT-EQ-1004,2026-08-28T18:47:16Z,23.619725,87.131448,1089.6,120.3,89.4,0.0
CAT-EQ-1004,2026-08-28T19:47:16Z,23.6206,87.131604,1089.6,120.5,88.4,0.0
CAT-EQ-1004,2026-08-28T20:47:16Z,23.620568,87.128887,1090.4,120.5,86.7,11.5
CAT-EQ-1004,2026-08-28T21:47:16Z,23.621632,87.129622,1091.2,120.5,85.2,12.1
CAT-EQ-1004,2026-08-28T22:47:16Z,23.619233,87.12826,1092.0,120.5,83.1,27.9
CAT-EQ-1004,2026-08-28T23:47:16Z,23.61869,87.128984,1092.8,120.5,81.9,21.9
CAT-EQ-1004,2026-08-29T00:47:16Z,23.618442,87.13022,1093.6,120.5,80.7,7.7
CAT-EQ-1004,2026-08-29T01:47:16Z,23.621646,87.13117,1094.4,120.5,80.1,24.9
CAT-EQ-1004,2026-08-29T02:47:16Z,23.618647,87.130065,1095.2,120.5,79.5,7.5
CAT-EQ-1004,2026-08-29T03:47:16Z,23.618593,87.128122,1096.0,120.5,78.2,17.9
CAT-EQ-1004,2026-08-29T04:47:16Z,23.61817,87.129812,1096.8,120.5,77.4,29.4
CAT-EQ-1004,2026-08-29T05:47:16Z,23.621481,87.129444,1097.6,120.5,76.8,16.5
CAT-EQ-1004,2026-08-29T06:47:16Z,23.620816,87.128099,1098.4,120.5,76.0,11.9
CAT-EQ-1004,2026-08-29T07:47:16Z,23.619704,87.129718,1099.2,120.5,74.9,9.5
CAT-EQ-1004,2026-08-29T08:47:16Z,23.618796,87.130684,1099.2,120.7,74.4,0.0
CAT-EQ-1004,2026-08-29T09:47:16Z,23.621678,87.129758,1099.2,120.9,72.5,0.0
CAT-EQ-1004,2026-08-29T10:47:16Z,23.618316,87.130341,1099.2,121.1,70.6,0.0
CAT-EQ-1004,2026-08-29T11:47:16Z,23.618128,87.131919,1099.2,121.3,69.3,0.0
CAT-EQ-1004,2026-08-29T12:47:16Z,23.620357,87.13102,1099.2,121.5,68.2,0.0
CAT-EQ-1004,2026-08-29T13:47:16Z,23.618497,87.129009,1099.2,121.7,66.6,0.0
CAT-EQ-1004,2026-08-29T14:47:16Z,23.621766,87.128272,1099.2,121.9,65.2,0.0
CAT-EQ-1004,2026-08-29T15:47:16Z,23.619078,87.128012,1099.2,122.1,63.6,0.0
CAT-EQ-1004,2026-08-29T16:47:16Z,23.618169,87.130442,1099.2,122.3,61.8,0.0
CAT-EQ-1004,2026-08-29T17:47:16Z,23.621287,87.131717,1099.2,122.5,59.9,0.0
CAT-EQ-1004,2026-08-29T18:47:16Z,23.620592,87.128795,1099.2,122.7,58.3,0.0
CAT-EQ-1004,2026-08-29T19:47:16Z,23.620226,87.12917,1099.2,122.9,57.1,0.0
CAT-EQ-1004,2026-08-29T20:47:16Z,23.618196,87.12992,1100.0,122.9,56.1,14.6
CAT-EQ-1004,2026-08-29T21:47:16Z,23.620948,87.131868,1100.8,122.9,55.3,10.8
CAT-EQ-1004,2026-08-29T22:47:16Z,23.619784,87.128059,1101.6,122.9,53.1,19.9
CAT-EQ-1004,2026-08-29T23:47:16Z,23.620641,87.128105,1102.4,122.9,51.0,27.8
CAT-EQ-1004,2026-08-30T00:47:16Z,23.618356,87.12822,1103.2,122.9,50.2,17.9
CAT-EQ-1004,2026-08-30T01:47:16Z,23.61838,87.131724,1104.0,122.9,48.6,21.6
CAT-EQ-1004,2026-08-30T02:47:16Z,23.621004,87.130286,1104.8,122.9,46.9,28.6
CAT-EQ-1004,2026-08-30T03:47:16Z,23.618448,87.131904,1105.6,122.9,46.2,27.1
CAT-EQ-1004,2026-08-30T04:47:16Z,23.621711,87.130033,1106.4,122.9,44.0,23.3
CAT-EQ-1004,2026-08-30T05:47:16Z,23.619216,87.128553,1107.2,122.9,42.0,26.3
CAT-EQ-1004,2026-08-30T06:47:16Z,23.621708,87.130284,1108.0,122.9,40.6,16.3
CAT-EQ-1004,2026-08-30T07:47:16Z,23.61869,87.131247,1108.8,122.9,95.0,17.7
CAT-EQ-1004,2026-08-30T08:47:16Z,23.618375,87.13137,1108.8,123.1,93.7,0.0
CAT-EQ-1004,2026-08-30T09:47:16Z,23.618366,87.130592,1108.8,123.3,92.2,0.0
CAT-EQ-1004,2026-08-30T10:47:16Z,23.620362,87.131166,1108.8,123.5,90.5,0.0
CAT-EQ-1004,2026-08-30T11:47:16Z,23.620905,87.129568,1108.8,123.7,89.8,0.0
CAT-EQ-1004,2026-08-30T12:47:16Z,23.6182,87.128173,1108.8,123.9,88.2,0.0
CAT-EQ-1004,2026-08-30T13:47:16Z,23.62116,87.129694,1108.8,124.1,86.3,0.0
CAT-EQ-1004,2026-08-30T14:47:16Z,23.618708,87.129136,1108.8,124.3,84.7,0.0
CAT-EQ-1004,2026-08-30T15:47:16Z,23.61951,87.128428,1108.8,124.5,83.6,0.0
CAT-EQ-1004,2026-08-30T16:47:16Z,23.620565,87.128727,1108.8,124.7,82.0,0.0
CAT-EQ-1004,2026-08-30T17:47:16Z,23.619132,87.130439,1108.8,124.9,80.3,0.0
CAT-EQ-1004,2026-08-30T18:47:16Z,23.618102,87.129812,1108.8,125.1,78.8,0.0
CAT-EQ-1004,2026-08-30T19:47:16Z,23.620243,87.128409,1108.8,125.3,54.8,0.0
CAT-EQ-1004,2026-08-30T20:47:16Z,23.619627,87.13017,1109.6,125.3,52.9,29.5
CAT-EQ-1004,2026-08-30T21:47:16Z,23.620138,87.130131,1110.4,125.3,52.0,17.6
CAT-EQ-1004,2026-08-30T22:47:16Z,23.619918,87.131962,1111.2,125.3,51.1,20.4
CAT-EQ-1004,2026-08-30T23:47:16Z,23.618254,87.1292,1112.0,125.3,49.5,16.1
CAT-EQ-1004,2026-08-31T00:47:16Z,23.619431,87.131022,1112.8,125.3,47.8,25.7
CAT-EQ-1004,2026-08-31T01:47:16Z,23.618432,87.128853,1113.6,125.3,46.1,25.4
CAT-EQ-1004,2026-08-31T02:47:16Z,23.619018,87.130225,1114.4,125.3,45.5,27.4
CAT-EQ-1004,2026-08-31T03:47:16Z,23.621626,87.129114,1115.2,125.3,44.7,13.3
CAT-EQ-1004,2026-08-31T04:47:16Z,23.618126,87.128773,1116.0,125.3,43.7,8.6
CAT-EQ-1004,2026-08-31T05:47:16Z,23.621022,87.129937,1116.8,125.3,43.1,5.7
CAT-EQ-1004,2026-08-31T06:47:16Z,23.620153,87.131012,1117.6,125.3,42.1,23.7
CAT-EQ-1004,2026-08-31T07:47:16Z,23.619847,87.130205,1118.4,125.3,40.2,18.7
CAT-EQ-1004,2026-08-31T08:47:16Z,23.621981,87.131149,1118.4,125.5,38.8,0.0
CAT-EQ-1004,2026-08-31T09:47:16Z,23.621789,87.130184,1118.4,125.7,37.2,0.0
CAT-EQ-1004,2026-08-31T10:47:16Z,23.621901,87.129583,1118.4,125.9,36.3,0.0
CAT-EQ-1004,2026-08-31T11:47:16Z,23.619249,87.13157,1118.4,126.1,35.1,0.0
CAT-EQ-1004,2026-08-31T12:47:16Z,23.62064,87.128443,1118.4,126.3,34.1,0.0
CAT-EQ-1004,2026-08-31T13:47:16Z,23.62075,87.129911,1118.4,126.5,33.5,0.0
CAT-EQ-1004,2026-08-31T14:47:16Z,23.619405,87.128282,1118.4,126.7,31.8,0.0
CAT-EQ-1004,2026-08-31T15:47:16Z,23.620151,87.131085,1118.4,126.9,29.9,0.0
CAT-EQ-1004,2026-08-31T16:47:16Z,23.620837,87.128503,1118.4,127.1,28.7,0.0
CAT-EQ-1004,2026-08-31T17:47:16Z,23.619942,87.128197,1118.4,127.3,28.1,0.0
CAT-EQ-1004,2026-08-31T18:47:16Z,23.620121,87.130321,1118.4,127.5,27.4,0.0
CAT-EQ-1004,2026-08-31T19:47:16Z,23.621461,87.131142,1118.4,127.7,26.2,0.0
CAT-EQ-1004,2026-08-31T20:47:16Z,23.621157,87.129049,1119.2,127.7,25.7,18.9
CAT-EQ-1004,2026-08-31T21:47:16Z,23.621025,87.12936,1120.0,127.7,24.5,24.8
CAT-EQ-1004,2026-08-31T22:47:16Z,23.618883,87.131125,1120.8,127.7,23.5,19.3
CAT-EQ-1004,2026-08-31T23:47:16Z,23.621196,87.131504,1121.6,127.7,22.4,5.7
CAT-EQ-1004,2026-09-01T00:47:16Z,23.618217,87.129586,1122.4,127.7,20.7,26.4
CAT-EQ-1004,2026-09-01T01:47:16Z,23.620701,87.128641,1123.2,127.7,95.0,20.2
CAT-EQ-1004,2026-09-01T02:47:16Z,23.619713,87.131525,1124.0,127.7,93.1,9.4
CAT-EQ-1004,2026-09-01T03:47:16Z,23.619561,87.128415,1124.8,127.7,91.6,16.8
CAT-EQ-1004,2026-09-01T04:47:16Z,23.620013,87.131826,1125.6,127.7,89.4,22.7
CAT-EQ-1004,2026-09-01T05:47:16Z,23.621918,87.12806,1126.4,127.7,87.7,17.9
CAT-EQ-1004,2026-09-01T06:47:16Z,23.618511,87.131498,1127.2,127.7,85.5,17.9
CAT-EQ-1004,2026-09-01T07:47:16Z,23.618054,87.131208,1128.0,127.7,83.6,19.9
CAT-EQ-1004,2026-09-01T08:47:16Z,23.618656,87.131248,1128.0,127.9,82.7,0.0
CAT-EQ-1004,2026-09-01T09:47:16Z,23.620115,87.128915,1128.0,128.1,82.1,0.0
CAT-EQ-1004,2026-09-01T10:47:16Z,23.620355,87.129543,1128.0,128.3,81.0,0.0
CAT-EQ-1004,2026-09-01T11:47:16Z,23.620542,87.129474,1128.0,128.5,78.9,0.0
CAT-EQ-1004,2026-09-01T12:47:16Z,23.62023,87.131005,1128.0,128.7,78.1,0.0
CAT-EQ-1004,2026-09-01T13:47:16Z,23.6218,87.128189,1128.0,128.9,76.4,0.0
CAT-EQ-1004,2026-09-01T14:47:16Z,23.620609,87.129354,1128.0,129.1,75.2,0.0
CAT-EQ-1004,2026-09-01T15:47:16Z,23.621778,87.128617,1128.0,129.3,74.5,0.0
CAT-EQ-1004,2026-09-01T16:47:16Z,23.620946,87.131909,1128.0,129.5,73.0,0.0
CAT-EQ-1004,2026-09-01T17:47:16Z,23.619754,87.131094,1128.0,129.7,72.4,0.0
CAT-EQ-1004,2026-09-01T18:47:16Z,23.620969,87.129957,1128.0,129.9,70.8,0.0
CAT-EQ-1004,2026-09-01T19:47:16Z,23.618679,87.128291,1128.0,130.1,69.6,0.0
CAT-EQ-1004,2026-09-01T20:47:16Z,23.620427,87.129548,1128.8,130.1,67.7,22.9
CAT-EQ-1004,2026-09-01T21:47:16Z,23.620436,87.131171,1129.6,130.1,67.1,6.0
CAT-EQ-1004,2026-09-01T22:47:16Z,23.618918,87.131391,1130.4,130.1,65.6,23.0
CAT-EQ-1004,2026-09-01T23:47:16Z,23.620961,87.130059,1131.2,130.1,63.7,5.3
CAT-EQ-1004,2026-09-02T00:47:16Z,23.62137,87.129381,1132.0,130.1,61.7,14.9
CAT-EQ-1004,2026-09-02T01:47:16Z,23.61971,87.131303,1132.8,130.1,60.7,11.4
CAT-EQ-1004,2026-09-02T02:47:16Z,23.61887,87.130818,1133.6,130.1,59.2,18.4
CAT-EQ-1004,2026-09-02T03:47:16Z,23.620678,87.128964,1134.4,130.1,57.4,5.4
CAT-EQ-1004,2026-09-02T04:47:16Z,23.621497,87.130941,1135.2,130.1,55.7,8.7
CAT-EQ-1004,2026-09-02T05:47:16Z,23.61862,87.131547,1136.0,130.1,54.4,19.2
CAT-EQ-1004,2026-09-02T06:47:16Z,23.618531,87.129917,1136.8,130.1,52.9,6.5
CAT-EQ-1004,2026-09-02T07:47:16Z,23.618358,87.130916,1137.6,130.1,52.3,16.2
CAT-EQ-1004,2026-09-02T08:47:16Z,23.619071,87.131618,1137.6,130.3,51.4,0.0
CAT-EQ-1004,2026-09-02T09:47:16Z,23.618942,87.130272,1137.6,130.5,50.6,0.0
CAT-EQ-1004,2026-09-02T10:47:16Z,23.62,87.129568,1137.6,130.7,49.0,0.0
CAT-EQ-1004,2026-09-02T11:47:16Z,23.620068,87.130059,1137.6,130.9,46.8,0.0
CAT-EQ-1004,2026-09-02T12:47:16Z,23.618485,87.131265,1137.6,131.1,46.0,0.0
CAT-EQ-1005,2026-08-19T13:47:16Z,28.459236,77.025058,722.0,136.9,93.8,0.0
CAT-EQ-1005,2026-08-19T14:47:16Z,28.459732,77.027808,722.0,137.1,92.2,0.0
CAT-EQ-1005,2026-08-19T15:47:16Z,28.457834,77.025782,722.0,137.3,68.2,0.0
CAT-EQ-1005,2026-08-19T16:47:16Z,28.458441,77.026812,722.0,137.5,66.1,0.0
CAT-EQ-1005,2026-08-19T17:47:16Z,28.459541,77.024789,722.0,137.7,65.5,0.0
CAT-EQ-1005,2026-08-19T18:47:16Z,28.460066,77.02538,722.0,137.9,63.5,0.0
CAT-EQ-1005,2026-08-19T19:47:16Z,28.46066,77.024739,722.0,138.1,61.6,0.0
CAT-EQ-1005,2026-08-19T20:47:16Z,28.45823,77.02608,722.8,138.1,60.4,24.3
CAT-EQ-1005,2026-08-19T21:47:16Z,28.457798,77.024678,723.6,138.1,59.2,28.6
CAT-EQ-1005,2026-08-19T22:47:16Z,28.457868,77.024652,724.4,138.1,58.0,15.9
CAT-EQ-1005,2026-08-19T23:47:16Z,28.460863,77.028572,725.2,138.1,57.3,27.9
CAT-EQ-1005,2026-08-20T00:47:16Z,28.459956,77.02829,726.0,138.1,56.7,12.1
CAT-EQ-1005,2026-08-20T01:47:16Z,28.460592,77.027641,726.8,138.1,56.1,24.3
CAT-EQ-1005,2026-08-20T02:47:16Z,28.45977,77.027087,727.6,138.1,54.7,18.7
CAT-EQ-1005,2026-08-20T03:47:16Z,28.459732,77.02668,728.4,138.1,53.3,20.2
CAT-EQ-1005,2026-08-20T04:47:16Z,28.460626,77.024891,729.2,138.1,51.7,8.0
CAT-EQ-1005,2026-08-20T05:47:16Z,28.459777,77.028187,730.0,138.1,49.8,25.1
CAT-EQ-1005,2026-08-20T06:47:16Z,28.461025,77.027656,730.8,138.1,49.1,19.9
CAT-EQ-1005,2026-08-20T07:47:16Z,28.458247,77.024659,731.6,138.1,47.1,26.2
CAT-EQ-1005,2026-08-20T08:47:16Z,28.461274,77.028189,731.6,138.3,23.1,0.0
CAT-EQ-1005,2026-08-20T09:47:16Z,28.458842,77.025857,731.6,138.5,21.9,0.0
CAT-EQ-1005,2026-08-20T10:47:16Z,28.460184,77.025152,731.6,138.7,20.2,0.0
CAT-EQ-1005,2026-08-20T11:47:16Z,28.460192,77.027939,731.6,138.9,95.0,0.0
CAT-EQ-1005,2026-08-20T12:47:16Z,28.46126,77.026343,731.6,139.1,93.5,0.0
CAT-EQ-1005,2026-08-20T13:47:16Z,28.459851,77.026397,731.6,139.3,92.4,0.0
CAT-EQ-1005,2026-08-20T14:47:16Z,28.460426,77.025666,731.6,139.5,91.5,0.0
CAT-EQ-1005,2026-08-20T15:47:16Z,28.459444,77.02794,731.6,139.7,90.5,0.0
CAT-EQ-1005,2026-08-20T16:47:16Z,28.458066,77.027978,731.6,139.9,88.5,0.0
CAT-EQ-1005,2026-08-20T17:47:16Z,28.460437,77.024853,731.6,140.1,88.0,0.0
CAT-EQ-1005,2026-08-20T18:47:16Z,28.461303,77.026437,731.6,140.3,86.8,0.0
CAT-EQ-1005,2026-08-20T19:47:16Z,28.458211,77.025252,731.6,140.5,85.5,0.0
CAT-EQ-1005,2026-08-20T20:47:16Z,28.457856,77.026681,732.4,140.5,85.0,13.2
CAT-EQ-1005,2026-08-20T21:47:16Z,28.458461,77.025145,733.2,140.5,83.3,25.4
CAT-EQ-1005,2026-08-20T22:47:16Z,28.458993,77.026526,734.0,140.5,81.4,14.7
CAT-EQ-1005,2026-08-20T23:47:16Z,28.457866,77.026897,734.8,140.5,79.3,13.8
CAT-EQ-1005,2026-08-21T00:47:16Z,28.460765,77.024945,735.6,140.5,78.6,20.3
CAT-EQ-1005,2026-08-21T01:47:16Z,28.460768,77.027776,736.4,140.5,77.7,7.0
CAT-EQ-1005,2026-08-21T02:47:16Z,28.459221,77.025856,737.2,140.5,77.1,19.2
CAT-EQ-1005,2026-08-21T03:47:16Z,28.457846,77.026617,738.0,140.5,74.9,28.9
CAT-EQ-1005,2026-08-21T04:47:16Z,28.458063,77.02687,738.8,140.5,73.1,19.0
CAT-EQ-1005,2026-08-21T05:47:16Z,28.458026,77.025628,739.6,140.5,71.9,19.8
CAT-EQ-1005,2026-08-21T06:47:16Z,28.460672,77.026659,740.4,140.5,69.7,24.1
CAT-EQ-1005,2026-08-21T07:47:16Z,28.461107,77.027501,741.2,140.5,69.1,16.9
CAT-EQ-1005,2026-08-21T08:47:16Z,28.459746,77.027043,741.2,140.7,68.0,0.0
CAT-EQ-1005,2026-08-21T09:47:16Z,28.461383,77.027735,741.2,140.9,67.0,0.0
CAT-EQ-1005,2026-08-21T10:47:16Z,28.458468,77.028085,741.2,141.1,65.0,0.0
CAT-EQ-1005,2026-08-21T11:47:16Z,28.459683,77.024756,741.2,141.3,64.0,0.0
CAT-EQ-1005,2026-08-21T12:47:16Z,28.461486,77.028164,741.2,141.5,61.9,0.0
CAT-EQ-1005,2026-08-21T13:47:16Z,28.458772,77.025511,741.2,141.7,59.7,0.0
CAT-EQ-1005,2026-08-21T14:47:16Z,28.459124,77.025152,741.2,141.9,57.8,0.0
CAT-EQ-1005,2026-08-21T15:47:16Z,28.458607,77.0248,741.2,142.1,56.5,0.0
CAT-EQ-1005,2026-08-21T16:47:16Z,28.459088,77.025424,741.2,142.3,55.4,0.0
CAT-EQ-1005,2026-08-21T17:47:16Z,28.458833,77.027663,741.2,142.5,54.0,0.0
CAT-EQ-1005,2026-08-21T18:47:16Z,28.460164,77.027,741.2,142.7,52.2,0.0
CAT-EQ-1005,2026-08-21T19:47:16Z,28.460616,77.028366,741.2,142.9,51.6,0.0
CAT-EQ-1005,2026-08-21T20:47:16Z,28.46127,77.027328,742.0,142.9,50.6,29.7
CAT-EQ-1005,2026-08-21T21:47:16Z,28.458984,77.025535,742.8,142.9,48.8,22.6
CAT-EQ-1005,2026-08-21T22:47:16Z,28.457503,77.024931,743.6,142.9,48.0,28.3
CAT-EQ-1005,2026-08-21T23:47:16Z,28.460988,77.024838,744.4,142.9,46.6,15.9
CAT-EQ-1005,2026-08-22T00:47:16Z,28.457944,77.025458,745.2,142.9,45.9,15.4
CAT-EQ-1005,2026-08-22T01:47:16Z,28.460246,77.025639,746.0,142.9,44.3,9.6
CAT-EQ-1005,2026-08-22T02:47:16Z,28.459469,77.02766,746.8,142.9,42.2,20.4
CAT-EQ-1005,2026-08-22T03:47:16Z,28.460333,77.02696,747.6,142.9,40.1,26.1
CAT-EQ-1005,2026-08-22T04:47:16Z,28.457539,77.026171,748.4,142.9,39.5,5.7
CAT-EQ-1005,2026-08-22T05:47:16Z,28.46026,77.026916,749.2,142.9,39.0,20.6
CAT-EQ-1005,2026-08-22T06:47:16Z,28.459526,77.027395,750.0,142.9,37.8,13.7
CAT-EQ-1005,2026-08-22T07:47:16Z,28.461322,77.028562,750.8,142.9,35.7,6.6
CAT-EQ-1005,2026-08-22T08:47:16Z,28.458937,77.02764,750.8,143.1,33.6,0.0
CAT-EQ-1005,2026-08-22T09:47:16Z,28.458945,77.024883,750.8,143.3,32.8,0.0
CAT-EQ-1005,2026-08-22T10:47:16Z,28.460077,77.026191,750.8,143.5,31.3,0.0
CAT-EQ-1005,2026-08-22T11:47:16Z,28.459687,77.027469,750.8,143.7,30.7,0.0
CAT-EQ-1005,2026-08-22T12:47:16Z,28.459416,77.025668,750.8,143.9,29.8,0.0
CAT-EQ-1005,2026-08-22T13:47:16Z,28.459781,77.025756,750.8,144.1,28.2,0.0
CAT-EQ-1005,2026-08-22T14:47:16Z,28.457511,77.026563,750.8,144.3,27.3,0.0
CAT-EQ-1005,2026-08-22T15:47:16Z,28.458372,77.027132,750.8,144.5,26.3,0.0
CAT-EQ-1005,2026-08-22T16:47:16Z,28.45852,77.028195,750.8,144.7,25.1,0.0
CAT-EQ-1005,2026-08-22T17:47:16Z,28.457745,77.025347,750.8,144.9,24.3,0.0
CAT-EQ-1005,2026-08-22T18:47:16Z,28.458731,77.028024,750.8,145.1,22.5,0.0
CAT-EQ-1005,2026-08-22T19:47:16Z,28.46108,77.026287,750.8,145.3,21.9,0.0
CAT-EQ-1005,2026-08-22T20:47:16Z,28.461154,77.026642,751.6,145.3,20.5,94.5
CAT-EQ-1005,2026-08-22T21:47:16Z,28.45838,77.025144,752.4,145.3,95.0,8.8
CAT-EQ-1005,2026-08-22T22:47:16Z,28.459326,77.027617,753.2,145.3,92.9,12.0
CAT-EQ-1005,2026-08-22T23:47:16Z,28.460943,77.024951,754.0,145.3,91.0,18.9
CAT-EQ-1005,2026-08-23T00:47:16Z,28.461313,77.025561,754.8,145.3,90.4,19.8
CAT-EQ-1005,2026-08-23T01:47:16Z,28.45898,77.026683,755.6,145.3,89.7,27.1
CAT-EQ-1005,2026-08-23T02:47:16Z,28.457504,77.02638,756.4,145.3,88.1,16.5
CAT-EQ-1005,2026-08-23T03:47:16Z,28.458224,77.026326,757.2,145.3,86.7,13.6
CAT-EQ-1005,2026-08-23T04:47:16Z,28.45891,77.028242,758.0,145.3,85.9,7.5
CAT-EQ-1005,2026-08-23T05:47:16Z,28.459762,77.026335,758.8,145.3,84.2,18.1
CAT-EQ-1005,2026-08-23T06:47:16Z,28.457826,77.026954,759.6,145.3,82.8,17.6
CAT-EQ-1005,2026-08-23T07:47:16Z,28.457877,77.026824,760.4,145.3,81.1,23.7
CAT-EQ-1005,2026-08-23T08:47:16Z,28.458445,77.02674,760.4,145.5,80.0,0.0
CAT-EQ-1005,2026-08-23T09:47:16Z,28.459002,77.02837,760.4,145.7,78.6,0.0
CAT-EQ-1005,2026-08-23T10:47:16Z,28.458604,77.028446,760.4,145.9,76.7,0.0
CAT-EQ-1005,2026-08-23T11:47:16Z,28.458172,77.027616,760.4,146.1,75.4,0.0
CAT-EQ-1005,2026-08-23T12:47:16Z,28.459647,77.027101,760.4,146.3,73.8,0.0
CAT-EQ-1005,2026-08-23T13:47:16Z,28.458508,77.02571,760.4,146.5,73.1,0.0
CAT-EQ-1005,2026-08-23T14:47:16Z,28.460497,77.0267,760.4,146.7,72.3,0.0
CAT-EQ-1005,2026-08-23T15:47:16Z,28.45991,77.025385,760.4,146.9,71.2,0.0
CAT-EQ-1005,2026-08-23T16:47:16Z,28.457644,77.025431,760.4,147.1,70.7,0.0
CAT-EQ-1005,2026-08-23T17:47:16Z,28.458025,77.027468,760.4,147.3,69.8,0.0
CAT-EQ-1005,2026-08-23T18:47:16Z,28.458475,77.027471,760.4,147.5,67.8,0.0
CAT-EQ-1005,2026-08-23T19:47:16Z,28.458842,77.024788,760.4,147.7,67.2,0.0
CAT-EQ-1005,2026-08-23T20:47:16Z,28.460672,77.025523,761.2,147.7,66.1,9.9
CAT-EQ-1005,2026-08-23T21:47:16Z,28.459649,77.025128,762.0,147.7,65.4,16.4
CAT-EQ-1005,2026-08-23T22:47:16Z,28.461034,77.027343,762.8,147.7,64.2,5.6
CAT-EQ-1005,2026-08-23T23:47:16Z,28.458136,77.027596,763.6,147.7,62.3,16.7
CAT-EQ-1005,2026-08-24T00:47:16Z,28.460467,77.027885,764.4,147.7,60.3,8.0
CAT-EQ-1005,2026-08-24T01:47:16Z,28.458312,77.025074,765.2,147.7,58.5,14.7
CAT-EQ-1005,2026-08-24T02:47:16Z,28.460865,77.027966,766.0,147.7,57.3,17.5
CAT-EQ-1005,2026-08-24T03:47:16Z,28.460302,77.028319,766.8,147.7,56.2,16.5
CAT-EQ-1005,2026-08-24T04:47:16Z,28.458648,77.027652,767.6,147.7,55.2,17.8
CAT-EQ-1005,2026-08-24T05:47:16Z,28.460239,77.027019,768.4,147.7,53.0,21.4
CAT-EQ-1005,2026-08-24T06:47:16Z,28.460089,77.026108,769.2,147.7,29.0,10.6
CAT-EQ-1005,2026-08-24T07:47:16Z,28.45797,77.025782,770.0,147.7,27.0,8.2
CAT-EQ-1005,2026-08-24T08:47:16Z,28.460815,77.025974,770.0,147.9,26.3,0.0
CAT-EQ-1005,2026-08-24T09:47:16Z,28.460217,77.028001,770.0,148.1,25.5,0.0
CAT-EQ-1005,2026-08-24T10:47:16Z,28.461445,77.028401,770.0,148.3,24.2,0.0
CAT-EQ-1005,2026-08-24T11:47:16Z,28.45846,77.025845,770.0,148.5,23.4,0.0
CAT-EQ-1005,2026-08-24T12:47:16Z,28.458555,77.025404,770.0,148.7,21.8,0.0
CAT-EQ-1005,2026-08-24T13:47:16Z,28.461457,77.028389,770.0,148.9,95.0,0.0
CAT-EQ-1005,2026-08-24T14:47:16Z,28.459627,77.0255,770.0,149.1,94.4,0.0
CAT-EQ-1005,2026-08-24T15:47:16Z,28.458464,77.024915,770.0,149.3,92.5,0.0
CAT-EQ-1005,2026-08-24T16:47:16Z,28.458995,77.027475,770.0,149.5,91.3,0.0
CAT-EQ-1005,2026-08-24T17:47:16Z,28.459755,77.025674,770.0,149.7,89.3,0.0
CAT-EQ-1005,2026-08-24T18:47:16Z,28.46069,77.025673,770.0,149.9,87.3,0.0
CAT-EQ-1005,2026-08-24T19:47:16Z,28.458942,77.02556,770.0,150.1,85.1,0.0
CAT-EQ-1005,2026-08-24T20:47:16Z,28.459879,77.026611,770.8,150.1,83.1,16.8
CAT-EQ-1005,2026-08-24T21:47:16Z,28.458873,77.02608,771.6,150.1,82.4,6.6
CAT-EQ-1005,2026-08-24T22:47:16Z,28.461168,77.025825,772.4,150.1,80.3,27.7
CAT-EQ-1005,2026-08-24T23:47:16Z,28.46126,77.026903,773.2,150.1,79.3,13.5
CAT-EQ-1005,2026-08-25T00:47:16Z,28.459313,77.028523,774.0,150.1,78.4,26.1
CAT-EQ-1005,2026-08-25T01:47:16Z,28.459039,77.028333,774.8,150.1,77.4,14.2
CAT-EQ-1005,2026-08-25T02:47:16Z,28.458491,77.028189,775.6,150.1,75.9,29.9
CAT-EQ-1005,2026-08-25T03:47:16Z,28.460374,77.024823,776.4,150.1,74.9,25.4
CAT-EQ-1005,2026-08-25T04:47:16Z,28.460223,77.024672,777.2,150.1,72.8,10.5
CAT-EQ-1005,2026-08-25T05:47:16Z,28.461179,77.025168,778.0,150.1,70.9,22.2
CAT-EQ-1005,2026-08-25T06:47:16Z,28.458623,77.025226,778.8,150.1,68.8,14.2
CAT-EQ-1005,2026-08-25T07:47:16Z,28.461123,77.02779,779.6,150.1,67.6,29.2
CAT-EQ-1005,2026-08-25T08:47:16Z,28.457694,77.026589,779.6,150.3,65.9,0.0
CAT-EQ-1005,2026-08-25T09:47:16Z,28.457601,77.026716,779.6,150.5,64.0,0.0
CAT-EQ-1005,2026-08-25T10:47:16Z,28.459279,77.026412,779.6,150.7,63.1,0.0
CAT-EQ-1005,2026-08-25T11:47:16Z,28.459372,77.025046,779.6,150.9,62.3,0.0
CAT-EQ-1005,2026-08-25T12:47:16Z,28.460301,77.027861,779.6,151.1,60.5,0.0
CAT-EQ-1005,2026-08-25T13:47:16Z,28.45897,77.027196,779.6,151.3,58.4,0.0
CAT-EQ-1005,2026-08-25T14:47:16Z,28.460925,77.025313,779.6,151.5,57.7,0.0
CAT-EQ-1005,2026-08-25T15:47:16Z,28.461281,77.02508,779.6,151.7,56.1,0.0
CAT-EQ-1005,2026-08-25T16:47:16Z,28.457994,77.028274,779.6,151.9,54.4,0.0
CAT-EQ-1005,2026-08-25T17:47:16Z,28.461474,77.028234,779.6,152.1,53.7,0.0
CAT-EQ-1005,2026-08-25T18:47:16Z,28.458117,77.027702,779.6,152.3,52.6,0.0
CAT-EQ-1005,2026-08-25T19:47:16Z,28.460405,77.028024,779.6,152.5,51.8,0.0
CAT-EQ-1005,2026-08-25T20:47:16Z,28.461073,77.027237,780.4,152.5,50.7,13.6
CAT-EQ-1005,2026-08-25T21:47:16Z,28.459271,77.027397,781.2,152.5,48.9,10.9
CAT-EQ-1005,2026-08-25T22:47:16Z,28.458954,77.026495,782.0,152.5,24.9,18.1
CAT-EQ-1005,2026-08-25T23:47:16Z,28.458407,77.026307,782.8,152.5,24.0,27.4
CAT-EQ-1005,2026-08-26T00:47:16Z,28.461404,77.024782,783.6,152.5,23.4,29.3
CAT-EQ-1005,2026-08-26T01:47:16Z,28.458134,77.028014,784.4,152.5,22.1,20.2
CAT-EQ-1005,2026-08-26T02:47:16Z,28.460079,77.028409,785.2,152.5,21.4,7.5
CAT-EQ-1005,2026-08-26T03:47:16Z,28.458232,77.024959,786.0,152.5,95.0,10.6
CAT-EQ-1005,2026-08-26T04:47:16Z,28.458549,77.028038,786.8,152.5,93.3,21.7
CAT-EQ-1005,2026-08-26T05:47:16Z,28.458339,77.028479,787.6,152.5,92.6,17.0
CAT-EQ-1005,2026-08-26T06:47:16Z,28.459533,77.027139,788.4,152.5,90.5,22.3
CAT-EQ-1005,2026-08-26T07:47:16Z,28.460932,77.026864,789.2,152.5,88.3,12.3
CAT-EQ-1005,2026-08-26T08:47:16Z,28.458215,77.028433,789.2,152.7,86.4,0.0
CAT-EQ-1005,2026-08-26T09:47:16Z,28.461472,77.025444,789.2,152.9,84.8,0.0
CAT-EQ-1005,2026-08-26T10:47:16Z,28.460661,77.026515,789.2,153.1,82.8,0.0
CAT-EQ-1005,2026-08-26T11:47:16Z,28.458586,77.027335,789.2,153.3,81.4,0.0
CAT-EQ-1005,2026-08-26T12:47:16Z,28.458761,77.028027,789.2,153.5,80.1,0.0
CAT-EQ-1005,2026-08-26T13:47:16Z,28.457554,77.02724,789.2,153.7,79.0,0.0
CAT-EQ-1005,2026-08-26T14:47:16Z,28.460638,77.027256,789.2,153.9,78.4,0.0
CAT-EQ-1005,2026-08-26T15:47:16Z,28.457753,77.027522,789.2,154.1,77.3,0.0
CAT-EQ-1005,2026-08-26T16:47:16Z,28.460697,77.028347,789.2,154.3,75.8,0.0
CAT-EQ-1005,2026-08-26T17:47:16Z,28.457788,77.026865,789.2,154.5,74.1,0.0
CAT-EQ-1005,2026-08-26T18:47:16Z,28.461233,77.024965,789.2,154.7,73.6,0.0
CAT-EQ-1005,2026-08-26T19:47:16Z,28.459688,77.026031,789.2,154.9,72.5,0.0
CAT-EQ-1005,2026-08-26T20:47:16Z,28.459238,77.025233,790.0,154.9,71.6,94.5
CAT-EQ-1005,2026-08-26T21:47:16Z,28.457859,77.02583,790.8,154.9,69.9,20.6
CAT-EQ-1005,2026-08-26T22:47:16Z,28.459114,77.026728,791.6,154.9,67.7,19.3
CAT-EQ-1005,2026-08-26T23:47:16Z,28.45816,77.026562,792.4,154.9,66.9,15.1
CAT-EQ-1005,2026-08-27T00:47:16Z,28.460108,77.0273,793.2,154.9,66.2,7.0
CAT-EQ-1005,2026-08-27T01:47:16Z,28.459401,77.026779,794.0,154.9,64.7,29.0
CAT-EQ-1005,2026-08-27T02:47:16Z,28.4611,77.027393,794.8,154.9,63.1,26.0
CAT-EQ-1005,2026-08-27T03:47:16Z,28.458254,77.028415,795.6,154.9,62.0,7.9
CAT-EQ-1005,2026-08-27T04:47:16Z,28.457683,77.025084,796.4,154.9,61.3,24.6
CAT-EQ-1005,2026-08-27T05:47:16Z,28.461473,77.026852,797.2,154.9,60.2,26.1
CAT-EQ-1005,2026-08-27T06:47:16Z,28.459183,77.026845,798.0,154.9,59.7,28.0
CAT-EQ-1005,2026-08-27T07:47:16Z,28.45979,77.026972,798.8,154.9,58.5,12.7
CAT-EQ-1005,2026-08-27T08:47:16Z,28.459043,77.02599,798.8,155.1,56.6,0.0
CAT-EQ-1005,2026-08-27T09:47:16Z,28.459127,77.026012,798.8,155.3,56.0,0.0
CAT-EQ-1005,2026-08-27T10:47:16Z,28.4614,77.02686,798.8,155.5,54.3,0.0
CAT-EQ-1005,2026-08-27T11:47:16Z,28.46004,77.0272,798.8,155.7,53.6,0.0
CAT-EQ-1005,2026-08-27T12:47:16Z,28.460279,77.026974,798.8,155.9,52.7,0.0
CAT-EQ-1005,2026-08-27T13:47:16Z,28.458144,77.026254,798.8,156.1,52.0,0.0
CAT-EQ-1005,2026-08-27T14:47:16Z,28.459956,77.028265,798.8,156.3,50.0,0.0
CAT-EQ-1005,2026-08-27T15:47:16Z,28.459074,77.02829,798.8,156.5,49.0,0.0
CAT-EQ-1005,2026-08-27T16:47:16Z,28.458547,77.028205,798.8,156.7,47.9,0.0
CAT-EQ-1005,2026-08-27T17:47:16Z,28.457792,77.028187,798.8,156.9,47.0,0.0
CAT-EQ-1005,2026-08-27T18:47:16Z,28.460512,77.02557,798.8,157.1,45.5,0.0
CAT-EQ-1005,2026-08-27T19:47:16Z,28.458406,77.028124,798.8,157.3,44.2,0.0
CAT-EQ-1005,2026-08-27T20:47:16Z,28.459745,77.025184,799.6,157.3,42.6,11.6
CAT-EQ-1005,2026-08-27T21:47:16Z,28.461241,77.028553,800.4,157.3,41.3,13.2
CAT-EQ-1005,2026-08-27T22:47:16Z,28.458578,77.025597,801.2,157.3,39.3,18.3
CAT-EQ-1005,2026-08-27T23:47:16Z,28.460265,77.025061,802.0,157.3,38.6,5.2
CAT-EQ-1005,2026-08-28T00:47:16Z,28.458271,77.027121,802.8,157.3,37.2,6.1
CAT-EQ-1005,2026-08-28T01:47:16Z,28.458003,77.025578,803.6,157.3,35.2,14.3
CAT-EQ-1005,2026-08-28T02:47:16Z,28.458094,77.027044,804.4,157.3,33.2,12.0
CAT-EQ-1005,2026-08-28T03:47:16Z,28.458045,77.025059,805.2,157.3,32.1,25.6
CAT-EQ-1005,2026-08-28T04:47:16Z,28.45988,77.025361,806.0,157.3,30.7,16.5
CAT-EQ-1005,2026-08-28T05:47:16Z,28.459221,77.027825,806.8,157.3,29.2,20.7
CAT-EQ-1005,2026-08-28T06:47:16Z,28.458693,77.025637,807.6,157.3,28.1,20.2
CAT-EQ-1005,2026-08-28T07:47:16Z,28.458984,77.02814,808.4,157.3,26.7,14.7
CAT-EQ-1005,2026-08-28T08:47:16Z,28.460183,77.025143,808.4,157.5,25.9,0.0
CAT-EQ-1005,2026-08-28T09:47:16Z,28.459126,77.027224,808.4,157.7,25.1,0.0
CAT-EQ-1005,2026-08-28T10:47:16Z,28.459518,77.027373,808.4,157.9,23.6,0.0
CAT-EQ-1005,2026-08-28T11:47:16Z,28.457631,77.027766,808.4,158.1,21.7,0.0
CAT-EQ-1005,2026-08-28T12:47:16Z,28.459776,77.025722,808.4,158.3,95.0,0.0
CAT-EQ-1005,2026-08-28T13:47:16Z,28.457859,77.027251,808.4,158.5,93.1,0.0
CAT-EQ-1005,2026-08-28T14:47:16Z,28.461474,77.025808,808.4,158.7,92.2,0.0
CAT-EQ-1005,2026-08-28T15:47:16Z,28.460839,77.028389,808.4,158.9,90.3,0.0
CAT-EQ-1005,2026-08-28T16:47:16Z,28.459063,77.025325,808.4,159.1,89.4,0.0
CAT-EQ-1005,2026-08-28T17:47:16Z,28.458296,77.025134,808.4,159.3,87.6,0.0
CAT-EQ-1005,2026-08-28T18:47:16Z,28.458038,77.026205,808.4,159.5,86.8,0.0
CAT-EQ-1005,2026-08-28T19:47:16Z,28.458378,77.025615,808.4,159.7,85.9,0.0
CAT-EQ-1005,2026-08-28T20:47:16Z,28.459325,77.028331,809.2,159.7,84.7,6.7
CAT-EQ-1005,2026-08-28T21:47:16Z,28.460504,77.025861,810.0,159.7,83.2,26.4
CAT-EQ-1005,2026-08-28T22:47:16Z,28.461266,77.025292,810.8,159.7,82.6,6.4
CAT-EQ-1005,2026-08-28T23:47:16Z,28.457616,77.025683,811.6,159.7,81.8,19.5
CAT-EQ-1005,2026-08-29T00:47:16Z,28.461286,77.027798,812.4,159.7,80.5,24.8
CAT-EQ-1005,2026-08-29T01:47:16Z,28.458152,77.025254,813.2,159.7,79.2,24.9
CAT-EQ-1005,2026-08-29T02:47:16Z,28.460389,77.028265,814.0,159.7,77.4,12.3
CAT-EQ-1005,2026-08-29T03:47:16Z,28.461169,77.027169,814.8,159.7,76.7,27.1
CAT-EQ-1005,2026-08-29T04:47:16Z,28.459903,77.028049,815.6,159.7,74.9,13.0
CAT-EQ-1005,2026-08-29T05:47:16Z,28.461182,77.025216,816.4,159.7,73.4,6.3
CAT-EQ-1005,2026-08-29T06:47:16Z,28.458122,77.026995,817.2,159.7,72.8,20.7
CAT-EQ-1005,2026-08-29T07:47:16Z,28.458627,77.025619,818.0,159.7,71.0,19.6
CAT-EQ-1005,2026-08-29T08:47:16Z,28.460009,77.026405,818.0,159.9,69.7,0.0
CAT-EQ-1005,2026-08-29T09:47:16Z,28.457844,77.024789,818.0,160.1,69.0,0.0
CAT-EQ-1005,2026-08-29T10:47:16Z,28.46143,77.026811,818.0,160.3,67.3,0.0
CAT-EQ-1005,2026-08-29T11:47:16Z,28.461404,77.024896,818.0,160.5,65.3,0.0
CAT-EQ-1005,2026-08-29T12:47:16Z,28.460692,77.02833,818.0,160.7,63.6,0.0
CAT-EQ-1005,2026-08-29T13:47:16Z,28.458507,77.02602,818.0,160.9,62.0,0.0
CAT-EQ-1005,2026-08-29T14:47:16Z,28.457908,77.025302,818.0,161.1,61.3,0.0
CAT-EQ-1005,2026-08-29T15:47:16Z,28.45973,77.025327,818.0,161.3,60.4,0.0
CAT-EQ-1005,2026-08-29T16:47:16Z,28.458205,77.027317,818.0,161.5,59.7,0.0
CAT-EQ-1005,2026-08-29T17:47:16Z,28.461332,77.028235,818.0,161.7,58.6,0.0
CAT-EQ-1005,2026-08-29T18:47:16Z,28.461405,77.025778,818.0,161.9,57.7,0.0
CAT-EQ-1005,2026-08-29T19:47:16Z,28.459574,77.026634,818.0,162.1,56.4,0.0
CAT-EQ-1005,2026-08-29T20:47:16Z,28.460941,77.027055,818.8,162.1,55.6,13.3
CAT-EQ-1005,2026-08-29T21:47:16Z,28.458258,77.027327,819.6,162.1,53.6,17.7
CAT-EQ-1005,2026-08-29T22:47:16Z,28.458337,77.028391,820.4,162.1,52.0,20.6
CAT-EQ-1005,2026-08-29T23:47:16Z,28.459397,77.027779,821.2,162.1,50.0,12.9
CAT-EQ-1005,2026-08-30T00:47:16Z,28.458897,77.024935,822.0,162.1,48.0,14.0
CAT-EQ-1005,2026-08-30T01:47:16Z,28.458104,77.025743,822.8,162.1,45.9,8.3
CAT-EQ-1005,2026-08-30T02:47:16Z,28.458107,77.025871,823.6,162.1,45.0,28.1
CAT-EQ-1005,2026-08-30T03:47:16Z,28.460381,77.025217,824.4,162.1,43.7,22.5
CAT-EQ-1005,2026-08-30T04:47:16Z,28.457671,77.026108,825.2,162.1,41.6,25.7
CAT-EQ-1005,2026-08-30T05:47:16Z,28.457888,77.025419,826.0,162.1,40.2,11.5
CAT-EQ-1005,2026-08-30T06:47:16Z,28.459638,77.028004,826.8,162.1,39.2,21.4
CAT-EQ-1005,2026-08-30T07:47:16Z,28.457877,77.027915,827.6,162.1,37.3,8.9
CAT-EQ-1005,2026-08-30T08:47:16Z,28.461034,77.027445,827.6,162.3,35.6,0.0
CAT-EQ-1005,2026-08-30T09:47:16Z,28.461466,77.025792,827.6,162.5,34.2,0.0
CAT-EQ-1005,2026-08-30T10:47:16Z,28.459725,77.024834,827.6,162.7,33.2,0.0
CAT-EQ-1005,2026-08-30T11:47:16Z,28.457504,77.027778,827.6,162.9,31.2,0.0
CAT-EQ-1005,2026-08-30T12:47:16Z,28.460053,77.026522,827.6,163.1,29.9,0.0
CAT-EQ-1005,2026-08-30T13:47:16Z,28.460051,77.025727,827.6,163.3,27.8,0.0
CAT-EQ-1005,2026-08-30T14:47:16Z,28.459241,77.025117,827.6,163.5,27.1,0.0
CAT-EQ-1005,2026-08-30T15:47:16Z,28.459244,77.025179,827.6,163.7,25.3,0.0
CAT-EQ-1005,2026-08-30T16:47:16Z,28.458637,77.027047,827.6,163.9,24.7,0.0
CAT-EQ-1005,2026-08-30T17:47:16Z,28.461251,77.028268,827.6,164.1,23.0,0.0
CAT-EQ-1005,2026-08-30T18:47:16Z,28.460951,77.026386,827.6,164.3,22.3,0.0
CAT-EQ-1005,2026-08-30T19:47:16Z,28.458611,77.027363,827.6,164.5,20.2,0.0
CAT-EQ-1005,2026-08-30T20:47:16Z,28.457728,77.028101,828.4,164.5,95.0,9.0
CAT-EQ-1005,2026-08-30T21:47:16Z,28.457522,77.028345,829.2,164.5,94.5,5.5
CAT-EQ-1005,2026-08-30T22:47:16Z,28.457515,77.027127,830.0,164.5,92.5,18.5
CAT-EQ-1005,2026-08-30T23:47:16Z,28.460339,77.028341,830.8,164.5,91.6,9.5
CAT-EQ-1005,2026-08-31T00:47:16Z,28.460613,77.027669,831.6,164.5,90.8,9.0
CAT-EQ-1005,2026-08-31T01:47:16Z,28.460525,77.028334,832.4,164.5,88.9,16.3
CAT-EQ-1005,2026-08-31T02:47:16Z,28.459506,77.028172,833.2,164.5,86.9,9.4
CAT-EQ-1005,2026-08-31T03:47:16Z,28.460488,77.026623,834.0,164.5,85.7,27.1
CAT-EQ-1005,2026-08-31T04:47:16Z,28.460572,77.025308,834.8,164.5,84.0,27.1
CAT-EQ-1005,2026-08-31T05:47:16Z,28.461393,77.025359,835.6,164.5,83.3,11.2
CAT-EQ-1005,2026-08-31T06:47:16Z,28.457897,77.026762,836.4,164.5,81.7,24.8
CAT-EQ-1005,2026-08-31T07:47:16Z,28.460413,77.024853,837.2,164.5,80.0,29.3
CAT-EQ-1005,2026-08-31T08:47:16Z,28.457579,77.028411,837.2,164.7,77.9,0.0
CAT-EQ-1005,2026-08-31T09:47:16Z,28.460017,77.026081,837.2,164.9,76.7,0.0
CAT-EQ-1005,2026-08-31T10:47:16Z,28.457902,77.027217,837.2,165.1,75.3,0.0
CAT-EQ-1005,2026-08-31T11:47:16Z,28.459278,77.026239,837.2,165.3,74.0,0.0
CAT-EQ-1005,2026-08-31T12:47:16Z,28.459176,77.028013,837.2,165.5,71.8,0.0
CAT-EQ-1005,2026-08-31T13:47:16Z,28.458213,77.027302,837.2,165.7,70.2,0.0
CAT-EQ-1005,2026-08-31T14:47:16Z,28.458975,77.028413,837.2,165.9,69.0,0.0
CAT-EQ-1005,2026-08-31T15:47:16Z,28.459799,77.024977,837.2,166.1,67.0,0.0
CAT-EQ-1005,2026-08-31T16:47:16Z,28.461064,77.02525,837.2,166.3,65.5,0.0
CAT-EQ-1005,2026-08-31T17:47:16Z,28.457536,77.026377,837.2,166.5,64.0,0.0
CAT-EQ-1005,2026-08-31T18:47:16Z,28.458572,77.026501,837.2,166.7,63.4,0.0
CAT-EQ-1005,2026-08-31T19:47:16Z,28.457752,77.026351,837.2,166.9,61.2,0.0
CAT-EQ-1005,2026-08-31T20:47:16Z,28.458728,77.027319,838.0,166.9,59.7,17.1
CAT-EQ-1005,2026-08-31T21:47:16Z,28.457801,77.026636,838.8,166.9,58.5,13.8
CAT-EQ-1005,2026-08-31T22:47:16Z,28.458656,77.026433,839.6,166.9,57.2,25.0
CAT-EQ-1005,2026-08-31T23:47:16Z,28.457927,77.026123,840.4,166.9,55.4,13.6
CAT-EQ-1005,2026-09-01T00:47:16Z,28.458167,77.02716,841.2,166.9,53.5,18.3
CAT-EQ-1005,2026-09-01T01:47:16Z,28.461446,77.025256,842.0,166.9,51.6,26.9
CAT-EQ-1005,2026-09-01T02:47:16Z,28.457745,77.027959,842.8,166.9,50.1,16.5
CAT-EQ-1005,2026-09-01T03:47:16Z,28.457502,77.028109,843.6,166.9,48.3,18.4
CAT-EQ-1005,2026-09-01T04:47:16Z,28.460167,77.026763,844.4,166.9,47.0,9.7
CAT-EQ-1005,2026-09-01T05:47:16Z,28.457924,77.025991,845.2,166.9,45.2,19.9
CAT-EQ-1005,2026-09-01T06:47:16Z,28.461161,77.024789,846.0,166.9,43.3,10.9
CAT-EQ-1005,2026-09-01T07:47:16Z,28.459869,77.028078,846.8,166.9,42.2,22.0
CAT-EQ-1005,2026-09-01T08:47:16Z,28.45893,77.025771,846.8,167.1,40.0,0.0
CAT-EQ-1005,2026-09-01T09:47:16Z,28.459665,77.027979,846.8,167.3,38.8,0.0
CAT-EQ-1005,2026-09-01T10:47:16Z,28.459419,77.027484,846.8,167.5,37.4,0.0
CAT-EQ-1005,2026-09-01T11:47:16Z,28.460071,77.02474,846.8,167.7,36.2,0.0
CAT-EQ-1005,2026-09-01T12:47:16Z,28.457992,77.025524,846.8,167.9,34.2,0.0
CAT-EQ-1005,2026-09-01T13:47:16Z,28.459881,77.024773,846.8,168.1,33.5,0.0
CAT-EQ-1005,2026-09-01T14:47:16Z,28.461217,77.027874,846.8,168.3,32.0,0.0
CAT-EQ-1005,2026-09-01T15:47:16Z,28.460612,77.025067,846.8,168.5,31.3,0.0
CAT-EQ-1005,2026-09-01T16:47:16Z,28.458762,77.026302,846.8,168.7,30.0,0.0
CAT-EQ-1005,2026-09-01T17:47:16Z,28.458827,77.025462,846.8,168.9,28.4,0.0
CAT-EQ-1005,2026-09-01T18:47:16Z,28.459496,77.026522,846.8,169.1,27.9,0.0
CAT-EQ-1005,2026-09-01T19:47:16Z,28.459889,77.027003,846.8,169.3,26.8,0.0
CAT-EQ-1005,2026-09-01T20:47:16Z,28.457524,77.027922,847.6,169.3,26.0,7.4
CAT-EQ-1005,2026-09-01T21:47:16Z,28.460816,77.028198,848.4,169.3,25.2,12.2
CAT-EQ-1005,2026-09-01T22:47:16Z,28.461222,77.024872,849.2,169.3,23.1,23.5
CAT-EQ-1005,2026-09-01T23:47:16Z,28.459353,77.025228,850.0,169.3,21.5,16.8
CAT-EQ-1005,2026-09-02T00:47:16Z,28.458784,77.0273,850.8,169.3,20.4,18.4
CAT-EQ-1005,2026-09-02T01:47:16Z,28.458885,77.027451,851.6,169.3,95.0,9.3
CAT-EQ-1005,2026-09-02T02:47:16Z,28.457836,77.024866,852.4,169.3,93.9,15.2
CAT-EQ-1005,2026-09-02T03:47:16Z,28.457871,77.026393,853.2,169.3,92.8,6.3
CAT-EQ-1005,2026-09-02T04:47:16Z,28.458065,77.026353,854.0,169.3,91.7,16.8
CAT-EQ-1005,2026-09-02T05:47:16Z,28.459345,77.026026,854.8,169.3,89.9,23.6
CAT-EQ-1005,2026-09-02T06:47:16Z,28.461105,77.025413,855.6,169.3,88.9,25.1
CAT-EQ-1005,2026-09-02T07:47:16Z,28.458371,77.024933,856.4,169.3,88.2,17.2
CAT-EQ-1005,2026-09-02T08:47:16Z,28.461174,77.028522,856.4,169.5,86.6,0.0
CAT-EQ-1005,2026-09-02T09:47:16Z,28.4582,77.028254,856.4,169.7,85.2,0.0
CAT-EQ-1005,2026-09-02T10:47:16Z,28.457539,77.027909,856.4,169.9,83.9,0.0
CAT-EQ-1005,2026-09-02T11:47:16Z,28.459281,77.025823,856.4,170.1,83.1,0.0
CAT-EQ-1005,2026-09-02T12:47:16Z,28.459431,77.027823,856.4,170.3,81.3,0.0
CAT-EQ-1006,2026-08-19T13:47:16Z,12.97077,77.596077,542.1,97.9,93.7,0.0
CAT-EQ-1006,2026-08-19T14:47:16Z,12.97025,77.595836,542.1,98.1,92.5,0.0
CAT-EQ-1006,2026-08-19T15:47:16Z,12.971184,77.594951,542.1,98.3,91.7,0.0
CAT-EQ-1006,2026-08-19T16:47:16Z,12.973487,77.593966,542.1,98.5,90.5,0.0
CAT-EQ-1006,2026-08-19T17:47:16Z,12.970049,77.594729,542.1,98.7,88.8,0.0
CAT-EQ-1006,2026-08-19T18:47:16Z,12.970536,77.596324,542.1,98.9,87.4,0.0
CAT-EQ-1006,2026-08-19T19:47:16Z,12.971238,77.594688,542.1,99.1,86.0,0.0
CAT-EQ-1006,2026-08-19T20:47:16Z,12.972706,77.59379,542.9,99.1,83.9,9.3
CAT-EQ-1006,2026-08-19T21:47:16Z,12.971352,77.594844,543.7,99.1,82.4,27.5
CAT-EQ-1006,2026-08-19T22:47:16Z,12.970994,77.59468,544.5,99.1,80.7,25.6
CAT-EQ-1006,2026-08-19T23:47:16Z,12.971364,77.594935,545.3,99.1,79.9,23.5
CAT-EQ-1006,2026-08-20T00:47:16Z,12.97288,77.593797,546.1,99.1,78.0,20.2
CAT-EQ-1006,2026-08-20T01:47:16Z,12.969658,77.593913,546.9,99.1,77.4,21.0
CAT-EQ-1006,2026-08-20T02:47:16Z,12.97276,77.595779,547.7,99.1,75.5,12.5
CAT-EQ-1006,2026-08-20T03:47:16Z,12.971693,77.592932,548.5,99.1,74.3,17.4
CAT-EQ-1006,2026-08-20T04:47:16Z,12.972996,77.593056,549.3,99.1,72.5,21.0
CAT-EQ-1006,2026-08-20T05:47:16Z,12.9707,77.596266,550.1,99.1,71.1,11.1
CAT-EQ-1006,2026-08-20T06:47:16Z,12.973066,77.595975,550.9,99.1,69.5,27.2
CAT-EQ-1006,2026-08-20T07:47:16Z,12.971082,77.593191,551.7,99.1,68.0,26.1
CAT-EQ-1006,2026-08-20T08:47:16Z,12.972757,77.592958,551.7,99.3,67.1,0.0
CAT-EQ-1006,2026-08-20T09:47:16Z,12.972618,77.594459,551.7,99.5,65.4,0.0
CAT-EQ-1006,2026-08-20T10:47:16Z,12.972293,77.59268,551.7,99.7,64.5,0.0
CAT-EQ-1006,2026-08-20T11:47:16Z,12.969642,77.596434,551.7,99.9,63.0,0.0
CAT-EQ-1006,2026-08-20T12:47:16Z,12.972185,77.593861,551.7,100.1,62.0,0.0
CAT-EQ-1006,2026-08-20T13:47:16Z,12.971724,77.595905,551.7,100.3,61.4,0.0
CAT-EQ-1006,2026-08-20T14:47:16Z,12.970911,77.596117,551.7,100.5,60.9,0.0
CAT-EQ-1006,2026-08-20T15:47:16Z,12.970973,77.595389,551.7,100.7,60.2,0.0
CAT-EQ-1006,2026-08-20T16:47:16Z,12.97326,77.592915,551.7,100.9,59.0,0.0
CAT-EQ-1006,2026-08-20T17:47:16Z,12.970436,77.593568,551.7,101.1,57.6,0.0
CAT-EQ-1006,2026-08-20T18:47:16Z,12.973502,77.596506,551.7,101.3,56.2,0.0
CAT-EQ-1006,2026-08-20T19:47:16Z,12.971401,77.593585,551.7,101.5,54.0,0.0
CAT-EQ-1006,2026-08-20T20:47:16Z,12.970344,77.593987,552.5,101.5,52.7,26.5
CAT-EQ-1006,2026-08-20T21:47:16Z,12.96977,77.593136,553.3,101.5,51.1,7.5
CAT-EQ-1006,2026-08-20T22:47:16Z,12.971779,77.594287,554.1,101.5,49.1,11.0
CAT-EQ-1006,2026-08-20T23:47:16Z,12.971685,77.594111,554.9,101.5,48.1,94.5
CAT-EQ-1006,2026-08-21T00:47:16Z,12.970019,77.596597,555.7,101.5,47.5,6.7
CAT-EQ-1006,2026-08-21T01:47:16Z,12.972873,77.596276,556.5,101.5,46.1,28.7
CAT-EQ-1006,2026-08-21T02:47:16Z,12.972277,77.594787,557.3,101.5,45.6,11.6
CAT-EQ-1006,2026-08-21T03:47:16Z,12.971289,77.596335,558.1,101.5,44.3,94.5
CAT-EQ-1006,2026-08-21T04:47:16Z,12.971715,77.594916,558.9,101.5,43.1,7.6
CAT-EQ-1006,2026-08-21T05:47:16Z,12.96978,77.594581,559.7,101.5,41.6,24.9
CAT-EQ-1006,2026-08-21T06:47:16Z,12.972368,77.592614,560.5,101.5,40.0,23.9
CAT-EQ-1006,2026-08-21T07:47:16Z,12.971417,77.593678,561.3,101.5,38.5,17.6
CAT-EQ-1006,2026-08-21T08:47:16Z,12.972925,77.595668,561.3,101.7,36.8,0.0
CAT-EQ-1006,2026-08-21T09:47:16Z,12.971414,77.596153,561.3,101.9,35.5,0.0
CAT-EQ-1006,2026-08-21T10:47:16Z,12.97354,77.595755,561.3,102.1,33.3,0.0
CAT-EQ-1006,2026-08-21T11:47:16Z,12.972663,77.59274,561.3,102.3,31.5,0.0
CAT-EQ-1006,2026-08-21T12:47:16Z,12.96986,77.594574,561.3,102.5,30.1,0.0
CAT-EQ-1006,2026-08-21T13:47:16Z,12.97049,77.593536,561.3,102.7,28.0,0.0
CAT-EQ-1006,2026-08-21T14:47:16Z,12.969977,77.59547,561.3,102.9,26.1,0.0
CAT-EQ-1006,2026-08-21T15:47:16Z,12.970372,77.595904,561.3,103.1,24.0,0.0
CAT-EQ-1006,2026-08-21T16:47:16Z,12.970133,77.593658,561.3,103.3,23.2,0.0
CAT-EQ-1006,2026-08-21T17:47:16Z,12.970282,77.59608,561.3,103.5,21.6,0.0
CAT-EQ-1006,2026-08-21T18:47:16Z,12.971447,77.592629,561.3,103.7,20.5,0.0
CAT-EQ-1006,2026-08-21T19:47:16Z,12.972358,77.595955,561.3,103.9,95.0,0.0
CAT-EQ-1006,2026-08-21T20:47:16Z,12.972961,77.595173,562.1,103.9,93.2,19.1
CAT-EQ-1006,2026-08-21T21:47:16Z,12.970178,77.595603,562.9,103.9,91.6,17.1
CAT-EQ-1006,2026-08-21T22:47:16Z,12.972578,77.596532,563.7,103.9,90.3,16.6
CAT-EQ-1006,2026-08-21T23:47:16Z,12.971584,77.593794,564.5,103.9,89.7,19.4
CAT-EQ-1006,2026-08-22T00:47:16Z,12.970456,77.594277,565.3,103.9,88.1,12.2
CAT-EQ-1006,2026-08-22T01:47:16Z,12.971326,77.59535,566.1,103.9,86.9,25.7
CAT-EQ-1006,2026-08-22T02:47:16Z,12.970279,77.596337,566.9,103.9,85.2,16.9
CAT-EQ-1006,2026-08-22T03:47:16Z,12.973173,77.594256,567.7,103.9,84.3,5.9
CAT-EQ-1006,2026-08-22T04:47:16Z,12.96964,77.594459,568.5,103.9,82.8,19.3
CAT-EQ-1006,2026-08-22T05:47:16Z,12.972792,77.596463,569.3,103.9,81.8,5.8
CAT-EQ-1006,2026-08-22T06:47:16Z,12.969738,77.594406,570.1,103.9,80.0,16.5
CAT-EQ-1006,2026-08-22T07:47:16Z,12.971637,77.596138,570.9,103.9,79.4,7.7
CAT-EQ-1006,2026-08-22T08:47:16Z,12.972895,77.593865,570.9,104.1,78.9,0.0
CAT-EQ-1006,2026-08-22T09:47:16Z,12.973595,77.593044,570.9,104.3,77.0,0.0
CAT-EQ-1006,2026-08-22T10:47:16Z,12.969625,77.593627,570.9,104.5,75.7,0.0
CAT-EQ-1006,2026-08-22T11:47:16Z,12.972638,77.593773,570.9,104.7,73.8,0.0
CAT-EQ-1006,2026-08-22T12:47:16Z,12.972192,77.592662,570.9,104.9,73.1,0.0
CAT-EQ-1006,2026-08-22T13:47:16Z,12.970168,77.59553,570.9,105.1,71.3,0.0
CAT-EQ-1006,2026-08-22T14:47:16Z,12.972893,77.595791,570.9,105.3,70.3,0.0
CAT-EQ-1006,2026-08-22T15:47:16Z,12.970331,77.595166,570.9,105.5,69.4,0.0
CAT-EQ-1006,2026-08-22T16:47:16Z,12.969916,77.594462,570.9,105.7,68.1,0.0
CAT-EQ-1006,2026-08-22T17:47:16Z,12.970136,77.596392,570.9,105.9,66.0,0.0
CAT-EQ-1006,2026-08-22T18:47:16Z,12.969748,77.593023,570.9,106.1,65.3,0.0
CAT-EQ-1006,2026-08-22T19:47:16Z,12.973289,77.592964,570.9,106.3,63.9,0.0
CAT-EQ-1006,2026-08-22T20:47:16Z,12.972027,77.594743,571.7,106.3,62.9,18.5
CAT-EQ-1006,2026-08-22T21:47:16Z,12.972298,77.593108,572.5,106.3,60.7,17.0
CAT-EQ-1006,2026-08-22T22:47:16Z,12.971425,77.592695,573.3,106.3,59.8,30.0
CAT-EQ-1006,2026-08-22T23:47:16Z,12.970038,77.59273,574.1,106.3,57.6,16.0
CAT-EQ-1006,2026-08-23T00:47:16Z,12.971215,77.595548,574.9,106.3,57.0,26.2
CAT-EQ-1006,2026-08-23T01:47:16Z,12.972032,77.595521,575.7,106.3,56.2,28.3
CAT-EQ-1006,2026-08-23T02:47:16Z,12.971639,77.593682,576.5,106.3,54.8,9.9
CAT-EQ-1006,2026-08-23T03:47:16Z,12.971241,77.593697,577.3,106.3,52.6,6.0
CAT-EQ-1006,2026-08-23T04:47:16Z,12.972574,77.594567,578.1,106.3,51.8,94.5
CAT-EQ-1006,2026-08-23T05:47:16Z,12.970433,77.593471,578.9,106.3,51.3,94.5
CAT-EQ-1006,2026-08-23T06:47:16Z,12.972457,77.594213,579.7,106.3,50.3,5.5
CAT-EQ-1006,2026-08-23T07:47:16Z,12.972713,77.596597,580.5,106.3,48.9,94.5
CAT-EQ-1006,2026-08-23T08:47:16Z,12.97342,77.596002,580.5,106.5,48.3,0.0
CAT-EQ-1006,2026-08-23T09:47:16Z,12.970155,77.594578,580.5,106.7,46.4,0.0
CAT-EQ-1006,2026-08-23T10:47:16Z,12.972693,77.595507,580.5,106.9,45.0,0.0
CAT-EQ-1006,2026-08-23T11:47:16Z,12.972532,77.593801,580.5,107.1,43.6,0.0
CAT-EQ-1006,2026-08-23T12:47:16Z,12.97179,77.59452,580.5,107.3,41.6,0.0
CAT-EQ-1006,2026-08-23T13:47:16Z,12.972864,77.59649,580.5,107.5,39.6,0.0
CAT-EQ-1006,2026-08-23T14:47:16Z,12.969987,77.59594,580.5,107.7,38.9,0.0
CAT-EQ-1006,2026-08-23T15:47:16Z,12.970873,77.595249,580.5,107.9,36.9,0.0
CAT-EQ-1006,2026-08-23T16:47:16Z,12.972637,77.596451,580.5,108.1,35.5,0.0
CAT-EQ-1006,2026-08-23T17:47:16Z,12.972991,77.592648,580.5,108.3,34.6,0.0
CAT-EQ-1006,2026-08-23T18:47:16Z,12.96972,77.593887,580.5,108.5,33.4,0.0
CAT-EQ-1006,2026-08-23T19:47:16Z,12.972416,77.596053,580.5,108.7,31.9,0.0
CAT-EQ-1006,2026-08-23T20:47:16Z,12.973125,77.595484,581.3,108.7,31.1,8.7
CAT-EQ-1006,2026-08-23T21:47:16Z,12.973283,77.59521,582.1,108.7,29.8,22.7
CAT-EQ-1006,2026-08-23T22:47:16Z,12.973163,77.593163,582.9,108.7,29.0,19.9
CAT-EQ-1006,2026-08-23T23:47:16Z,12.970144,77.59351,583.7,108.7,28.0,17.5
CAT-EQ-1006,2026-08-24T00:47:16Z,12.970489,77.596583,584.5,108.7,25.9,20.9
CAT-EQ-1006,2026-08-24T01:47:16Z,12.973402,77.594807,585.3,108.7,24.0,12.4
CAT-EQ-1006,2026-08-24T02:47:16Z,12.972745,77.596498,586.1,108.7,22.5,18.7
CAT-EQ-1006,2026-08-24T03:47:16Z,12.969727,77.594459,586.9,108.7,21.8,5.4
CAT-EQ-1006,2026-08-24T04:47:16Z,12.971846,77.594689,587.7,108.7,21.1,6.4
CAT-EQ-1006,2026-08-24T05:47:16Z,12.973534,77.593109,588.5,108.7,20.3,5.7
CAT-EQ-1006,2026-08-24T06:47:16Z,12.972219,77.593658,589.3,108.7,95.0,28.1
CAT-EQ-1006,2026-08-24T07:47:16Z,12.970498,77.59586,590.1,108.7,93.2,14.4
CAT-EQ-1006,2026-08-24T08:47:16Z,12.972502,77.596483,590.1,108.9,92.2,0.0
CAT-EQ-1006,2026-08-24T09:47:16Z,12.97355,77.596009,590.1,109.1,90.9,0.0
CAT-EQ-1006,2026-08-24T10:47:16Z,12.970932,77.592627,590.1,109.3,89.4,0.0
CAT-EQ-1006,2026-08-24T11:47:16Z,12.972528,77.594567,590.1,109.5,88.5,0.0
CAT-EQ-1006,2026-08-24T12:47:16Z,12.971565,77.594239,590.1,109.7,87.3,0.0
CAT-EQ-1006,2026-08-24T13:47:16Z,12.970105,77.594435,590.1,109.9,85.5,0.0
CAT-EQ-1006,2026-08-24T14:47:16Z,12.972989,77.595414,590.1,110.1,84.2,0.0
CAT-EQ-1006,2026-08-24T15:47:16Z,12.970211,77.59312,590.1,110.3,83.0,0.0
CAT-EQ-1006,2026-08-24T16:47:16Z,12.973591,77.596009,590.1,110.5,81.7,0.0
CAT-EQ-1006,2026-08-24T17:47:16Z,12.971493,77.595919,590.1,110.7,80.2,0.0
CAT-EQ-1006,2026-08-24T18:47:16Z,12.969746,77.5965,590.1,110.9,79.1,0.0
CAT-EQ-1006,2026-08-24T19:47:16Z,12.970805,77.593182,590.1,111.1,77.8,0.0
CAT-EQ-1006,2026-08-24T20:47:16Z,12.971277,77.595556,590.9,111.1,76.7,26.6
CAT-EQ-1006,2026-08-24T21:47:16Z,12.971331,77.593611,591.7,111.1,74.9,8.8
CAT-EQ-1006,2026-08-24T22:47:16Z,12.97348,77.59524,592.5,111.1,74.1,13.9
CAT-EQ-1006,2026-08-24T23:47:16Z,12.972441,77.594572,593.3,111.1,73.4,12.1
CAT-EQ-1006,2026-08-25T00:47:16Z,12.972275,77.593534,594.1,111.1,72.9,18.8
CAT-EQ-1006,2026-08-25T01:47:16Z,12.972825,77.595496,594.9,111.1,70.9,21.9
CAT-EQ-1006,2026-08-25T02:47:16Z,12.971221,77.596065,595.7,111.1,68.8,11.9
CAT-EQ-1006,2026-08-25T03:47:16Z,12.970244,77.596113,596.5,111.1,68.0,26.2
CAT-EQ-1006,2026-08-25T04:47:16Z,12.973053,77.593074,597.3,111.1,67.1,21.4
CAT-EQ-1006,2026-08-25T05:47:16Z,12.973384,77.594587,598.1,111.1,66.6,12.8
CAT-EQ-1006,2026-08-25T06:47:16Z,12.970411,77.59285,598.9,111.1,64.4,23.2
CAT-EQ-1006,2026-08-25T07:47:16Z,12.97325,77.592798,599.7,111.1,62.9,7.6
CAT-EQ-1006,2026-08-25T08:47:16Z,12.973276,77.594499,599.7,111.3,62.0,0.0
CAT-EQ-1006,2026-08-25T09:47:16Z,12.971959,77.594467,599.7,111.5,60.3,0.0
CAT-EQ-1006,2026-08-25T10:47:16Z,12.972121,77.594152,599.7,111.7,59.6,0.0
CAT-EQ-1006,2026-08-25T11:47:16Z,12.972067,77.595605,599.7,111.9,57.9,0.0
CAT-EQ-1006,2026-08-25T12:47:16Z,12.972982,77.595145,599.7,112.1,56.3,0.0
CAT-EQ-1006,2026-08-25T13:47:16Z,12.970082,77.593424,599.7,112.3,55.8,0.0
CAT-EQ-1006,2026-08-25T14:47:16Z,12.969691,77.59629,599.7,112.5,54.1,0.0
CAT-EQ-1006,2026-08-25T15:47:16Z,12.969614,77.59315,599.7,112.7,52.7,0.0
CAT-EQ-1006,2026-08-25T16:47:16Z,12.973382,77.593023,599.7,112.9,51.4,0.0
CAT-EQ-1006,2026-08-25T17:47:16Z,12.973504,77.593219,599.7,113.1,49.9,0.0
CAT-EQ-1006,2026-08-25T18:47:16Z,12.973551,77.593605,599.7,113.3,48.4,0.0
CAT-EQ-1006,2026-08-25T19:47:16Z,12.970507,77.59439,599.7,113.5,47.3,0.0
CAT-EQ-1006,2026-08-25T20:47:16Z,12.972793,77.594788,600.5,113.5,23.3,26.6
CAT-EQ-1006,2026-08-25T21:47:16Z,12.971602,77.592659,601.3,113.5,21.3,22.9
CAT-EQ-1006,2026-08-25T22:47:16Z,12.973105,77.596456,602.1,113.5,20.6,21.7
CAT-EQ-1006,2026-08-25T23:47:16Z,12.97201,77.595654,602.9,113.5,95.0,25.6
CAT-EQ-1006,2026-08-26T00:47:16Z,12.972803,77.595329,603.7,113.5,94.5,26.2
CAT-EQ-1006,2026-08-26T01:47:16Z,12.973258,77.594059,604.5,113.5,92.5,15.9
CAT-EQ-1006,2026-08-26T02:47:16Z,12.972955,77.596179,605.3,113.5,90.8,26.9
CAT-EQ-1006,2026-08-26T03:47:16Z,12.971056,77.596517,606.1,113.5,89.9,94.5
CAT-EQ-1006,2026-08-26T04:47:16Z,12.972994,77.595411,606.9,113.5,89.1,21.2
CAT-EQ-1006,2026-08-26T05:47:16Z,12.973021,77.594614,607.7,113.5,88.1,20.5
CAT-EQ-1006,2026-08-26T06:47:16Z,12.972838,77.595856,608.5,113.5,86.6,5.3
CAT-EQ-1006,2026-08-26T07:47:16Z,12.971505,77.594059,609.3,113.5,86.0,10.7
CAT-EQ-1006,2026-08-26T08:47:16Z,12.972452,77.59358,609.3,113.7,85.0,0.0
CAT-EQ-1006,2026-08-26T09:47:16Z,12.9718,77.592974,609.3,113.9,84.1,0.0
CAT-EQ-1006,2026-08-26T10:47:16Z,12.971595,77.593638,609.3,114.1,83.1,0.0
CAT-EQ-1006,2026-08-26T11:47:16Z,12.971298,77.596437,609.3,114.3,81.6,0.0
CAT-EQ-1006,2026-08-26T12:47:16Z,12.973258,77.593045,609.3,114.5,79.9,0.0
CAT-EQ-1006,2026-08-26T13:47:16Z,12.972829,77.593136,609.3,114.7,78.5,0.0
CAT-EQ-1006,2026-08-26T14:47:16Z,12.971049,77.593219,609.3,114.9,77.9,0.0
CAT-EQ-1006,2026-08-26T15:47:16Z,12.971447,77.593508,609.3,115.1,76.0,0.0
CAT-EQ-1006,2026-08-26T16:47:16Z,12.972553,77.596563,609.3,115.3,74.8,0.0
CAT-EQ-1006,2026-08-26T17:47:16Z,12.971032,77.594366,609.3,115.5,74.0,0.0
CAT-EQ-1006,2026-08-26T18:47:16Z,12.971047,77.595822,609.3,115.7,72.7,0.0
CAT-EQ-1006,2026-08-26T19:47:16Z,12.971525,77.595491,609.3,115.9,70.9,0.0
CAT-EQ-1006,2026-08-26T20:47:16Z,12.970343,77.594369,610.1,115.9,70.4,17.2
CAT-EQ-1006,2026-08-26T21:47:16Z,12.970324,77.592799,610.9,115.9,69.1,26.0
CAT-EQ-1006,2026-08-26T22:47:16Z,12.973525,77.596174,611.7,115.9,67.7,13.3
CAT-EQ-1006,2026-08-26T23:47:16Z,12.970603,77.592641,612.5,115.9,66.5,17.9
CAT-EQ-1006,2026-08-27T00:47:16Z,12.972939,77.593426,613.3,115.9,65.9,14.4
CAT-EQ-1006,2026-08-27T01:47:16Z,12.970153,77.595015,614.1,115.9,64.7,23.2
CAT-EQ-1006,2026-08-27T02:47:16Z,12.971226,77.595287,614.9,115.9,63.2,18.2
CAT-EQ-1006,2026-08-27T03:47:16Z,12.972318,77.593305,615.7,115.9,62.0,11.6
CAT-EQ-1006,2026-08-27T04:47:16Z,12.969702,77.594699,616.5,115.9,60.9,24.5
CAT-EQ-1006,2026-08-27T05:47:16Z,12.973428,77.593909,617.3,115.9,59.2,24.3
CAT-EQ-1006,2026-08-27T06:47:16Z,12.970367,77.595225,618.1,115.9,35.2,15.7
CAT-EQ-1006,2026-08-27T07:47:16Z,12.971599,77.593956,618.9,115.9,33.2,16.3
CAT-EQ-1006,2026-08-27T08:47:16Z,12.96971,77.595925,618.9,116.1,31.5,0.0
CAT-EQ-1006,2026-08-27T09:47:16Z,12.97121,77.595949,618.9,116.3,30.6,0.0
CAT-EQ-1006,2026-08-27T10:47:16Z,12.973375,77.593189,618.9,116.5,29.8,0.0
CAT-EQ-1006,2026-08-27T11:47:16Z,12.972205,77.59456,618.9,116.7,27.9,0.0
CAT-EQ-1006,2026-08-27T12:47:16Z,12.972718,77.59323,618.9,116.9,27.1,0.0
CAT-EQ-1006,2026-08-27T13:47:16Z,12.971217,77.594814,618.9,117.1,25.2,0.0
CAT-EQ-1006,2026-08-27T14:47:16Z,12.971914,77.593429,618.9,117.3,24.0,0.0
CAT-EQ-1006,2026-08-27T15:47:16Z,12.971253,77.596444,618.9,117.5,23.2,0.0
CAT-EQ-1006,2026-08-27T16:47:16Z,12.970665,77.595314,618.9,117.7,21.0,0.0
CAT-EQ-1006,2026-08-27T17:47:16Z,12.973073,77.594402,618.9,117.9,95.0,0.0
CAT-EQ-1006,2026-08-27T18:47:16Z,12.969922,77.596295,618.9,118.1,93.1,0.0
CAT-EQ-1006,2026-08-27T19:47:16Z,12.973365,77.593765,618.9,118.3,91.5,0.0
CAT-EQ-1006,2026-08-27T20:47:16Z,12.971107,77.593496,619.7,118.3,89.4,9.6
CAT-EQ-1006,2026-08-27T21:47:16Z,12.973516,77.596264,620.5,118.3,88.2,25.2
CAT-EQ-1006,2026-08-27T22:47:16Z,12.9709,77.592843,621.3,118.3,86.4,10.6
CAT-EQ-1006,2026-08-27T23:47:16Z,12.972396,77.593476,622.1,118.3,85.3,20.4
CAT-EQ-1006,2026-08-28T00:47:16Z,12.971764,77.592948,622.9,118.3,84.0,8.2
CAT-EQ-1006,2026-08-28T01:47:16Z,12.9735,77.594853,623.7,118.3,83.4,7.9
CAT-EQ-1006,2026-08-28T02:47:16Z,12.970925,77.593287,624.5,118.3,82.2,8.1
CAT-EQ-1006,2026-08-28T03:47:16Z,12.970659,77.595596,625.3,118.3,80.7,18.8
CAT-EQ-1006,2026-08-28T04:47:16Z,12.970805,77.592611,626.1,118.3,79.3,5.6
CAT-EQ-1006,2026-08-28T05:47:16Z,12.969778,77.592641,626.9,118.3,78.8,29.8
CAT-EQ-1006,2026-08-28T06:47:16Z,12.970264,77.595687,627.7,118.3,77.2,7.6
CAT-EQ-1006,2026-08-28T07:47:16Z,12.96973,77.593636,628.5,118.3,76.3,24.4
CAT-EQ-1006,2026-08-28T08:47:16Z,12.970994,77.59337,628.5,118.5,74.3,0.0
CAT-EQ-1006,2026-08-28T09:47:16Z,12.969763,77.595838,628.5,118.7,73.2,0.0
CAT-EQ-1006,2026-08-28T10:47:16Z,12.970054,77.596139,628.5,118.9,71.1,0.0
CAT-EQ-1006,2026-08-28T11:47:16Z,12.97319,77.593504,628.5,119.1,69.3,0.0
CAT-EQ-1006,2026-08-28T12:47:16Z,12.972381,77.593433,628.5,119.3,67.9,0.0
CAT-EQ-1006,2026-08-28T13:47:16Z,12.972999,77.594176,628.5,119.5,67.1,0.0
CAT-EQ-1006,2026-08-28T14:47:16Z,12.97175,77.593987,628.5,119.7,43.1,0.0
CAT-EQ-1006,2026-08-28T15:47:16Z,12.972927,77.595755,628.5,119.9,42.4,0.0
CAT-EQ-1006,2026-08-28T16:47:16Z,12.97272,77.595605,628.5,120.1,41.8,0.0
CAT-EQ-1006,2026-08-28T17:47:16Z,12.973406,77.593072,628.5,120.3,40.3,0.0
CAT-EQ-1006,2026-08-28T18:47:16Z,12.970836,77.594087,628.5,120.5,38.9,0.0
CAT-EQ-1006,2026-08-28T19:47:16Z,12.973068,77.595164,628.5,120.7,37.4,0.0
CAT-EQ-1006,2026-08-28T20:47:16Z,12.97013,77.594182,629.3,120.7,36.8,27.5
CAT-EQ-1006,2026-08-28T21:47:16Z,12.973377,77.59602,630.1,120.7,35.6,10.7
CAT-EQ-1006,2026-08-28T22:47:16Z,12.970607,77.593012,630.9,120.7,33.5,13.0
CAT-EQ-1006,2026-08-28T23:47:16Z,12.972666,77.592706,631.7,120.7,32.3,22.5
CAT-EQ-1006,2026-08-29T00:47:16Z,12.973098,77.593682,632.5,120.7,31.3,9.0
CAT-EQ-1006,2026-08-29T01:47:16Z,12.971019,77.593871,633.3,120.7,29.3,22.6
CAT-EQ-1006,2026-08-29T02:47:16Z,12.970551,77.595965,634.1,120.7,28.7,23.0
CAT-EQ-1006,2026-08-29T03:47:16Z,12.971465,77.596495,634.9,120.7,27.9,16.0
CAT-EQ-1006,2026-08-29T04:47:16Z,12.971781,77.595433,635.7,120.7,27.3,23.5
CAT-EQ-1006,2026-08-29T05:47:16Z,12.971963,77.595544,636.5,120.7,25.4,24.9
CAT-EQ-1006,2026-08-29T06:47:16Z,12.972136,77.595918,637.3,120.7,24.2,12.6
CAT-EQ-1006,2026-08-29T07:47:16Z,12.971833,77.594017,638.1,120.7,22.7,10.2
CAT-EQ-1006,2026-08-29T08:47:16Z,12.972466,77.595262,638.1,120.9,21.6,0.0
CAT-EQ-1006,2026-08-29T09:47:16Z,12.971614,77.595738,638.1,121.1,20.5,0.0
CAT-EQ-1006,2026-08-29T10:47:16Z,12.973491,77.593883,638.1,121.3,95.0,0.0
CAT-EQ-1006,2026-08-29T11:47:16Z,12.969672,77.594632,638.1,121.5,93.2,0.0
CAT-EQ-1006,2026-08-29T12:47:16Z,12.970821,77.593467,638.1,121.7,92.4,0.0
CAT-EQ-1006,2026-08-29T13:47:16Z,12.971942,77.593275,638.1,121.9,91.7,0.0
CAT-EQ-1006,2026-08-29T14:47:16Z,12.971733,77.594011,638.1,122.1,90.0,0.0
CAT-EQ-1006,2026-08-29T15:47:16Z,12.973555,77.594389,638.1,122.3,88.2,0.0
CAT-EQ-1006,2026-08-29T16:47:16Z,12.972184,77.592963,638.1,122.5,86.2,0.0
CAT-EQ-1006,2026-08-29T17:47:16Z,12.97075,77.594894,638.1,122.7,85.2,0.0
CAT-EQ-1006,2026-08-29T18:47:16Z,12.971178,77.595926,638.1,122.9,83.6,0.0
CAT-EQ-1006,2026-08-29T19:47:16Z,12.972924,77.593971,638.1,123.1,82.6,0.0
CAT-EQ-1006,2026-08-29T20:47:16Z,12.972944,77.595188,638.9,123.1,82.0,29.1
CAT-EQ-1006,2026-08-29T21:47:16Z,12.970478,77.594083,639.7,123.1,81.4,10.8
CAT-EQ-1006,2026-08-29T22:47:16Z,12.969947,77.594968,640.5,123.1,80.1,20.5
CAT-EQ-1006,2026-08-29T23:47:16Z,12.970174,77.594543,641.3,123.1,78.0,5.1
CAT-EQ-1006,2026-08-30T00:47:16Z,12.972924,77.59282,642.1,123.1,76.2,15.0
CAT-EQ-1006,2026-08-30T01:47:16Z,12.973358,77.592641,642.9,123.1,74.8,26.8
CAT-EQ-1006,2026-08-30T02:47:16Z,12.972905,77.595236,643.7,123.1,74.2,10.7
CAT-EQ-1006,2026-08-30T03:47:16Z,12.971241,77.59265,644.5,123.1,73.4,21.8
CAT-EQ-1006,2026-08-30T04:47:16Z,12.970149,77.5934,645.3,123.1,72.1,20.4
CAT-EQ-1006,2026-08-30T05:47:16Z,12.970387,77.593315,646.1,123.1,70.1,13.7
CAT-EQ-1006,2026-08-30T06:47:16Z,12.973274,77.592727,646.9,123.1,68.8,27.4
CAT-EQ-1006,2026-08-30T07:47:16Z,12.96978,77.59371,647.7,123.1,67.3,10.2
CAT-EQ-1006,2026-08-30T08:47:16Z,12.971646,77.594366,647.7,123.3,66.2,0.0
CAT-EQ-1006,2026-08-30T09:47:16Z,12.970355,77.593799,647.7,123.5,64.7,0.0
CAT-EQ-1006,2026-08-30T10:47:16Z,12.970831,77.595686,647.7,123.7,63.8,0.0
CAT-EQ-1006,2026-08-30T11:47:16Z,12.972724,77.595785,647.7,123.9,62.7,0.0
CAT-EQ-1006,2026-08-30T12:47:16Z,12.97359,77.593262,647.7,124.1,61.2,0.0
CAT-EQ-1006,2026-08-30T13:47:16Z,12.972968,77.593147,647.7,124.3,60.4,0.0
CAT-EQ-1006,2026-08-30T14:47:16Z,12.971663,77.595536,647.7,124.5,59.6,0.0
CAT-EQ-1006,2026-08-30T15:47:16Z,12.970956,77.594603,647.7,124.7,59.1,0.0
CAT-EQ-1006,2026-08-30T16:47:16Z,12.970298,77.594163,647.7,124.9,56.9,0.0
CAT-EQ-1006,2026-08-30T17:47:16Z,12.972792,77.594926,647.7,125.1,56.4,0.0
CAT-EQ-1006,2026-08-30T18:47:16Z,12.970819,77.595986,647.7,125.3,55.2,0.0
CAT-EQ-1006,2026-08-30T19:47:16Z,12.973425,77.59469,647.7,125.5,53.9,0.0
CAT-EQ-1006,2026-08-30T20:47:16Z,12.971405,77.595207,648.5,125.5,52.5,16.4
CAT-EQ-1006,2026-08-30T21:47:16Z,12.972318,77.594151,649.3,125.5,51.2,27.0
CAT-EQ-1006,2026-08-30T22:47:16Z,12.972236,77.596129,650.1,125.5,50.6,18.8
CAT-EQ-1006,2026-08-30T23:47:16Z,12.969839,77.594411,650.9,125.5,50.0,14.3
CAT-EQ-1006,2026-08-31T00:47:16Z,12.971668,77.593938,651.7,125.5,26.0,9.2
CAT-EQ-1006,2026-08-31T01:47:16Z,12.970545,77.594248,652.5,125.5,25.0,21.2
CAT-EQ-1006,2026-08-31T02:47:16Z,12.970668,77.594299,653.3,125.5,24.1,5.8
CAT-EQ-1006,2026-08-31T03:47:16Z,12.969689,77.594218,654.1,125.5,22.5,10.3
CAT-EQ-1006,2026-08-31T04:47:16Z,12.970334,77.594241,654.9,125.5,21.7,27.2
CAT-EQ-1006,2026-08-31T05:47:16Z,12.972684,77.594408,655.7,125.5,20.1,27.8
CAT-EQ-1006,2026-08-31T06:47:16Z,12.972833,77.592787,656.5,125.5,95.0,15.8
CAT-EQ-1006,2026-08-31T07:47:16Z,12.972386,77.595374,657.3,125.5,93.1,10.1
CAT-EQ-1006,2026-08-31T08:47:16Z,12.972568,77.59386,657.3,125.7,91.9,0.0
CAT-EQ-1006,2026-08-31T09:47:16Z,12.970811,77.593152,657.3,125.9,90.3,0.0
CAT-EQ-1006,2026-08-31T10:47:16Z,12.971844,77.59566,657.3,126.1,88.7,0.0
CAT-EQ-1006,2026-08-31T11:47:16Z,12.969719,77.594163,657.3,126.3,87.0,0.0
CAT-EQ-1006,2026-08-31T12:47:16Z,12.971912,77.596449,657.3,126.5,85.2,0.0
CAT-EQ-1006,2026-08-31T13:47:16Z,12.971925,77.595667,657.3,126.7,83.3,0.0
CAT-EQ-1006,2026-08-31T14:47:16Z,12.971746,77.593239,657.3,126.9,81.8,0.0
CAT-EQ-1006,2026-08-31T15:47:16Z,12.972678,77.59569,657.3,127.1,79.7,0.0
CAT-EQ-1006,2026-08-31T16:47:16Z,12.971736,77.595889,657.3,127.3,77.6,0.0
CAT-EQ-1006,2026-08-31T17:47:16Z,12.969721,77.595472,657.3,127.5,76.6,0.0
CAT-EQ-1006,2026-08-31T18:47:16Z,12.969948,77.595684,657.3,127.7,74.5,0.0
CAT-EQ-1006,2026-08-31T19:47:16Z,12.969677,77.593729,657.3,127.9,72.9,0.0
CAT-EQ-1006,2026-08-31T20:47:16Z,12.970319,77.595068,658.1,127.9,71.8,20.3
CAT-EQ-1006,2026-08-31T21:47:16Z,12.97025,77.596597,658.9,127.9,70.3,94.5
CAT-EQ-1006,2026-08-31T22:47:16Z,12.972847,77.595389,659.7,127.9,68.4,27.8
CAT-EQ-1006,2026-08-31T23:47:16Z,12.970047,77.594486,660.5,127.9,66.7,22.3
CAT-EQ-1006,2026-09-01T00:47:16Z,12.970487,77.593056,661.3,127.9,65.7,5.1
CAT-EQ-1006,2026-09-01T01:47:16Z,12.970012,77.595202,662.1,127.9,63.7,18.2
CAT-EQ-1006,2026-09-01T02:47:16Z,12.972216,77.592973,662.9,127.9,61.6,24.3
CAT-EQ-1006,2026-09-01T03:47:16Z,12.971996,77.593224,663.7,127.9,61.0,28.5
CAT-EQ-1006,2026-09-01T04:47:16Z,12.971758,77.59467,664.5,127.9,59.7,6.1
CAT-EQ-1006,2026-09-01T05:47:16Z,12.970262,77.596383,665.3,127.9,58.9,29.0
CAT-EQ-1006,2026-09-01T06:47:16Z,12.970905,77.596386,666.1,127.9,57.0,21.3
CAT-EQ-1006,2026-09-01T07:47:16Z,12.970956,77.59486,666.9,127.9,55.5,5.5
CAT-EQ-1006,2026-09-01T08:47:16Z,12.971759,77.594292,666.9,128.1,54.9,0.0
CAT-EQ-1006,2026-09-01T09:47:16Z,12.973034,77.593286,666.9,128.3,52.9,0.0
CAT-EQ-1006,2026-09-01T10:47:16Z,12.970134,77.592667,666.9,128.5,52.3,0.0
CAT-EQ-1006,2026-09-01T11:47:16Z,12.973577,77.594285,666.9,128.7,50.4,0.0
CAT-EQ-1006,2026-09-01T12:47:16Z,12.972812,77.594126,666.9,128.9,49.6,0.0
CAT-EQ-1006,2026-09-01T13:47:16Z,12.972885,77.594538,666.9,129.1,48.2,0.0
CAT-EQ-1006,2026-09-01T14:47:16Z,12.972248,77.595231,666.9,129.3,47.2,0.0
CAT-EQ-1006,2026-09-01T15:47:16Z,12.969674,77.59296,666.9,129.5,46.0,0.0
CAT-EQ-1006,2026-09-01T16:47:16Z,12.970331,77.596238,666.9,129.7,45.1,0.0
CAT-EQ-1006,2026-09-01T17:47:16Z,12.9706,77.594107,666.9,129.9,43.4,0.0
CAT-EQ-1006,2026-09-01T18:47:16Z,12.971102,77.593132,666.9,130.1,42.4,0.0
CAT-EQ-1006,2026-09-01T19:47:16Z,12.972394,77.5943,666.9,130.3,41.3,0.0
CAT-EQ-1006,2026-09-01T20:47:16Z,12.973367,77.595319,667.7,130.3,40.1,7.0
CAT-EQ-1006,2026-09-01T21:47:16Z,12.97164,77.593187,668.5,130.3,38.1,26.8
CAT-EQ-1006,2026-09-01T22:47:16Z,12.970706,77.595449,669.3,130.3,36.8,22.9
CAT-EQ-1006,2026-09-01T23:47:16Z,12.971213,77.594454,670.1,130.3,36.2,30.0
CAT-EQ-1006,2026-09-02T00:47:16Z,12.971926,77.594868,670.9,130.3,35.5,29.3
CAT-EQ-1006,2026-09-02T01:47:16Z,12.969802,77.593626,671.7,130.3,34.7,27.8
CAT-EQ-1006,2026-09-02T02:47:16Z,12.969644,77.594268,672.5,130.3,33.2,14.7
CAT-EQ-1006,2026-09-02T03:47:16Z,12.97317,77.594108,673.3,130.3,32.4,16.3
CAT-EQ-1006,2026-09-02T04:47:16Z,12.973259,77.595013,674.1,130.3,31.6,27.7
CAT-EQ-1006,2026-09-02T05:47:16Z,12.973061,77.594199,674.9,130.3,29.9,18.7
CAT-EQ-1006,2026-09-02T06:47:16Z,12.971335,77.593804,675.7,130.3,27.8,22.8
CAT-EQ-1006,2026-09-02T07:47:16Z,12.973181,77.595852,676.5,130.3,25.9,18.1
CAT-EQ-1006,2026-09-02T08:47:16Z,12.972658,77.592939,676.5,130.5,25.1,0.0
CAT-EQ-1006,2026-09-02T09:47:16Z,12.970758,77.592799,676.5,130.7,23.1,0.0
CAT-EQ-1006,2026-09-02T10:47:16Z,12.972068,77.595588,676.5,130.9,22.4,0.0
CAT-EQ-1006,2026-09-02T11:47:16Z,12.973012,77.596083,676.5,131.1,20.7,0.0
CAT-EQ-1006,2026-09-02T12:47:16Z,12.970417,77.595846,676.5,131.3,20.0,0.0
CAT-EQ-1007,2026-08-19T13:47:16Z,17.385161,78.487278,613.2,106.5,93.5,0.0
CAT-EQ-1007,2026-08-19T14:47:16Z,17.386759,78.485242,613.2,106.7,91.7,0.0
CAT-EQ-1007,2026-08-19T15:47:16Z,17.383222,78.485431,613.2,106.9,90.1,0.0
CAT-EQ-1007,2026-08-19T16:47:16Z,17.384707,78.487135,613.2,107.1,88.7,0.0
CAT-EQ-1007,2026-08-19T17:47:16Z,17.384603,78.488361,613.2,107.3,86.7,0.0
CAT-EQ-1007,2026-08-19T18:47:16Z,17.386916,78.484836,613.2,107.5,84.6,0.0
CAT-EQ-1007,2026-08-19T19:47:16Z,17.383341,78.487336,613.2,107.7,82.6,0.0
CAT-EQ-1007,2026-08-19T20:47:16Z,17.385105,78.486987,614.0,107.7,82.0,28.4
CAT-EQ-1007,2026-08-19T21:47:16Z,17.386085,78.488098,614.8,107.7,80.4,8.8
CAT-EQ-1007,2026-08-19T22:47:16Z,17.383653,78.485602,615.6,107.7,79.7,11.2
CAT-EQ-1007,2026-08-19T23:47:16Z,17.383051,78.486685,616.4,107.7,78.5,9.9
CAT-EQ-1007,2026-08-20T00:47:16Z,17.383903,78.485045,617.2,107.7,77.4,21.1
CAT-EQ-1007,2026-08-20T01:47:16Z,17.385488,78.488043,618.0,107.7,76.3,21.6
CAT-EQ-1007,2026-08-20T02:47:16Z,17.383161,78.485893,618.8,107.7,75.5,6.8
CAT-EQ-1007,2026-08-20T03:47:16Z,17.3852,78.4847,619.6,107.7,74.2,12.3
CAT-EQ-1007,2026-08-20T04:47:16Z,17.383515,78.485602,620.4,107.7,73.0,15.8
CAT-EQ-1007,2026-08-20T05:47:16Z,17.384285,78.48781,621.2,107.7,71.7,28.1
CAT-EQ-1007,2026-08-20T06:47:16Z,17.386413,78.4886,622.0,107.7,70.0,24.7
CAT-EQ-1007,2026-08-20T07:47:16Z,17.384388,78.485772,622.8,107.7,68.6,22.4
CAT-EQ-1007,2026-08-20T08:47:16Z,17.385233,78.486116,622.8,107.9,66.7,0.0
CAT-EQ-1007,2026-08-20T09:47:16Z,17.386231,78.485984,622.8,108.1,65.0,0.0
CAT-EQ-1007,2026-08-20T10:47:16Z,17.385676,78.485696,622.8,108.3,63.4,0.0
CAT-EQ-1007,2026-08-20T11:47:16Z,17.384891,78.484902,622.8,108.5,62.1,0.0
CAT-EQ-1007,2026-08-20T12:47:16Z,17.384246,78.488271,622.8,108.7,61.6,0.0
CAT-EQ-1007,2026-08-20T13:47:16Z,17.385417,78.487854,622.8,108.9,59.8,0.0
CAT-EQ-1007,2026-08-20T14:47:16Z,17.383836,78.48623,622.8,109.1,59.2,0.0
CAT-EQ-1007,2026-08-20T15:47:16Z,17.385055,78.488361,622.8,109.3,58.7,0.0
CAT-EQ-1007,2026-08-20T16:47:16Z,17.385773,78.484784,622.8,109.5,57.1,0.0
CAT-EQ-1007,2026-08-20T17:47:16Z,17.385432,78.486052,622.8,109.7,56.1,0.0
CAT-EQ-1007,2026-08-20T18:47:16Z,17.383827,78.485515,622.8,109.9,54.3,0.0
CAT-EQ-1007,2026-08-20T19:47:16Z,17.383759,78.488642,622.8,110.1,53.8,0.0
CAT-EQ-1007,2026-08-20T20:47:16Z,17.386074,78.486428,623.6,110.1,53.2,26.3
CAT-EQ-1007,2026-08-20T21:47:16Z,17.385386,78.484864,624.4,110.1,51.0,23.0
CAT-EQ-1007,2026-08-20T22:47:16Z,17.386289,78.487217,625.2,110.1,49.1,7.9
CAT-EQ-1007,2026-08-20T23:47:16Z,17.383581,78.486259,626.0,110.1,47.1,26.6
CAT-EQ-1007,2026-08-21T00:47:16Z,17.383652,78.486297,626.8,110.1,46.6,13.4
CAT-EQ-1007,2026-08-21T01:47:16Z,17.384819,78.487435,627.6,110.1,45.6,8.0
CAT-EQ-1007,2026-08-21T02:47:16Z,17.383028,78.48661,628.4,110.1,44.3,8.7
CAT-EQ-1007,2026-08-21T03:47:16Z,17.383227,78.486827,629.2,110.1,42.1,22.8
CAT-EQ-1007,2026-08-21T04:47:16Z,17.386003,78.485857,630.0,110.1,41.5,24.3
CAT-EQ-1007,2026-08-21T05:47:16Z,17.384685,78.487871,630.8,110.1,40.0,25.6
CAT-EQ-1007,2026-08-21T06:47:16Z,17.385812,78.487005,631.6,110.1,39.1,29.9
CAT-EQ-1007,2026-08-21T07:47:16Z,17.385959,78.485905,632.4,110.1,37.9,14.1
CAT-EQ-1007,2026-08-21T08:47:16Z,17.383864,78.486253,632.4,110.3,36.7,0.0
CAT-EQ-1007,2026-08-21T09:47:16Z,17.383166,78.486283,632.4,110.5,35.5,0.0
CAT-EQ-1007,2026-08-21T10:47:16Z,17.386548,78.485051,632.4,110.7,33.8,0.0
CAT-EQ-1007,2026-08-21T11:47:16Z,17.38518,78.485183,632.4,110.9,95.0,0.0
CAT-EQ-1007,2026-08-21T12:47:16Z,17.383235,78.487663,632.4,111.1,92.8,0.0
CAT-EQ-1007,2026-08-21T13:47:16Z,17.384356,78.487454,632.4,111.3,91.3,0.0
CAT-EQ-1007,2026-08-21T14:47:16Z,17.38539,78.485625,632.4,111.5,90.0,0.0
CAT-EQ-1007,2026-08-21T15:47:16Z,17.383198,78.487566,632.4,111.7,88.8,0.0
CAT-EQ-1007,2026-08-21T16:47:16Z,17.386259,78.486672,632.4,111.9,87.7,0.0
CAT-EQ-1007,2026-08-21T17:47:16Z,17.385362,78.485248,632.4,112.1,85.6,0.0
CAT-EQ-1007,2026-08-21T18:47:16Z,17.384141,78.486018,632.4,112.3,84.6,0.0
CAT-EQ-1007,2026-08-21T19:47:16Z,17.385873,78.487081,632.4,112.5,83.1,0.0
CAT-EQ-1007,2026-08-21T20:47:16Z,17.386048,78.486293,633.2,112.5,81.2,13.8
CAT-EQ-1007,2026-08-21T21:47:16Z,17.384973,78.48668,634.0,112.5,80.4,26.7
CAT-EQ-1007,2026-08-21T22:47:16Z,17.386243,78.488061,634.8,112.5,79.2,94.5
CAT-EQ-1007,2026-08-21T23:47:16Z,17.383617,78.486386,635.6,112.5,77.3,15.6
CAT-EQ-1007,2026-08-22T00:47:16Z,17.385016,78.484809,636.4,112.5,76.7,5.4
CAT-EQ-1007,2026-08-22T01:47:16Z,17.385539,78.485061,637.2,112.5,75.0,94.5
CAT-EQ-1007,2026-08-22T02:47:16Z,17.383247,78.485216,638.0,112.5,73.8,7.3
CAT-EQ-1007,2026-08-22T03:47:16Z,17.384061,78.487539,638.8,112.5,72.5,6.9
CAT-EQ-1007,2026-08-22T04:47:16Z,17.385778,78.48865,639.6,112.5,70.6,23.3
CAT-EQ-1007,2026-08-22T05:47:16Z,17.38332,78.487272,640.4,112.5,68.5,6.4
CAT-EQ-1007,2026-08-22T06:47:16Z,17.38639,78.486318,641.2,112.5,66.5,19.4
CAT-EQ-1007,2026-08-22T07:47:16Z,17.384289,78.487129,642.0,112.5,65.6,13.3
CAT-EQ-1007,2026-08-22T08:47:16Z,17.383028,78.487447,642.0,112.7,64.2,0.0
CAT-EQ-1007,2026-08-22T09:47:16Z,17.384913,78.486596,642.0,112.9,62.4,0.0
CAT-EQ-1007,2026-08-22T10:47:16Z,17.38557,78.486955,642.0,113.1,61.9,0.0
CAT-EQ-1007,2026-08-22T11:47:16Z,17.383759,78.48797,642.0,113.3,61.0,0.0
CAT-EQ-1007,2026-08-22T12:47:16Z,17.383533,78.486962,642.0,113.5,59.2,0.0
CAT-EQ-1007,2026-08-22T13:47:16Z,17.386686,78.485989,642.0,113.7,57.2,0.0
CAT-EQ-1007,2026-08-22T14:47:16Z,17.384841,78.487169,642.0,113.9,55.2,0.0
CAT-EQ-1007,2026-08-22T15:47:16Z,17.383947,78.488432,642.0,114.1,53.9,0.0
CAT-EQ-1007,2026-08-22T16:47:16Z,17.383187,78.485653,642.0,114.3,52.3,0.0
CAT-EQ-1007,2026-08-22T17:47:16Z,17.383261,78.487167,642.0,114.5,50.1,0.0
CAT-EQ-1007,2026-08-22T18:47:16Z,17.38385,78.485888,642.0,114.7,49.1,0.0
CAT-EQ-1007,2026-08-22T19:47:16Z,17.383036,78.487391,642.0,114.9,47.1,0.0
CAT-EQ-1007,2026-08-22T20:47:16Z,17.383507,78.486256,642.8,114.9,45.4,13.0
CAT-EQ-1007,2026-08-22T21:47:16Z,17.383807,78.488538,643.6,114.9,43.8,16.1
CAT-EQ-1007,2026-08-22T22:47:16Z,17.383854,78.485319,644.4,114.9,41.7,5.1
CAT-EQ-1007,2026-08-22T23:47:16Z,17.384971,78.48657,645.2,114.9,39.6,15.8
CAT-EQ-1007,2026-08-23T00:47:16Z,17.383135,78.486294,646.0,114.9,37.9,28.5
CAT-EQ-1007,2026-08-23T01:47:16Z,17.385234,78.484909,646.8,114.9,37.4,23.3
CAT-EQ-1007,2026-08-23T02:47:16Z,17.384217,78.487221,647.6,114.9,36.0,5.9
CAT-EQ-1007,2026-08-23T03:47:16Z,17.383215,78.488291,648.4,114.9,35.0,25.6
CAT-EQ-1007,2026-08-23T04:47:16Z,17.385025,78.486412,649.2,114.9,33.3,21.9
CAT-EQ-1007,2026-08-23T05:47:16Z,17.38364,78.488071,650.0,114.9,32.0,14.3
CAT-EQ-1007,2026-08-23T06:47:16Z,17.386388,78.487938,650.8,114.9,30.9,15.1
CAT-EQ-1007,2026-08-23T07:47:16Z,17.385295,78.485769,651.6,114.9,30.3,28.9
CAT-EQ-1007,2026-08-23T08:47:16Z,17.38387,78.487048,651.6,115.1,28.9,0.0
CAT-EQ-1007,2026-08-23T09:47:16Z,17.385832,78.488068,651.6,115.3,27.0,0.0
CAT-EQ-1007,2026-08-23T10:47:16Z,17.384709,78.487057,651.6,115.5,25.3,0.0
CAT-EQ-1007,2026-08-23T11:47:16Z,17.385389,78.487902,651.6,115.7,23.3,0.0
CAT-EQ-1007,2026-08-23T12:47:16Z,17.383866,78.485227,651.6,115.9,22.1,0.0
CAT-EQ-1007,2026-08-23T13:47:16Z,17.383403,78.487574,651.6,116.1,21.4,0.0
CAT-EQ-1007,2026-08-23T14:47:16Z,17.385642,78.488341,651.6,116.3,95.0,0.0
CAT-EQ-1007,2026-08-23T15:47:16Z,17.383065,78.487499,651.6,116.5,94.1,0.0
CAT-EQ-1007,2026-08-23T16:47:16Z,17.386503,78.48525,651.6,116.7,91.9,0.0
CAT-EQ-1007,2026-08-23T17:47:16Z,17.386756,78.485901,651.6,116.9,89.9,0.0
CAT-EQ-1007,2026-08-23T18:47:16Z,17.384844,78.486716,651.6,117.1,88.7,0.0
CAT-EQ-1007,2026-08-23T19:47:16Z,17.386636,78.485215,651.6,117.3,87.3,0.0
CAT-EQ-1007,2026-08-23T20:47:16Z,17.38689,78.48586,652.4,117.3,85.7,21.1
CAT-EQ-1007,2026-08-23T21:47:16Z,17.385893,78.487002,653.2,117.3,84.8,6.2
CAT-EQ-1007,2026-08-23T22:47:16Z,17.386479,78.485784,654.0,117.3,83.4,12.6
CAT-EQ-1007,2026-08-23T23:47:16Z,17.385269,78.487887,654.8,117.3,81.9,22.0
CAT-EQ-1007,2026-08-24T00:47:16Z,17.385484,78.488373,655.6,117.3,57.9,22.0
CAT-EQ-1007,2026-08-24T01:47:16Z,17.38652,78.486369,656.4,117.3,57.3,14.9
CAT-EQ-1007,2026-08-24T02:47:16Z,17.38593,78.487438,657.2,117.3,55.2,8.3
CAT-EQ-1007,2026-08-24T03:47:16Z,17.38429,78.487706,658.0,117.3,53.1,11.9
CAT-EQ-1007,2026-08-24T04:47:16Z,17.384724,78.484723,658.8,117.3,52.2,17.3
CAT-EQ-1007,2026-08-24T05:47:16Z,17.385124,78.485231,659.6,117.3,51.0,18.1
CAT-EQ-1007,2026-08-24T06:47:16Z,17.383616,78.488267,660.4,117.3,49.9,13.9
CAT-EQ-1007,2026-08-24T07:47:16Z,17.384184,78.485275,661.2,117.3,48.6,11.5
CAT-EQ-1007,2026-08-24T08:47:16Z,17.386992,78.484768,661.2,117.5,46.6,0.0
CAT-EQ-1007,2026-08-24T09:47:16Z,17.385921,78.486511,661.2,117.7,44.6,0.0
CAT-EQ-1007,2026-08-24T10:47:16Z,17.38624,78.485771,661.2,117.9,43.1,0.0
CAT-EQ-1007,2026-08-24T11:47:16Z,17.386189,78.486031,661.2,118.1,42.3,0.0
CAT-EQ-1007,2026-08-24T12:47:16Z,17.385435,78.488191,661.2,118.3,41.7,0.0
CAT-EQ-1007,2026-08-24T13:47:16Z,17.386081,78.487252,661.2,118.5,41.2,0.0
CAT-EQ-1007,2026-08-24T14:47:16Z,17.386285,78.487003,661.2,118.7,39.3,0.0
CAT-EQ-1007,2026-08-24T15:47:16Z,17.384075,78.485539,661.2,118.9,38.5,0.0
CAT-EQ-1007,2026-08-24T16:47:16Z,17.384271,78.484869,661.2,119.1,95.0,0.0
CAT-EQ-1007,2026-08-24T17:47:16Z,17.384197,78.486738,661.2,119.3,93.3,0.0
CAT-EQ-1007,2026-08-24T18:47:16Z,17.383891,78.485705,661.2,119.5,91.7,0.0
CAT-EQ-1007,2026-08-24T19:47:16Z,17.383181,78.487331,661.2,119.7,89.9,0.0
CAT-EQ-1007,2026-08-24T20:47:16Z,17.386235,78.484877,662.0,119.7,88.3,9.2
CAT-EQ-1007,2026-08-24T21:47:16Z,17.384328,78.485821,662.8,119.7,86.5,7.3
CAT-EQ-1007,2026-08-24T22:47:16Z,17.383385,78.487676,663.6,119.7,86.0,5.4
CAT-EQ-1007,2026-08-24T23:47:16Z,17.386823,78.485155,664.4,119.7,84.4,16.8
CAT-EQ-1007,2026-08-25T00:47:16Z,17.385091,78.485336,665.2,119.7,82.4,17.8
CAT-EQ-1007,2026-08-25T01:47:16Z,17.385566,78.488195,666.0,119.7,81.3,18.0
CAT-EQ-1007,2026-08-25T02:47:16Z,17.385587,78.485579,666.8,119.7,80.6,25.1
CAT-EQ-1007,2026-08-25T03:47:16Z,17.385866,78.487727,667.6,119.7,79.1,15.7
CAT-EQ-1007,2026-08-25T04:47:16Z,17.386397,78.486474,668.4,119.7,78.3,15.5
CAT-EQ-1007,2026-08-25T05:47:16Z,17.385569,78.487426,669.2,119.7,76.7,14.6
CAT-EQ-1007,2026-08-25T06:47:16Z,17.384875,78.486703,670.0,119.7,74.9,29.5
CAT-EQ-1007,2026-08-25T07:47:16Z,17.38425,78.487191,670.8,119.7,73.8,8.7
CAT-EQ-1007,2026-08-25T08:47:16Z,17.383534,78.4876,670.8,119.9,73.0,0.0
CAT-EQ-1007,2026-08-25T09:47:16Z,17.385317,78.488623,670.8,120.1,71.7,0.0
CAT-EQ-1007,2026-08-25T10:47:16Z,17.383144,78.48795,670.8,120.3,70.2,0.0
CAT-EQ-1007,2026-08-25T11:47:16Z,17.385858,78.487211,670.8,120.5,68.2,0.0
CAT-EQ-1007,2026-08-25T12:47:16Z,17.386938,78.487024,670.8,120.7,66.3,0.0
CAT-EQ-1007,2026-08-25T13:47:16Z,17.384256,78.48551,670.8,120.9,65.1,0.0
CAT-EQ-1007,2026-08-25T14:47:16Z,17.385497,78.484859,670.8,121.1,63.7,0.0
CAT-EQ-1007,2026-08-25T15:47:16Z,17.383259,78.486676,670.8,121.3,62.6,0.0
CAT-EQ-1007,2026-08-25T16:47:16Z,17.386048,78.487209,670.8,121.5,60.4,0.0
CAT-EQ-1007,2026-08-25T17:47:16Z,17.385047,78.486344,670.8,121.7,59.5,0.0
CAT-EQ-1007,2026-08-25T18:47:16Z,17.384594,78.485304,670.8,121.9,57.8,0.0
CAT-EQ-1007,2026-08-25T19:47:16Z,17.386145,78.487111,670.8,122.1,55.7,0.0
CAT-EQ-1007,2026-08-25T20:47:16Z,17.383619,78.486968,671.6,122.1,54.3,13.3
CAT-EQ-1007,2026-08-25T21:47:16Z,17.385043,78.485235,672.4,122.1,52.5,18.1
CAT-EQ-1007,2026-08-25T22:47:16Z,17.386042,78.488563,673.2,122.1,51.3,21.2
CAT-EQ-1007,2026-08-25T23:47:16Z,17.383587,78.486919,674.0,122.1,50.0,8.0
CAT-EQ-1007,2026-08-26T00:47:16Z,17.385651,78.488098,674.8,122.1,48.3,20.2
CAT-EQ-1007,2026-08-26T01:47:16Z,17.383177,78.486663,675.6,122.1,46.6,20.2
CAT-EQ-1007,2026-08-26T02:47:16Z,17.386986,78.485464,676.4,122.1,44.6,20.4
CAT-EQ-1007,2026-08-26T03:47:16Z,17.386064,78.488059,677.2,122.1,42.9,16.2
CAT-EQ-1007,2026-08-26T04:47:16Z,17.385725,78.487771,678.0,122.1,41.3,27.0
CAT-EQ-1007,2026-08-26T05:47:16Z,17.385471,78.487402,678.8,122.1,39.9,27.6
CAT-EQ-1007,2026-08-26T06:47:16Z,17.384471,78.486736,679.6,122.1,39.3,17.9
CAT-EQ-1007,2026-08-26T07:47:16Z,17.383206,78.488379,680.4,122.1,38.0,29.3
CAT-EQ-1007,2026-08-26T08:47:16Z,17.384291,78.484897,680.4,122.3,36.4,0.0
CAT-EQ-1007,2026-08-26T09:47:16Z,17.384574,78.488438,680.4,122.5,34.8,0.0
CAT-EQ-1007,2026-08-26T10:47:16Z,17.386513,78.486501,680.4,122.7,33.3,0.0
CAT-EQ-1007,2026-08-26T11:47:16Z,17.386894,78.487917,680.4,122.9,32.4,0.0
CAT-EQ-1007,2026-08-26T12:47:16Z,17.386905,78.486998,680.4,123.1,31.4,0.0
CAT-EQ-1007,2026-08-26T13:47:16Z,17.384693,78.488125,680.4,123.3,29.5,0.0
CAT-EQ-1007,2026-08-26T14:47:16Z,17.383539,78.485977,680.4,123.5,28.6,0.0
CAT-EQ-1007,2026-08-26T15:47:16Z,17.38442,78.48848,680.4,123.7,26.7,0.0
CAT-EQ-1007,2026-08-26T16:47:16Z,17.385677,78.48735,680.4,123.9,24.6,0.0
CAT-EQ-1007,2026-08-26T17:47:16Z,17.383834,78.484851,680.4,124.1,22.8,0.0
CAT-EQ-1007,2026-08-26T18:47:16Z,17.385648,78.48727,680.4,124.3,20.7,0.0
CAT-EQ-1007,2026-08-26T19:47:16Z,17.386418,78.487646,680.4,124.5,20.1,0.0
CAT-EQ-1007,2026-08-26T20:47:16Z,17.386188,78.484796,681.2,124.5,95.0,13.7
CAT-EQ-1007,2026-08-26T21:47:16Z,17.384018,78.485407,682.0,124.5,93.7,10.2
CAT-EQ-1007,2026-08-26T22:47:16Z,17.386686,78.486648,682.8,124.5,92.1,23.6
CAT-EQ-1007,2026-08-26T23:47:16Z,17.384347,78.488493,683.6,124.5,90.8,28.1
CAT-EQ-1007,2026-08-27T00:47:16Z,17.385582,78.488471,684.4,124.5,89.4,6.9
CAT-EQ-1007,2026-08-27T01:47:16Z,17.384918,78.487496,685.2,124.5,88.4,7.5
CAT-EQ-1007,2026-08-27T02:47:16Z,17.384799,78.484803,686.0,124.5,87.1,19.8
CAT-EQ-1007,2026-08-27T03:47:16Z,17.385658,78.488688,686.8,124.5,85.9,19.8
CAT-EQ-1007,2026-08-27T04:47:16Z,17.385538,78.488577,687.6,124.5,83.8,24.3
CAT-EQ-1007,2026-08-27T05:47:16Z,17.383466,78.488263,688.4,124.5,81.9,19.4
CAT-EQ-1007,2026-08-27T06:47:16Z,17.384655,78.48851,689.2,124.5,79.7,16.3
CAT-EQ-1007,2026-08-27T07:47:16Z,17.386245,78.488387,690.0,124.5,78.7,29.9
CAT-EQ-1007,2026-08-27T08:47:16Z,17.386915,78.485775,690.0,124.7,77.1,0.0
CAT-EQ-1007,2026-08-27T09:47:16Z,17.384751,78.486394,690.0,124.9,76.2,0.0
CAT-EQ-1007,2026-08-27T10:47:16Z,17.383375,78.488157,690.0,125.1,74.5,0.0
CAT-EQ-1007,2026-08-27T11:47:16Z,17.384614,78.485797,690.0,125.3,73.5,0.0
CAT-EQ-1007,2026-08-27T12:47:16Z,17.383251,78.485916,690.0,125.5,71.5,0.0
CAT-EQ-1007,2026-08-27T13:47:16Z,17.386236,78.487954,690.0,125.7,70.8,0.0
CAT-EQ-1007,2026-08-27T14:47:16Z,17.383873,78.48697,690.0,125.9,70.1,0.0
CAT-EQ-1007,2026-08-27T15:47:16Z,17.385449,78.486039,690.0,126.1,68.9,0.0
CAT-EQ-1007,2026-08-27T16:47:16Z,17.384503,78.488223,690.0,126.3,67.3,0.0
CAT-EQ-1007,2026-08-27T17:47:16Z,17.386433,78.487871,690.0,126.5,66.4,0.0
CAT-EQ-1007,2026-08-27T18:47:16Z,17.384338,78.484954,690.0,126.7,64.6,0.0
CAT-EQ-1007,2026-08-27T19:47:16Z,17.386118,78.488401,690.0,126.9,62.5,0.0
CAT-EQ-1007,2026-08-27T20:47:16Z,17.383915,78.484703,690.8,126.9,60.4,18.7
CAT-EQ-1007,2026-08-27T21:47:16Z,17.384512,78.487656,691.6,126.9,59.3,11.0
CAT-EQ-1007,2026-08-27T22:47:16Z,17.383371,78.485743,692.4,126.9,58.6,22.2
CAT-EQ-1007,2026-08-27T23:47:16Z,17.383254,78.488199,693.2,126.9,57.5,16.4
CAT-EQ-1007,2026-08-28T00:47:16Z,17.384742,78.485079,694.0,126.9,56.2,5.3
CAT-EQ-1007,2026-08-28T01:47:16Z,17.385892,78.486844,694.8,126.9,55.6,22.5
CAT-EQ-1007,2026-08-28T02:47:16Z,17.38326,78.485615,695.6,126.9,54.9,7.1
CAT-EQ-1007,2026-08-28T03:47:16Z,17.386194,78.48501,696.4,126.9,54.4,15.3
CAT-EQ-1007,2026-08-28T04:47:16Z,17.384205,78.486023,697.2,126.9,53.4,6.1
CAT-EQ-1007,2026-08-28T05:47:16Z,17.386455,78.487988,698.0,126.9,52.9,6.3
CAT-EQ-1007,2026-08-28T06:47:16Z,17.383717,78.487672,698.8,126.9,50.8,11.1
CAT-EQ-1007,2026-08-28T07:47:16Z,17.384727,78.486041,699.6,126.9,48.6,5.8
CAT-EQ-1007,2026-08-28T08:47:16Z,17.384306,78.488024,699.6,127.1,48.1,0.0
CAT-EQ-1007,2026-08-28T09:47:16Z,17.383109,78.486335,699.6,127.3,46.3,0.0
CAT-EQ-1007,2026-08-28T10:47:16Z,17.385266,78.484776,699.6,127.5,44.5,0.0
CAT-EQ-1007,2026-08-28T11:47:16Z,17.385961,78.485263,699.6,127.7,43.7,0.0
CAT-EQ-1007,2026-08-28T12:47:16Z,17.383928,78.488609,699.6,127.9,41.5,0.0
CAT-EQ-1007,2026-08-28T13:47:16Z,17.38562,78.485082,699.6,128.1,40.3,0.0
CAT-EQ-1007,2026-08-28T14:47:16Z,17.386033,78.485724,699.6,128.3,39.7,0.0
CAT-EQ-1007,2026-08-28T15:47:16Z,17.383697,78.485426,699.6,128.5,38.8,0.0
CAT-EQ-1007,2026-08-28T16:47:16Z,17.385932,78.485717,699.6,128.7,38.0,0.0
CAT-EQ-1007,2026-08-28T17:47:16Z,17.384217,78.486702,699.6,128.9,37.3,0.0
CAT-EQ-1007,2026-08-28T18:47:16Z,17.38302,78.485755,699.6,129.1,36.1,0.0
CAT-EQ-1007,2026-08-28T19:47:16Z,17.385919,78.487033,699.6,129.3,34.3,0.0
CAT-EQ-1007,2026-08-28T20:47:16Z,17.386468,78.48567,700.4,129.3,32.8,15.9
CAT-EQ-1007,2026-08-28T21:47:16Z,17.383928,78.486319,701.2,129.3,31.5,18.8
CAT-EQ-1007,2026-08-28T22:47:16Z,17.384484,78.48603,702.0,129.3,29.3,13.4
CAT-EQ-1007,2026-08-28T23:47:16Z,17.38615,78.488189,702.8,129.3,28.6,11.7
CAT-EQ-1007,2026-08-29T00:47:16Z,17.386131,78.486178,703.6,129.3,27.6,20.5
CAT-EQ-1007,2026-08-29T01:47:16Z,17.38611,78.488496,704.4,129.3,25.6,26.2
CAT-EQ-1007,2026-08-29T02:47:16Z,17.385245,78.487495,705.2,129.3,24.6,14.8
CAT-EQ-1007,2026-08-29T03:47:16Z,17.386553,78.487692,706.0,129.3,23.1,15.2
CAT-EQ-1007,2026-08-29T04:47:16Z,17.386695,78.485303,706.8,129.3,21.9,10.1
CAT-EQ-1007,2026-08-29T05:47:16Z,17.386736,78.488504,707.6,129.3,20.3,16.9
CAT-EQ-1007,2026-08-29T06:47:16Z,17.384146,78.486894,708.4,129.3,95.0,18.7
CAT-EQ-1007,2026-08-29T07:47:16Z,17.384573,78.486854,709.2,129.3,93.2,15.7
CAT-EQ-1007,2026-08-29T08:47:16Z,17.386008,78.487736,709.2,129.5,91.6,0.0
CAT-EQ-1007,2026-08-29T09:47:16Z,17.385695,78.4867,709.2,129.7,89.7,0.0
CAT-EQ-1007,2026-08-29T10:47:16Z,17.384848,78.484817,709.2,129.9,88.8,0.0
CAT-EQ-1007,2026-08-29T11:47:16Z,17.384886,78.485364,709.2,130.1,87.7,0.0
CAT-EQ-1007,2026-08-29T12:47:16Z,17.384694,78.486628,709.2,130.3,86.3,0.0
CAT-EQ-1007,2026-08-29T13:47:16Z,17.385928,78.486995,709.2,130.5,85.5,0.0
CAT-EQ-1007,2026-08-29T14:47:16Z,17.383786,78.487773,709.2,130.7,84.3,0.0
CAT-EQ-1007,2026-08-29T15:47:16Z,17.386353,78.487695,709.2,130.9,82.8,0.0
CAT-EQ-1007,2026-08-29T16:47:16Z,17.384378,78.486322,709.2,131.1,81.1,0.0
CAT-EQ-1007,2026-08-29T17:47:16Z,17.386723,78.488142,709.2,131.3,80.3,0.0
CAT-EQ-1007,2026-08-29T18:47:16Z,17.384582,78.486991,709.2,131.5,56.3,0.0
CAT-EQ-1007,2026-08-29T19:47:16Z,17.385568,78.48751,709.2,131.7,55.6,0.0
CAT-EQ-1007,2026-08-29T20:47:16Z,17.385689,78.486347,710.0,131.7,54.4,12.3
CAT-EQ-1007,2026-08-29T21:47:16Z,17.386824,78.48513,710.8,131.7,53.8,10.6
CAT-EQ-1007,2026-08-29T22:47:16Z,17.385271,78.485788,711.6,131.7,52.1,24.3
CAT-EQ-1007,2026-08-29T23:47:16Z,17.384088,78.486605,712.4,131.7,51.1,24.0
CAT-EQ-1007,2026-08-30T00:47:16Z,17.385134,78.485102,713.2,131.7,49.5,25.8
CAT-EQ-1007,2026-08-30T01:47:16Z,17.38682,78.48816,714.0,131.7,47.7,19.1
CAT-EQ-1007,2026-08-30T02:47:16Z,17.383415,78.484742,714.8,131.7,46.3,10.4
CAT-EQ-1007,2026-08-30T03:47:16Z,17.38319,78.485946,715.6,131.7,44.5,21.4
CAT-EQ-1007,2026-08-30T04:47:16Z,17.386527,78.488113,716.4,131.7,43.0,9.0
CAT-EQ-1007,2026-08-30T05:47:16Z,17.386505,78.487109,717.2,131.7,40.9,15.1
CAT-EQ-1007,2026-08-30T06:47:16Z,17.386581,78.488438,718.0,131.7,40.0,8.6
CAT-EQ-1007,2026-08-30T07:47:16Z,17.383299,78.484946,718.8,131.7,38.9,11.5
CAT-EQ-1007,2026-08-30T08:47:16Z,17.386713,78.485099,718.8,131.9,37.0,0.0
CAT-EQ-1007,2026-08-30T09:47:16Z,17.383396,78.487508,718.8,132.1,35.2,0.0
CAT-EQ-1007,2026-08-30T10:47:16Z,17.385822,78.487032,718.8,132.3,34.4,0.0
CAT-EQ-1007,2026-08-30T11:47:16Z,17.386625,78.487376,718.8,132.5,33.7,0.0
CAT-EQ-1007,2026-08-30T12:47:16Z,17.383353,78.485068,718.8,132.7,31.8,0.0
CAT-EQ-1007,2026-08-30T13:47:16Z,17.383547,78.486638,718.8,132.9,30.8,0.0
CAT-EQ-1007,2026-08-30T14:47:16Z,17.384906,78.48674,718.8,133.1,28.7,0.0
CAT-EQ-1007,2026-08-30T15:47:16Z,17.383955,78.487854,718.8,133.3,27.1,0.0
CAT-EQ-1007,2026-08-30T16:47:16Z,17.383445,78.488643,718.8,133.5,25.6,0.0
CAT-EQ-1007,2026-08-30T17:47:16Z,17.383607,78.486093,718.8,133.7,24.7,0.0
CAT-EQ-1007,2026-08-30T18:47:16Z,17.383871,78.484906,718.8,133.9,22.6,0.0
CAT-EQ-1007,2026-08-30T19:47:16Z,17.384626,78.485713,718.8,134.1,21.4,0.0
CAT-EQ-1007,2026-08-30T20:47:16Z,17.384248,78.485,719.6,134.1,20.1,9.2
CAT-EQ-1007,2026-08-30T21:47:16Z,17.384866,78.486871,720.4,134.1,95.0,14.1
CAT-EQ-1007,2026-08-30T22:47:16Z,17.385418,78.486727,721.2,134.1,93.8,11.9
CAT-EQ-1007,2026-08-30T23:47:16Z,17.386962,78.487503,722.0,134.1,93.1,19.9
CAT-EQ-1007,2026-08-31T00:47:16Z,17.384456,78.486719,722.8,134.1,92.2,16.3
CAT-EQ-1007,2026-08-31T01:47:16Z,17.383624,78.486317,723.6,134.1,91.6,26.3
CAT-EQ-1007,2026-08-31T02:47:16Z,17.384906,78.487353,724.4,134.1,89.6,14.0
CAT-EQ-1007,2026-08-31T03:47:16Z,17.38302,78.487974,725.2,134.1,87.7,26.5
CAT-EQ-1007,2026-08-31T04:47:16Z,17.385802,78.48648,726.0,134.1,87.1,28.9
CAT-EQ-1007,2026-08-31T05:47:16Z,17.384637,78.487098,726.8,134.1,85.2,94.5
CAT-EQ-1007,2026-08-31T06:47:16Z,17.383563,78.486587,727.6,134.1,84.5,29.7
CAT-EQ-1007,2026-08-31T07:47:16Z,17.383645,78.485617,728.4,134.1,82.7,17.5
CAT-EQ-1007,2026-08-31T08:47:16Z,17.385144,78.486584,728.4,134.3,81.7,0.0
CAT-EQ-1007,2026-08-31T09:47:16Z,17.385382,78.484828,728.4,134.5,80.1,0.0
CAT-EQ-1007,2026-08-31T10:47:16Z,17.385421,78.485163,728.4,134.7,79.2,0.0
CAT-EQ-1007,2026-08-31T11:47:16Z,17.384388,78.484819,728.4,134.9,77.1,0.0
CAT-EQ-1007,2026-08-31T12:47:16Z,17.386775,78.488411,728.4,135.1,75.0,0.0
CAT-EQ-1007,2026-08-31T13:47:16Z,17.383031,78.488418,728.4,135.3,72.9,0.0
CAT-EQ-1007,2026-08-31T14:47:16Z,17.384958,78.488622,728.4,135.5,71.8,0.0
CAT-EQ-1007,2026-08-31T15:47:16Z,17.385162,78.488106,728.4,135.7,71.1,0.0
CAT-EQ-1007,2026-08-31T16:47:16Z,17.385849,78.486018,728.4,135.9,69.0,0.0
CAT-EQ-1007,2026-08-31T17:47:16Z,17.386048,78.487744,728.4,136.1,68.3,0.0
CAT-EQ-1007,2026-08-31T18:47:16Z,17.386199,78.485851,728.4,136.3,66.8,0.0
CAT-EQ-1007,2026-08-31T19:47:16Z,17.38504,78.486922,728.4,136.5,66.2,0.0
CAT-EQ-1007,2026-08-31T20:47:16Z,17.385237,78.487541,729.2,136.5,64.0,5.6
CAT-EQ-1007,2026-08-31T21:47:16Z,17.383584,78.485588,730.0,136.5,63.3,29.9
CAT-EQ-1007,2026-08-31T22:47:16Z,17.383958,78.487582,730.8,136.5,61.3,23.1
CAT-EQ-1007,2026-08-31T23:47:16Z,17.38666,78.487837,731.6,136.5,59.1,5.3
CAT-EQ-1007,2026-09-01T00:47:16Z,17.385304,78.487646,732.4,136.5,58.2,12.7
CAT-EQ-1007,2026-09-01T01:47:16Z,17.384437,78.485313,733.2,136.5,56.5,20.1
CAT-EQ-1007,2026-09-01T02:47:16Z,17.384326,78.486539,734.0,136.5,55.9,94.5
CAT-EQ-1007,2026-09-01T03:47:16Z,17.384273,78.486477,734.8,136.5,55.3,23.9
CAT-EQ-1007,2026-09-01T04:47:16Z,17.385207,78.48526,735.6,136.5,53.8,10.6
CAT-EQ-1007,2026-09-01T05:47:16Z,17.385455,78.487261,736.4,136.5,52.6,5.5
CAT-EQ-1007,2026-09-01T06:47:16Z,17.386638,78.485992,737.2,136.5,51.3,12.4
CAT-EQ-1007,2026-09-01T07:47:16Z,17.386604,78.485396,738.0,136.5,49.5,5.2
CAT-EQ-1007,2026-09-01T08:47:16Z,17.385838,78.485931,738.0,136.7,48.9,0.0
CAT-EQ-1007,2026-09-01T09:47:16Z,17.383432,78.486838,738.0,136.9,47.7,0.0
CAT-EQ-1007,2026-09-01T10:47:16Z,17.384537,78.488036,738.0,137.1,45.6,0.0
CAT-EQ-1007,2026-09-01T11:47:16Z,17.384809,78.485657,738.0,137.3,44.8,0.0
CAT-EQ-1007,2026-09-01T12:47:16Z,17.385703,78.485864,738.0,137.5,43.0,0.0
CAT-EQ-1007,2026-09-01T13:47:16Z,17.386686,78.485257,738.0,137.7,41.4,0.0
CAT-EQ-1007,2026-09-01T14:47:16Z,17.38542,78.486269,738.0,137.9,39.5,0.0
CAT-EQ-1007,2026-09-01T15:47:16Z,17.383397,78.485882,738.0,138.1,38.2,0.0
CAT-EQ-1007,2026-09-01T16:47:16Z,17.384629,78.486866,738.0,138.3,37.2,0.0
CAT-EQ-1007,2026-09-01T17:47:16Z,17.383704,78.486324,738.0,138.5,36.3,0.0
CAT-EQ-1007,2026-09-01T18:47:16Z,17.383885,78.485205,738.0,138.7,35.8,0.0
CAT-EQ-1007,2026-09-01T19:47:16Z,17.385345,78.4867,738.0,138.9,33.9,0.0
CAT-EQ-1007,2026-09-01T20:47:16Z,17.383605,78.486372,738.8,138.9,95.0,24.5
CAT-EQ-1007,2026-09-01T21:47:16Z,17.385476,78.486658,739.6,138.9,94.1,6.2
CAT-EQ-1007,2026-09-01T22:47:16Z,17.385327,78.486066,740.4,138.9,93.3,94.5
CAT-EQ-1007,2026-09-01T23:47:16Z,17.384123,78.486669,741.2,138.9,91.6,8.7
CAT-EQ-1007,2026-09-02T00:47:16Z,17.385317,78.487187,742.0,138.9,89.9,14.2
CAT-EQ-1007,2026-09-02T01:47:16Z,17.38691,78.485247,742.8,138.9,88.1,10.7
CAT-EQ-1007,2026-09-02T02:47:16Z,17.385138,78.485002,743.6,138.9,86.1,29.1
CAT-EQ-1007,2026-09-02T03:47:16Z,17.386129,78.485173,744.4,138.9,84.8,12.2
CAT-EQ-1007,2026-09-02T04:47:16Z,17.38668,78.48738,745.2,138.9,82.8,23.9
CAT-EQ-1007,2026-09-02T05:47:16Z,17.383707,78.486584,746.0,138.9,82.2,15.7
CAT-EQ-1007,2026-09-02T06:47:16Z,17.383346,78.487501,746.8,138.9,81.4,15.5
CAT-EQ-1007,2026-09-02T07:47:16Z,17.383239,78.485228,747.6,138.9,79.7,18.7
CAT-EQ-1007,2026-09-02T08:47:16Z,17.386709,78.484796,747.6,139.1,78.2,0.0
CAT-EQ-1007,2026-09-02T09:47:16Z,17.383542,78.485494,747.6,139.3,77.2,0.0
CAT-EQ-1007,2026-09-02T10:47:16Z,17.383552,78.487975,747.6,139.5,76.6,0.0
CAT-EQ-1007,2026-09-02T11:47:16Z,17.386646,78.485035,747.6,139.7,75.3,0.0
CAT-EQ-1007,2026-09-02T12:47:16Z,17.383116,78.487686,747.6,139.9,74.8,0.0
CAT-EQ-1008,2026-08-19T13:47:16Z,18.985594,72.813973,871.3,139.2,93.0,0.0
CAT-EQ-1008,2026-08-19T14:47:16Z,18.987635,72.815009,871.3,139.4,91.9,0.0
CAT-EQ-1008,2026-08-19T15:47:16Z,18.988858,72.815854,871.3,139.6,90.6,0.0
CAT-EQ-1008,2026-08-19T16:47:16Z,18.986651,72.81528,871.3,139.8,88.9,0.0
CAT-EQ-1008,2026-08-19T17:47:16Z,18.985165,72.813393,871.3,140.0,87.5,0.0
CAT-EQ-1008,2026-08-19T18:47:16Z,18.985655,72.814712,871.3,140.2,85.6,0.0
CAT-EQ-1008,2026-08-19T19:47:16Z,18.988486,72.814475,871.3,140.4,83.6,0.0
CAT-EQ-1008,2026-08-19T20:47:16Z,18.988849,72.816638,872.1,140.4,82.6,17.2
CAT-EQ-1008,2026-08-19T21:47:16Z,18.987454,72.81691,872.9,140.4,80.8,25.9
CAT-EQ-1008,2026-08-19T22:47:16Z,18.988257,72.815311,873.7,140.4,80.0,16.0
CAT-EQ-1008,2026-08-19T23:47:16Z,18.985023,72.814653,874.5,140.4,79.3,25.8
CAT-EQ-1008,2026-08-20T00:47:16Z,18.985439,72.816274,875.3,140.4,78.2,19.2
CAT-EQ-1008,2026-08-20T01:47:16Z,18.986969,72.815389,876.1,140.4,77.0,15.5
CAT-EQ-1008,2026-08-20T02:47:16Z,18.98603,72.816509,876.9,140.4,75.2,13.0
CAT-EQ-1008,2026-08-20T03:47:16Z,18.987627,72.816604,877.7,140.4,73.2,6.8
CAT-EQ-1008,2026-08-20T04:47:16Z,18.988428,72.81674,878.5,140.4,71.8,24.7
CAT-EQ-1008,2026-08-20T05:47:16Z,18.987892,72.814855,879.3,140.4,69.6,94.5
CAT-EQ-1008,2026-08-20T06:47:16Z,18.986836,72.813814,880.1,140.4,68.0,14.3
CAT-EQ-1008,2026-08-20T07:47:16Z,18.988787,72.81694,880.9,140.4,66.3,18.2
CAT-EQ-1008,2026-08-20T08:47:16Z,18.985624,72.813224,880.9,140.6,64.6,0.0
CAT-EQ-1008,2026-08-20T09:47:16Z,18.986579,72.814601,880.9,140.8,62.9,0.0
CAT-EQ-1008,2026-08-20T10:47:16Z,18.987684,72.816395,880.9,141.0,61.3,0.0
CAT-EQ-1008,2026-08-20T11:47:16Z,18.985269,72.813553,880.9,141.2,60.8,0.0
CAT-EQ-1008,2026-08-20T12:47:16Z,18.988565,72.81588,880.9,141.4,58.9,0.0
CAT-EQ-1008,2026-08-20T13:47:16Z,18.986013,72.816859,880.9,141.6,57.7,0.0
CAT-EQ-1008,2026-08-20T14:47:16Z,18.986805,72.815305,880.9,141.8,56.5,0.0
CAT-EQ-1008,2026-08-20T15:47:16Z,18.987161,72.814622,880.9,142.0,54.3,0.0
CAT-EQ-1008,2026-08-20T16:47:16Z,18.988407,72.81556,880.9,142.2,53.2,0.0
CAT-EQ-1008,2026-08-20T17:47:16Z,18.987398,72.813096,880.9,142.4,51.2,0.0
CAT-EQ-1008,2026-08-20T18:47:16Z,18.985208,72.816468,880.9,142.6,49.5,0.0
CAT-EQ-1008,2026-08-20T19:47:16Z,18.987256,72.813861,880.9,142.8,48.8,0.0
CAT-EQ-1008,2026-08-20T20:47:16Z,18.985433,72.814327,881.7,142.8,24.8,21.3
CAT-EQ-1008,2026-08-20T21:47:16Z,18.987834,72.81324,882.5,142.8,23.1,16.9
CAT-EQ-1008,2026-08-20T22:47:16Z,18.987913,72.813143,883.3,142.8,21.5,10.4
CAT-EQ-1008,2026-08-20T23:47:16Z,18.986623,72.816574,884.1,142.8,20.9,6.7
CAT-EQ-1008,2026-08-21T00:47:16Z,18.985412,72.81506,884.9,142.8,95.0,22.2
CAT-EQ-1008,2026-08-21T01:47:16Z,18.987498,72.813048,885.7,142.8,94.2,12.8
CAT-EQ-1008,2026-08-21T02:47:16Z,18.988363,72.814803,886.5,142.8,93.5,17.9
CAT-EQ-1008,2026-08-21T03:47:16Z,18.988161,72.815628,887.3,142.8,91.5,7.3
CAT-EQ-1008,2026-08-21T04:47:16Z,18.987807,72.814744,888.1,142.8,90.6,20.2
CAT-EQ-1008,2026-08-21T05:47:16Z,18.98669,72.813341,888.9,142.8,89.2,17.9
CAT-EQ-1008,2026-08-21T06:47:16Z,18.987085,72.815656,889.7,142.8,87.5,25.7
CAT-EQ-1008,2026-08-21T07:47:16Z,18.986331,72.816916,890.5,142.8,85.5,6.6
CAT-EQ-1008,2026-08-21T08:47:16Z,18.987352,72.814688,890.5,143.0,84.1,0.0
CAT-EQ-1008,2026-08-21T09:47:16Z,18.985958,72.81399,890.5,143.2,83.0,0.0
CAT-EQ-1008,2026-08-21T10:47:16Z,18.986552,72.815638,890.5,143.4,82.0,0.0
CAT-EQ-1008,2026-08-21T11:47:16Z,18.985173,72.815725,890.5,143.6,80.9,0.0
CAT-EQ-1008,2026-08-21T12:47:16Z,18.987419,72.813832,890.5,143.8,79.5,0.0
CAT-EQ-1008,2026-08-21T13:47:16Z,18.988155,72.814364,890.5,144.0,55.5,0.0
CAT-EQ-1008,2026-08-21T14:47:16Z,18.98672,72.815241,890.5,144.2,53.7,0.0
CAT-EQ-1008,2026-08-21T15:47:16Z,18.987955,72.813245,890.5,144.4,52.6,0.0
CAT-EQ-1008,2026-08-21T16:47:16Z,18.985426,72.813954,890.5,144.6,51.6,0.0
CAT-EQ-1008,2026-08-21T17:47:16Z,18.987141,72.815257,890.5,144.8,49.5,0.0
CAT-EQ-1008,2026-08-21T18:47:16Z,18.988062,72.813895,890.5,145.0,47.9,0.0
CAT-EQ-1008,2026-08-21T19:47:16Z,18.986877,72.816679,890.5,145.2,46.1,0.0
CAT-EQ-1008,2026-08-21T20:47:16Z,18.985513,72.81593,891.3,145.2,45.4,7.9
CAT-EQ-1008,2026-08-21T21:47:16Z,18.98677,72.813332,892.1,145.2,44.7,28.0
CAT-EQ-1008,2026-08-21T22:47:16Z,18.987701,72.814955,892.9,145.2,43.9,25.7
CAT-EQ-1008,2026-08-21T23:47:16Z,18.987767,72.814788,893.7,145.2,42.0,29.1
CAT-EQ-1008,2026-08-22T00:47:16Z,18.988739,72.815711,894.5,145.2,39.9,23.9
CAT-EQ-1008,2026-08-22T01:47:16Z,18.988088,72.814611,895.3,145.2,38.7,16.9
CAT-EQ-1008,2026-08-22T02:47:16Z,18.988419,72.813779,896.1,145.2,37.6,12.4
CAT-EQ-1008,2026-08-22T03:47:16Z,18.988296,72.814126,896.9,145.2,36.8,5.4
CAT-EQ-1008,2026-08-22T04:47:16Z,18.987497,72.816829,897.7,145.2,35.0,21.9
CAT-EQ-1008,2026-08-22T05:47:16Z,18.987495,72.813053,898.5,145.2,34.0,25.9
CAT-EQ-1008,2026-08-22T06:47:16Z,18.985456,72.814971,899.3,145.2,33.5,22.3
CAT-EQ-1008,2026-08-22T07:47:16Z,18.985385,72.813277,900.1,145.2,31.7,7.9
CAT-EQ-1008,2026-08-22T08:47:16Z,18.985131,72.814605,900.1,145.4,31.1,0.0
CAT-EQ-1008,2026-08-22T09:47:16Z,18.988639,72.815391,900.1,145.6,29.2,0.0
CAT-EQ-1008,2026-08-22T10:47:16Z,18.98703,72.815855,900.1,145.8,28.2,0.0
CAT-EQ-1008,2026-08-22T11:47:16Z,18.987282,72.814888,900.1,146.0,27.5,0.0
CAT-EQ-1008,2026-08-22T12:47:16Z,18.987021,72.814653,900.1,146.2,25.5,0.0
CAT-EQ-1008,2026-08-22T13:47:16Z,18.985623,72.816506,900.1,146.4,24.5,0.0
CAT-EQ-1008,2026-08-22T14:47:16Z,18.98763,72.814693,900.1,146.6,23.8,0.0
CAT-EQ-1008,2026-08-22T15:47:16Z,18.986055,72.816556,900.1,146.8,22.4,0.0
CAT-EQ-1008,2026-08-22T16:47:16Z,18.98501,72.816243,900.1,147.0,21.7,0.0
CAT-EQ-1008,2026-08-22T17:47:16Z,18.986564,72.813199,900.1,147.2,21.1,0.0
CAT-EQ-1008,2026-08-22T18:47:16Z,18.987357,72.815238,900.1,147.4,20.1,0.0
CAT-EQ-1008,2026-08-22T19:47:16Z,18.986603,72.815607,900.1,147.6,95.0,0.0
CAT-EQ-1008,2026-08-22T20:47:16Z,18.988594,72.81638,900.9,147.6,94.1,27.0
CAT-EQ-1008,2026-08-22T21:47:16Z,18.985051,72.816628,901.7,147.6,93.3,14.5
CAT-EQ-1008,2026-08-22T22:47:16Z,18.985264,72.814773,902.5,147.6,91.8,5.9
CAT-EQ-1008,2026-08-22T23:47:16Z,18.985179,72.815107,903.3,147.6,90.4,5.1
CAT-EQ-1008,2026-08-23T00:47:16Z,18.988523,72.815401,904.1,147.6,89.3,10.8
CAT-EQ-1008,2026-08-23T01:47:16Z,18.987825,72.815533,904.9,147.6,87.2,22.1
CAT-EQ-1008,2026-08-23T02:47:16Z,18.987571,72.815047,905.7,147.6,85.8,7.2
CAT-EQ-1008,2026-08-23T03:47:16Z,18.986395,72.816937,906.5,147.6,84.4,8.5
CAT-EQ-1008,2026-08-23T04:47:16Z,18.986832,72.813015,907.3,147.6,83.5,12.6
CAT-EQ-1008,2026-08-23T05:47:16Z,18.985145,72.814395,908.1,147.6,81.3,22.9
CAT-EQ-1008,2026-08-23T06:47:16Z,18.986731,72.816719,908.9,147.6,79.3,10.3
CAT-EQ-1008,2026-08-23T07:47:16Z,18.98895,72.815988,909.7,147.6,77.9,20.5
CAT-EQ-1008,2026-08-23T08:47:16Z,18.987934,72.814424,909.7,147.8,75.7,0.0
CAT-EQ-1008,2026-08-23T09:47:16Z,18.986916,72.816467,909.7,148.0,74.4,0.0
CAT-EQ-1008,2026-08-23T10:47:16Z,18.987123,72.816242,909.7,148.2,73.6,0.0
CAT-EQ-1008,2026-08-23T11:47:16Z,18.987659,72.81443,909.7,148.4,72.2,0.0
CAT-EQ-1008,2026-08-23T12:47:16Z,18.985646,72.816697,909.7,148.6,70.4,0.0
CAT-EQ-1008,2026-08-23T13:47:16Z,18.987059,72.815765,909.7,148.8,69.2,0.0
CAT-EQ-1008,2026-08-23T14:47:16Z,18.985343,72.814581,909.7,149.0,67.6,0.0
CAT-EQ-1008,2026-08-23T15:47:16Z,18.987704,72.815857,909.7,149.2,66.0,0.0
CAT-EQ-1008,2026-08-23T16:47:16Z,18.988234,72.815262,909.7,149.4,64.5,0.0
CAT-EQ-1008,2026-08-23T17:47:16Z,18.985609,72.814291,909.7,149.6,63.2,0.0
CAT-EQ-1008,2026-08-23T18:47:16Z,18.985752,72.815228,909.7,149.8,61.8,0.0
CAT-EQ-1008,2026-08-23T19:47:16Z,18.988674,72.816765,909.7,150.0,59.7,0.0
CAT-EQ-1008,2026-08-23T20:47:16Z,18.986931,72.815331,910.5,150.0,58.5,24.3
CAT-EQ-1008,2026-08-23T21:47:16Z,18.98847,72.814404,911.3,150.0,56.6,28.8
CAT-EQ-1008,2026-08-23T22:47:16Z,18.987102,72.813158,912.1,150.0,54.4,18.3
CAT-EQ-1008,2026-08-23T23:47:16Z,18.986079,72.815816,912.9,150.0,53.6,14.0
CAT-EQ-1008,2026-08-24T00:47:16Z,18.986852,72.813199,913.7,150.0,52.5,28.7
CAT-EQ-1008,2026-08-24T01:47:16Z,18.987924,72.8136,914.5,150.0,51.8,5.4
CAT-EQ-1008,2026-08-24T02:47:16Z,18.986101,72.815286,915.3,150.0,51.2,6.6
CAT-EQ-1008,2026-08-24T03:47:16Z,18.985648,72.816404,916.1,150.0,49.0,15.0
CAT-EQ-1008,2026-08-24T04:47:16Z,18.988546,72.813055,916.9,150.0,47.9,10.3
CAT-EQ-1008,2026-08-24T05:47:16Z,18.985691,72.81454,917.7,150.0,46.9,21.0
CAT-EQ-1008,2026-08-24T06:47:16Z,18.986878,72.81617,918.5,150.0,45.8,8.5
CAT-EQ-1008,2026-08-24T07:47:16Z,18.987762,72.816227,919.3,150.0,43.8,29.9
CAT-EQ-1008,2026-08-24T08:47:16Z,18.98647,72.814632,919.3,150.2,41.7,0.0
CAT-EQ-1008,2026-08-24T09:47:16Z,18.988613,72.816156,919.3,150.4,40.5,0.0
CAT-EQ-1008,2026-08-24T10:47:16Z,18.986321,72.813262,919.3,150.6,39.7,0.0
CAT-EQ-1008,2026-08-24T11:47:16Z,18.988291,72.814416,919.3,150.8,38.2,0.0
CAT-EQ-1008,2026-08-24T12:47:16Z,18.985793,72.814187,919.3,151.0,37.3,0.0
CAT-EQ-1008,2026-08-24T13:47:16Z,18.987188,72.814716,919.3,151.2,36.2,0.0
CAT-EQ-1008,2026-08-24T14:47:16Z,18.986567,72.814199,919.3,151.4,34.9,0.0
CAT-EQ-1008,2026-08-24T15:47:16Z,18.986891,72.815098,919.3,151.6,33.1,0.0
CAT-EQ-1008,2026-08-24T16:47:16Z,18.988093,72.815602,919.3,151.8,32.2,0.0
CAT-EQ-1008,2026-08-24T17:47:16Z,18.986007,72.813975,919.3,152.0,30.2,0.0
CAT-EQ-1008,2026-08-24T18:47:16Z,18.987142,72.814424,919.3,152.2,29.2,0.0
CAT-EQ-1008,2026-08-24T19:47:16Z,18.988978,72.813128,919.3,152.4,28.6,0.0
CAT-EQ-1008,2026-08-24T20:47:16Z,18.986832,72.814121,920.1,152.4,28.1,11.7
CAT-EQ-1008,2026-08-24T21:47:16Z,18.986787,72.816659,920.9,152.4,26.4,24.0
CAT-EQ-1008,2026-08-24T22:47:16Z,18.988688,72.815668,921.7,152.4,24.8,8.5
CAT-EQ-1008,2026-08-24T23:47:16Z,18.98634,72.816971,922.5,152.4,23.6,5.1
CAT-EQ-1008,2026-08-25T00:47:16Z,18.98897,72.813093,923.3,152.4,23.1,6.0
CAT-EQ-1008,2026-08-25T01:47:16Z,18.985557,72.814856,924.1,152.4,21.1,19.1
CAT-EQ-1008,2026-08-25T02:47:16Z,18.986966,72.816434,924.9,152.4,20.2,22.1
CAT-EQ-1008,2026-08-25T03:47:16Z,18.985569,72.815627,925.7,152.4,95.0,9.7
CAT-EQ-1008,2026-08-25T04:47:16Z,18.986843,72.814057,926.5,152.4,94.2,11.9
CAT-EQ-1008,2026-08-25T05:47:16Z,18.985444,72.813204,927.3,152.4,92.6,26.0
CAT-EQ-1008,2026-08-25T06:47:16Z,18.98617,72.816818,928.1,152.4,91.5,10.6
CAT-EQ-1008,2026-08-25T07:47:16Z,18.987503,72.815338,928.9,152.4,89.6,23.9
CAT-EQ-1008,2026-08-25T08:47:16Z,18.986376,72.81443,928.9,152.6,87.5,0.0
CAT-EQ-1008,2026-08-25T09:47:16Z,18.988059,72.813543,928.9,152.8,86.9,0.0
CAT-EQ-1008,2026-08-25T10:47:16Z,18.986769,72.814541,928.9,153.0,86.1,0.0
CAT-EQ-1008,2026-08-25T11:47:16Z,18.986903,72.816853,928.9,153.2,85.1,0.0
CAT-EQ-1008,2026-08-25T12:47:16Z,18.986029,72.813406,928.9,153.4,83.3,0.0
CAT-EQ-1008,2026-08-25T13:47:16Z,18.988903,72.81562,928.9,153.6,82.6,0.0
CAT-EQ-1008,2026-08-25T14:47:16Z,18.987284,72.813335,928.9,153.8,82.0,0.0
CAT-EQ-1008,2026-08-25T15:47:16Z,18.987474,72.814344,928.9,154.0,81.1,0.0
CAT-EQ-1008,2026-08-25T16:47:16Z,18.98513,72.81432,928.9,154.2,80.0,0.0
CAT-EQ-1008,2026-08-25T17:47:16Z,18.988658,72.815816,928.9,154.4,78.1,0.0
CAT-EQ-1008,2026-08-25T18:47:16Z,18.988809,72.813861,928.9,154.6,76.0,0.0
CAT-EQ-1008,2026-08-25T19:47:16Z,18.988829,72.814234,928.9,154.8,74.6,0.0
CAT-EQ-1008,2026-08-25T20:47:16Z,18.986477,72.816264,929.7,154.8,74.0,28.4
CAT-EQ-1008,2026-08-25T21:47:16Z,18.987889,72.813428,930.5,154.8,73.2,14.2
CAT-EQ-1008,2026-08-25T22:47:16Z,18.987426,72.813256,931.3,154.8,71.9,16.8
CAT-EQ-1008,2026-08-25T23:47:16Z,18.988581,72.815085,932.1,154.8,70.9,12.3
CAT-EQ-1008,2026-08-26T00:47:16Z,18.988661,72.813338,932.9,154.8,69.8,21.2
CAT-EQ-1008,2026-08-26T01:47:16Z,18.985475,72.81557,933.7,154.8,68.5,21.3
CAT-EQ-1008,2026-08-26T02:47:16Z,18.986871,72.813506,934.5,154.8,66.8,15.2
CAT-EQ-1008,2026-08-26T03:47:16Z,18.985647,72.813446,935.3,154.8,66.0,29.0
CAT-EQ-1008,2026-08-26T04:47:16Z,18.985914,72.815474,936.1,154.8,64.6,22.1
CAT-EQ-1008,2026-08-26T05:47:16Z,18.986289,72.813871,936.9,154.8,64.0,19.8
CAT-EQ-1008,2026-08-26T06:47:16Z,18.987055,72.814805,937.7,154.8,63.3,24.5
CAT-EQ-1008,2026-08-26T07:47:16Z,18.987916,72.814493,938.5,154.8,61.7,21.1
CAT-EQ-1008,2026-08-26T08:47:16Z,18.988953,72.813024,938.5,155.0,61.2,0.0
CAT-EQ-1008,2026-08-26T09:47:16Z,18.986977,72.815452,938.5,155.2,60.3,0.0
CAT-EQ-1008,2026-08-26T10:47:16Z,18.985221,72.815378,938.5,155.4,59.2,0.0
CAT-EQ-1008,2026-08-26T11:47:16Z,18.988116,72.814089,938.5,155.6,58.3,0.0
CAT-EQ-1008,2026-08-26T12:47:16Z,18.987759,72.815718,938.5,155.8,57.1,0.0
CAT-EQ-1008,2026-08-26T13:47:16Z,18.988155,72.815167,938.5,156.0,56.3,0.0
CAT-EQ-1008,2026-08-26T14:47:16Z,18.985529,72.81369,938.5,156.2,54.9,0.0
CAT-EQ-1008,2026-08-26T15:47:16Z,18.986501,72.813402,938.5,156.4,54.0,0.0
CAT-EQ-1008,2026-08-26T16:47:16Z,18.987188,72.814447,938.5,156.6,52.6,0.0
CAT-EQ-1008,2026-08-26T17:47:16Z,18.987925,72.816526,938.5,156.8,51.8,0.0
CAT-EQ-1008,2026-08-26T18:47:16Z,18.985889,72.816364,938.5,157.0,50.2,0.0
CAT-EQ-1008,2026-08-26T19:47:16Z,18.988754,72.814916,938.5,157.2,49.5,0.0
CAT-EQ-1008,2026-08-26T20:47:16Z,18.986225,72.814944,939.3,157.2,48.0,94.5
CAT-EQ-1008,2026-08-26T21:47:16Z,18.987869,72.816122,940.1,157.2,47.1,6.2
CAT-EQ-1008,2026-08-26T22:47:16Z,18.986461,72.816177,940.9,157.2,46.1,27.8
CAT-EQ-1008,2026-08-26T23:47:16Z,18.986835,72.815116,941.7,157.2,45.3,21.8
CAT-EQ-1008,2026-08-27T00:47:16Z,18.988194,72.814216,942.5,157.2,43.8,7.8
CAT-EQ-1008,2026-08-27T01:47:16Z,18.986354,72.816291,943.3,157.2,42.6,14.1
CAT-EQ-1008,2026-08-27T02:47:16Z,18.987737,72.813465,944.1,157.2,41.3,16.3
CAT-EQ-1008,2026-08-27T03:47:16Z,18.987339,72.814603,944.9,157.2,40.1,17.5
CAT-EQ-1008,2026-08-27T04:47:16Z,18.985875,72.813101,945.7,157.2,38.9,15.0
CAT-EQ-1008,2026-08-27T05:47:16Z,18.986911,72.814146,946.5,157.2,36.9,10.2
CAT-EQ-1008,2026-08-27T06:47:16Z,18.988046,72.814155,947.3,157.2,34.8,9.1
CAT-EQ-1008,2026-08-27T07:47:16Z,18.986977,72.813819,948.1,157.2,33.7,6.7
CAT-EQ-1008,2026-08-27T08:47:16Z,18.986828,72.816117,948.1,157.4,33.1,0.0
CAT-EQ-1008,2026-08-27T09:47:16Z,18.986182,72.813907,948.1,157.6,31.9,0.0
CAT-EQ-1008,2026-08-27T10:47:16Z,18.988692,72.814048,948.1,157.8,31.1,0.0
CAT-EQ-1008,2026-08-27T11:47:16Z,18.987262,72.815373,948.1,158.0,29.7,0.0
CAT-EQ-1008,2026-08-27T12:47:16Z,18.988118,72.813925,948.1,158.2,28.2,0.0
CAT-EQ-1008,2026-08-27T13:47:16Z,18.987563,72.814606,948.1,158.4,26.7,0.0
CAT-EQ-1008,2026-08-27T14:47:16Z,18.985724,72.816808,948.1,158.6,25.2,0.0
CAT-EQ-1008,2026-08-27T15:47:16Z,18.987575,72.81493,948.1,158.8,24.5,0.0
CAT-EQ-1008,2026-08-27T16:47:16Z,18.988631,72.8132,948.1,159.0,23.9,0.0
CAT-EQ-1008,2026-08-27T17:47:16Z,18.986807,72.813513,948.1,159.2,23.3,0.0
CAT-EQ-1008,2026-08-27T18:47:16Z,18.987146,72.814785,948.1,159.4,22.7,0.0
CAT-EQ-1008,2026-08-27T19:47:16Z,18.98831,72.814339,948.1,159.6,22.1,0.0
CAT-EQ-1008,2026-08-27T20:47:16Z,18.988331,72.814908,948.9,159.6,20.5,20.3
CAT-EQ-1008,2026-08-27T21:47:16Z,18.988473,72.813426,949.7,159.6,95.0,20.4
CAT-EQ-1008,2026-08-27T22:47:16Z,18.986424,72.815951,950.5,159.6,92.8,12.0
CAT-EQ-1008,2026-08-27T23:47:16Z,18.986731,72.81497,951.3,159.6,90.7,18.4
CAT-EQ-1008,2026-08-28T00:47:16Z,18.985973,72.816973,952.1,159.6,89.5,22.1
CAT-EQ-1008,2026-08-28T01:47:16Z,18.98641,72.816272,952.9,159.6,88.4,7.4
CAT-EQ-1008,2026-08-28T02:47:16Z,18.985872,72.816655,953.7,159.6,86.8,23.8
CAT-EQ-1008,2026-08-28T03:47:16Z,18.987842,72.815593,954.5,159.6,84.9,7.2
CAT-EQ-1008,2026-08-28T04:47:16Z,18.985455,72.813829,955.3,159.6,83.2,6.3
CAT-EQ-1008,2026-08-28T05:47:16Z,18.987733,72.813687,956.1,159.6,82.4,17.5
CAT-EQ-1008,2026-08-28T06:47:16Z,18.98835,72.813308,956.9,159.6,81.7,25.1
CAT-EQ-1008,2026-08-28T07:47:16Z,18.986242,72.815408,957.7,159.6,79.7,18.2
CAT-EQ-1008,2026-08-28T08:47:16Z,18.986183,72.815064,957.7,159.8,78.6,0.0
CAT-EQ-1008,2026-08-28T09:47:16Z,18.988281,72.813938,957.7,160.0,76.6,0.0
CAT-EQ-1008,2026-08-28T10:47:16Z,18.986927,72.814114,957.7,160.2,75.9,0.0
CAT-EQ-1008,2026-08-28T11:47:16Z,18.988109,72.816568,957.7,160.4,73.8,0.0
CAT-EQ-1008,2026-08-28T12:47:16Z,18.987959,72.814291,957.7,160.6,72.3,0.0
CAT-EQ-1008,2026-08-28T13:47:16Z,18.988795,72.814016,957.7,160.8,70.1,0.0
CAT-EQ-1008,2026-08-28T14:47:16Z,18.988276,72.816966,957.7,161.0,68.0,0.0
CAT-EQ-1008,2026-08-28T15:47:16Z,18.986581,72.815286,957.7,161.2,66.4,0.0
CAT-EQ-1008,2026-08-28T16:47:16Z,18.987219,72.814273,957.7,161.4,64.6,0.0
CAT-EQ-1008,2026-08-28T17:47:16Z,18.985035,72.816087,957.7,161.6,63.1,0.0
CAT-EQ-1008,2026-08-28T18:47:16Z,18.988832,72.813185,957.7,161.8,62.0,0.0
CAT-EQ-1008,2026-08-28T19:47:16Z,18.987317,72.814859,957.7,162.0,60.0,0.0
CAT-EQ-1008,2026-08-28T20:47:16Z,18.988465,72.81581,958.5,162.0,58.5,27.9
CAT-EQ-1008,2026-08-28T21:47:16Z,18.988703,72.814674,959.3,162.0,56.4,20.9
CAT-EQ-1008,2026-08-28T22:47:16Z,18.988737,72.814811,960.1,162.0,55.1,6.7
CAT-EQ-1008,2026-08-28T23:47:16Z,18.985045,72.81668,960.9,162.0,54.1,8.4
CAT-EQ-1008,2026-08-29T00:47:16Z,18.985376,72.815467,961.7,162.0,52.0,21.3
CAT-EQ-1008,2026-08-29T01:47:16Z,18.988649,72.813739,962.5,162.0,50.8,26.0
CAT-EQ-1008,2026-08-29T02:47:16Z,18.987595,72.81424,963.3,162.0,49.4,12.8
CAT-EQ-1008,2026-08-29T03:47:16Z,18.987678,72.815673,964.1,162.0,48.4,12.4
CAT-EQ-1008,2026-08-29T04:47:16Z,18.987404,72.814757,964.9,162.0,47.9,12.0
CAT-EQ-1008,2026-08-29T05:47:16Z,18.987629,72.816919,965.7,162.0,46.5,27.4
CAT-EQ-1008,2026-08-29T06:47:16Z,18.98698,72.81377,966.5,162.0,45.8,11.8
CAT-EQ-1008,2026-08-29T07:47:16Z,18.988323,72.813537,967.3,162.0,44.8,22.7
CAT-EQ-1008,2026-08-29T08:47:16Z,18.987034,72.816299,967.3,162.2,43.2,0.0
CAT-EQ-1008,2026-08-29T09:47:16Z,18.985109,72.813799,967.3,162.4,41.4,0.0
CAT-EQ-1008,2026-08-29T10:47:16Z,18.98896,72.813141,967.3,162.6,39.9,0.0
CAT-EQ-1008,2026-08-29T11:47:16Z,18.987332,72.816746,967.3,162.8,38.8,0.0
CAT-EQ-1008,2026-08-29T12:47:16Z,18.985927,72.814535,967.3,163.0,37.7,0.0
CAT-EQ-1008,2026-08-29T13:47:16Z,18.98813,72.813767,967.3,163.2,35.8,0.0
CAT-EQ-1008,2026-08-29T14:47:16Z,18.986222,72.814122,967.3,163.4,33.9,0.0
CAT-EQ-1008,2026-08-29T15:47:16Z,18.986699,72.813711,967.3,163.6,95.0,0.0
CAT-EQ-1008,2026-08-29T16:47:16Z,18.987698,72.815155,967.3,163.8,93.1,0.0
CAT-EQ-1008,2026-08-29T17:47:16Z,18.988756,72.81595,967.3,164.0,92.0,0.0
CAT-EQ-1008,2026-08-29T18:47:16Z,18.986739,72.816233,967.3,164.2,91.4,0.0
CAT-EQ-1008,2026-08-29T19:47:16Z,18.986535,72.815481,967.3,164.4,90.0,0.0
CAT-EQ-1008,2026-08-29T20:47:16Z,18.988331,72.81531,968.1,164.4,88.9,13.2
CAT-EQ-1008,2026-08-29T21:47:16Z,18.988228,72.816955,968.9,164.4,86.8,29.4
CAT-EQ-1008,2026-08-29T22:47:16Z,18.985995,72.814708,969.7,164.4,84.8,27.0
CAT-EQ-1008,2026-08-29T23:47:16Z,18.985385,72.816448,970.5,164.4,83.8,26.8
CAT-EQ-1008,2026-08-30T00:47:16Z,18.985018,72.816048,971.3,164.4,82.4,6.1
CAT-EQ-1008,2026-08-30T01:47:16Z,18.988738,72.816944,972.1,164.4,81.1,13.5
CAT-EQ-1008,2026-08-30T02:47:16Z,18.986719,72.815356,972.9,164.4,79.0,20.3
CAT-EQ-1008,2026-08-30T03:47:16Z,18.988413,72.81557,973.7,164.4,77.7,11.5
CAT-EQ-1008,2026-08-30T04:47:16Z,18.987485,72.816633,974.5,164.4,75.8,26.7
CAT-EQ-1008,2026-08-30T05:47:16Z,18.988804,72.816729,975.3,164.4,73.9,29.1
CAT-EQ-1008,2026-08-30T06:47:16Z,18.986303,72.81561,976.1,164.4,72.7,13.4
CAT-EQ-1008,2026-08-30T07:47:16Z,18.986966,72.81417,976.9,164.4,72.0,23.2
CAT-EQ-1008,2026-08-30T08:47:16Z,18.98583,72.816862,976.9,164.6,71.0,0.0
CAT-EQ-1008,2026-08-30T09:47:16Z,18.985075,72.816906,976.9,164.8,69.7,0.0
CAT-EQ-1008,2026-08-30T10:47:16Z,18.988126,72.814634,976.9,165.0,68.1,0.0
CAT-EQ-1008,2026-08-30T11:47:16Z,18.985182,72.816299,976.9,165.2,67.0,0.0
CAT-EQ-1008,2026-08-30T12:47:16Z,18.985288,72.816326,976.9,165.4,65.5,0.0
CAT-EQ-1008,2026-08-30T13:47:16Z,18.986203,72.813133,976.9,165.6,64.3,0.0
CAT-EQ-1008,2026-08-30T14:47:16Z,18.987156,72.816485,976.9,165.8,62.3,0.0
CAT-EQ-1008,2026-08-30T15:47:16Z,18.988324,72.815057,976.9,166.0,61.2,0.0
CAT-EQ-1008,2026-08-30T16:47:16Z,18.987587,72.815292,976.9,166.2,60.2,0.0
CAT-EQ-1008,2026-08-30T17:47:16Z,18.986541,72.814292,976.9,166.4,59.7,0.0
CAT-EQ-1008,2026-08-30T18:47:16Z,18.985318,72.816057,976.9,166.6,59.1,0.0
CAT-EQ-1008,2026-08-30T19:47:16Z,18.988226,72.815594,976.9,166.8,58.5,0.0
CAT-EQ-1008,2026-08-30T20:47:16Z,18.988473,72.815832,977.7,166.8,57.7,12.3
CAT-EQ-1008,2026-08-30T21:47:16Z,18.98631,72.813587,978.5,166.8,56.9,18.1
CAT-EQ-1008,2026-08-30T22:47:16Z,18.987515,72.814033,979.3,166.8,55.9,23.7
CAT-EQ-1008,2026-08-30T23:47:16Z,18.987149,72.815697,980.1,166.8,55.0,19.9
CAT-EQ-1008,2026-08-31T00:47:16Z,18.988369,72.816609,980.9,166.8,53.7,10.6
CAT-EQ-1008,2026-08-31T01:47:16Z,18.986429,72.814846,981.7,166.8,52.7,10.5
CAT-EQ-1008,2026-08-31T02:47:16Z,18.986778,72.814253,982.5,166.8,50.6,21.9
CAT-EQ-1008,2026-08-31T03:47:16Z,18.988255,72.81406,983.3,166.8,49.1,20.4
CAT-EQ-1008,2026-08-31T04:47:16Z,18.985958,72.814141,984.1,166.8,48.1,24.3
CAT-EQ-1008,2026-08-31T05:47:16Z,18.986839,72.814015,984.9,166.8,46.8,13.4
CAT-EQ-1008,2026-08-31T06:47:16Z,18.98668,72.814901,985.7,166.8,45.7,5.7
CAT-EQ-1008,2026-08-31T07:47:16Z,18.986419,72.814233,986.5,166.8,44.4,26.8
CAT-EQ-1008,2026-08-31T08:47:16Z,18.986885,72.813831,986.5,167.0,43.4,0.0
CAT-EQ-1008,2026-08-31T09:47:16Z,18.987573,72.813186,986.5,167.2,41.6,0.0
CAT-EQ-1008,2026-08-31T10:47:16Z,18.986428,72.815025,986.5,167.4,40.4,0.0
CAT-EQ-1008,2026-08-31T11:47:16Z,18.988933,72.816202,986.5,167.6,39.5,0.0
CAT-EQ-1008,2026-08-31T12:47:16Z,18.988655,72.81646,986.5,167.8,37.4,0.0
CAT-EQ-1008,2026-08-31T13:47:16Z,18.988662,72.815684,986.5,168.0,35.8,0.0
CAT-EQ-1008,2026-08-31T14:47:16Z,18.988998,72.815947,986.5,168.2,35.3,0.0
CAT-EQ-1008,2026-08-31T15:47:16Z,18.988014,72.814447,986.5,168.4,33.8,0.0
CAT-EQ-1008,2026-08-31T16:47:16Z,18.987271,72.815942,986.5,168.6,32.3,0.0
CAT-EQ-1008,2026-08-31T17:47:16Z,18.988547,72.81501,986.5,168.8,31.6,0.0
CAT-EQ-1008,2026-08-31T18:47:16Z,18.985306,72.815921,986.5,169.0,30.4,0.0
CAT-EQ-1008,2026-08-31T19:47:16Z,18.987592,72.815044,986.5,169.2,28.8,0.0
CAT-EQ-1008,2026-08-31T20:47:16Z,18.987604,72.816128,987.3,169.2,27.6,12.0
CAT-EQ-1008,2026-08-31T21:47:16Z,18.985533,72.814616,988.1,169.2,26.5,27.1
CAT-EQ-1008,2026-08-31T22:47:16Z,18.987873,72.815806,988.9,169.2,25.9,19.7
CAT-EQ-1008,2026-08-31T23:47:16Z,18.988633,72.816421,989.7,169.2,24.5,5.1
CAT-EQ-1008,2026-09-01T00:47:16Z,18.988659,72.813268,990.5,169.2,23.3,26.0
CAT-EQ-1008,2026-09-01T01:47:16Z,18.986233,72.81423,991.3,169.2,22.2,6.7
CAT-EQ-1008,2026-09-01T02:47:16Z,18.987963,72.814358,992.1,169.2,20.9,10.3
CAT-EQ-1008,2026-09-01T03:47:16Z,18.987423,72.814128,992.9,169.2,20.1,12.5
CAT-EQ-1008,2026-09-01T04:47:16Z,18.988132,72.814923,993.7,169.2,95.0,27.4
CAT-EQ-1008,2026-09-01T05:47:16Z,18.988019,72.814625,994.5,169.2,93.3,13.9
CAT-EQ-1008,2026-09-01T06:47:16Z,18.988877,72.816675,995.3,169.2,92.5,26.7
CAT-EQ-1008,2026-09-01T07:47:16Z,18.98607,72.816779,996.1,169.2,91.4,94.5
CAT-EQ-1008,2026-09-01T08:47:16Z,18.988803,72.816743,996.1,169.4,90.3,0.0
CAT-EQ-1008,2026-09-01T09:47:16Z,18.987202,72.814311,996.1,169.6,89.6,0.0
CAT-EQ-1008,2026-09-01T10:47:16Z,18.986214,72.816545,996.1,169.8,88.1,0.0
CAT-EQ-1008,2026-09-01T11:47:16Z,18.988917,72.814321,996.1,170.0,85.9,0.0
CAT-EQ-1008,2026-09-01T12:47:16Z,18.986843,72.816032,996.1,170.2,85.2,0.0
CAT-EQ-1008,2026-09-01T13:47:16Z,18.985881,72.81513,996.1,170.4,84.5,0.0
CAT-EQ-1008,2026-09-01T14:47:16Z,18.987929,72.816971,996.1,170.6,82.7,0.0
CAT-EQ-1008,2026-09-01T15:47:16Z,18.986036,72.815814,996.1,170.8,81.6,0.0
CAT-EQ-1008,2026-09-01T16:47:16Z,18.987433,72.81448,996.1,171.0,80.9,0.0
CAT-EQ-1008,2026-09-01T17:47:16Z,18.988362,72.815942,996.1,171.2,79.0,0.0
CAT-EQ-1008,2026-09-01T18:47:16Z,18.985773,72.813363,996.1,171.4,77.7,0.0
CAT-EQ-1008,2026-09-01T19:47:16Z,18.986329,72.815564,996.1,171.6,76.7,0.0
CAT-EQ-1008,2026-09-01T20:47:16Z,18.985236,72.814229,996.9,171.6,76.2,26.2
CAT-EQ-1008,2026-09-01T21:47:16Z,18.987467,72.816552,997.7,171.6,74.1,16.0
CAT-EQ-1008,2026-09-01T22:47:16Z,18.986627,72.816358,998.5,171.6,73.1,20.3
CAT-EQ-1008,2026-09-01T23:47:16Z,18.988132,72.815968,999.3,171.6,72.1,23.7
CAT-EQ-1008,2026-09-02T00:47:16Z,18.987392,72.814365,1000.1,171.6,70.1,19.8
CAT-EQ-1008,2026-09-02T01:47:16Z,18.985412,72.814677,1000.9,171.6,68.4,12.7
CAT-EQ-1008,2026-09-02T02:47:16Z,18.985373,72.813235,1001.7,171.6,66.7,22.4
CAT-EQ-1008,2026-09-02T03:47:16Z,18.987657,72.813536,1002.5,171.6,66.0,26.0
CAT-EQ-1008,2026-09-02T04:47:16Z,18.985608,72.813335,1003.3,171.6,63.9,15.1
CAT-EQ-1008,2026-09-02T05:47:16Z,18.988343,72.815274,1004.1,171.6,62.1,13.9
CAT-EQ-1008,2026-09-02T06:47:16Z,18.988199,72.815834,1004.9,171.6,60.7,8.7
CAT-EQ-1008,2026-09-02T07:47:16Z,18.987533,72.816748,1005.7,171.6,58.9,5.3
CAT-EQ-1008,2026-09-02T08:47:16Z,18.986823,72.815814,1005.7,171.8,57.4,0.0
CAT-EQ-1008,2026-09-02T09:47:16Z,18.988651,72.814069,1005.7,172.0,55.8,0.0
CAT-EQ-1008,2026-09-02T10:47:16Z,18.987226,72.816757,1005.7,172.2,53.9,0.0
CAT-EQ-1008,2026-09-02T11:47:16Z,18.987869,72.813179,1005.7,172.4,53.1,0.0
CAT-EQ-1008,2026-09-02T12:47:16Z,18.987826,72.81359,1005.7,172.6,51.5,0.0
CAT-EQ-1009,2026-08-19T13:47:16Z,23.621165,87.131327,1122.4,32.1,94.5,0.0
CAT-EQ-1009,2026-08-19T14:47:16Z,23.619908,87.129805,1122.4,32.3,93.4,0.0
CAT-EQ-1009,2026-08-19T15:47:16Z,23.620872,87.128093,1122.4,32.5,92.4,0.0
CAT-EQ-1009,2026-08-19T16:47:16Z,23.619322,87.129569,1122.4,32.7,90.9,0.0
CAT-EQ-1009,2026-08-19T17:47:16Z,23.620508,87.129418,1122.4,32.9,89.7,0.0
CAT-EQ-1009,2026-08-19T18:47:16Z,23.621707,87.129771,1122.4,33.1,88.3,0.0
CAT-EQ-1009,2026-08-19T19:47:16Z,23.620453,87.131318,1122.4,33.3,86.3,0.0
CAT-EQ-1009,2026-08-19T20:47:16Z,23.62171,87.131373,1123.2,33.3,85.5,14.7
CAT-EQ-1009,2026-08-19T21:47:16Z,23.619529,87.131688,1124.0,33.3,84.7,7.2
CAT-EQ-1009,2026-08-19T22:47:16Z,23.621015,87.130462,1124.8,33.3,82.7,19.7
CAT-EQ-1009,2026-08-19T23:47:16Z,23.621427,87.130084,1125.6,33.3,81.0,5.4
CAT-EQ-1009,2026-08-20T00:47:16Z,23.620278,87.129232,1126.4,33.3,78.9,24.1
CAT-EQ-1009,2026-08-20T01:47:16Z,23.621828,87.128933,1127.2,33.3,77.1,23.8
CAT-EQ-1009,2026-08-20T02:47:16Z,23.619635,87.12886,1128.0,33.3,75.0,19.0
CAT-EQ-1009,2026-08-20T03:47:16Z,23.619974,87.131231,1128.8,33.3,73.2,19.1
CAT-EQ-1009,2026-08-20T04:47:16Z,23.621081,87.131339,1129.6,33.3,71.8,17.8
CAT-EQ-1009,2026-08-20T05:47:16Z,23.620654,87.13065,1130.4,33.3,70.7,22.2
CAT-EQ-1009,2026-08-20T06:47:16Z,23.621604,87.131041,1131.2,33.3,69.0,26.8
CAT-EQ-1009,2026-08-20T07:47:16Z,23.62004,87.129371,1132.0,33.3,67.8,10.5
CAT-EQ-1009,2026-08-20T08:47:16Z,23.621627,87.130557,1132.0,33.5,66.5,0.0
CAT-EQ-1009,2026-08-20T09:47:16Z,23.620207,87.129919,1132.0,33.7,65.5,0.0
CAT-EQ-1009,2026-08-20T10:47:16Z,23.619339,87.128317,1132.0,33.9,64.0,0.0
CAT-EQ-1009,2026-08-20T11:47:16Z,23.619378,87.131149,1132.0,34.1,63.0,0.0
CAT-EQ-1009,2026-08-20T12:47:16Z,23.619954,87.13015,1132.0,34.3,61.3,0.0
CAT-EQ-1009,2026-08-20T13:47:16Z,23.620544,87.131883,1132.0,34.5,60.7,0.0
CAT-EQ-1009,2026-08-20T14:47:16Z,23.619293,87.128481,1132.0,34.7,59.4,0.0
CAT-EQ-1009,2026-08-20T15:47:16Z,23.619029,87.128896,1132.0,34.9,58.1,0.0
CAT-EQ-1009,2026-08-20T16:47:16Z,23.621115,87.129743,1132.0,35.1,56.3,0.0
CAT-EQ-1009,2026-08-20T17:47:16Z,23.61895,87.130891,1132.0,35.3,54.8,0.0
CAT-EQ-1009,2026-08-20T18:47:16Z,23.620017,87.128735,1132.0,35.5,53.7,0.0
CAT-EQ-1009,2026-08-20T19:47:16Z,23.621034,87.129309,1132.0,35.7,53.1,0.0
CAT-EQ-1009,2026-08-20T20:47:16Z,23.619123,87.130166,1132.8,35.7,52.4,21.0
CAT-EQ-1009,2026-08-20T21:47:16Z,23.620213,87.130271,1133.6,35.7,51.2,12.6
CAT-EQ-1009,2026-08-20T22:47:16Z,23.620535,87.130025,1134.4,35.7,50.6,11.4
CAT-EQ-1009,2026-08-20T23:47:16Z,23.618288,87.131417,1135.2,35.7,49.2,5.2
CAT-EQ-1009,2026-08-21T00:47:16Z,23.619601,87.130987,1136.0,35.7,47.8,16.0
CAT-EQ-1009,2026-08-21T01:47:16Z,23.61898,87.128617,1136.8,35.7,47.2,13.6
CAT-EQ-1009,2026-08-21T02:47:16Z,23.621299,87.129612,1137.6,35.7,45.2,20.4
CAT-EQ-1009,2026-08-21T03:47:16Z,23.621701,87.13141,1138.4,35.7,44.3,17.4
CAT-EQ-1009,2026-08-21T04:47:16Z,23.621284,87.129396,1139.2,35.7,42.6,19.3
CAT-EQ-1009,2026-08-21T05:47:16Z,23.61817,87.131924,1140.0,35.7,41.5,20.7
CAT-EQ-1009,2026-08-21T06:47:16Z,23.620596,87.130625,1140.8,35.7,39.5,28.7
CAT-EQ-1009,2026-08-21T07:47:16Z,23.620196,87.128357,1141.6,35.7,37.5,26.5
CAT-EQ-1009,2026-08-21T08:47:16Z,23.619483,87.129911,1141.6,35.9,35.4,0.0
CAT-EQ-1009,2026-08-21T09:47:16Z,23.620438,87.131329,1141.6,36.1,34.2,0.0
CAT-EQ-1009,2026-08-21T10:47:16Z,23.62025,87.130278,1141.6,36.3,32.4,0.0
CAT-EQ-1009,2026-08-21T11:47:16Z,23.618274,87.13029,1141.6,36.5,31.2,0.0
CAT-EQ-1009,2026-08-21T12:47:16Z,23.618661,87.128824,1141.6,36.7,29.7,0.0
CAT-EQ-1009,2026-08-21T13:47:16Z,23.621037,87.13104,1141.6,36.9,28.9,0.0
CAT-EQ-1009,2026-08-21T14:47:16Z,23.61976,87.129737,1141.6,37.1,27.6,0.0
CAT-EQ-1009,2026-08-21T15:47:16Z,23.619447,87.129212,1141.6,37.3,26.3,0.0
CAT-EQ-1009,2026-08-21T16:47:16Z,23.619224,87.131936,1141.6,37.5,24.7,0.0
CAT-EQ-1009,2026-08-21T17:47:16Z,23.619642,87.130255,1141.6,37.7,23.6,0.0
CAT-EQ-1009,2026-08-21T18:47:16Z,23.62045,87.13159,1141.6,37.9,22.7,0.0
CAT-EQ-1009,2026-08-21T19:47:16Z,23.61845,87.128842,1141.6,38.1,21.7,0.0
CAT-EQ-1009,2026-08-21T20:47:16Z,23.621799,87.130574,1142.4,38.1,21.0,16.7
CAT-EQ-1009,2026-08-21T21:47:16Z,23.620653,87.131275,1143.2,38.1,20.0,26.5
CAT-EQ-1009,2026-08-21T22:47:16Z,23.619873,87.130002,1144.0,38.1,95.0,22.4
CAT-EQ-1009,2026-08-21T23:47:16Z,23.619951,87.128381,1144.8,38.1,93.3,7.6
CAT-EQ-1009,2026-08-22T00:47:16Z,23.618607,87.131443,1145.6,38.1,91.6,26.9
CAT-EQ-1009,2026-08-22T01:47:16Z,23.621,87.131143,1146.4,38.1,89.8,29.2
CAT-EQ-1009,2026-08-22T02:47:16Z,23.620006,87.130614,1147.2,38.1,88.7,17.1
CAT-EQ-1009,2026-08-22T03:47:16Z,23.620512,87.12847,1148.0,38.1,86.6,8.9
CAT-EQ-1009,2026-08-22T04:47:16Z,23.620552,87.129776,1148.8,38.1,84.8,9.2
CAT-EQ-1009,2026-08-22T05:47:16Z,23.619778,87.130865,1149.6,38.1,82.6,16.6
CAT-EQ-1009,2026-08-22T06:47:16Z,23.621282,87.128982,1150.4,38.1,80.7,29.5
CAT-EQ-1009,2026-08-22T07:47:16Z,23.620073,87.128867,1151.2,38.1,78.5,18.9
CAT-EQ-1009,2026-08-22T08:47:16Z,23.619846,87.128764,1151.2,38.3,78.0,0.0
CAT-EQ-1009,2026-08-22T09:47:16Z,23.620711,87.130636,1151.2,38.5,76.9,0.0
CAT-EQ-1009,2026-08-22T10:47:16Z,23.61984,87.131162,1151.2,38.7,74.8,0.0
CAT-EQ-1009,2026-08-22T11:47:16Z,23.618712,87.130116,1151.2,38.9,73.1,0.0
CAT-EQ-1009,2026-08-22T12:47:16Z,23.620997,87.129461,1151.2,39.1,72.3,0.0
CAT-EQ-1009,2026-08-22T13:47:16Z,23.620342,87.129781,1151.2,39.3,70.5,0.0
CAT-EQ-1009,2026-08-22T14:47:16Z,23.621999,87.129472,1151.2,39.5,69.3,0.0
CAT-EQ-1009,2026-08-22T15:47:16Z,23.619956,87.129818,1151.2,39.7,68.1,0.0
CAT-EQ-1009,2026-08-22T16:47:16Z,23.618855,87.131203,1151.2,39.9,67.4,0.0
CAT-EQ-1009,2026-08-22T17:47:16Z,23.618758,87.130414,1151.2,40.1,66.8,0.0
CAT-EQ-1009,2026-08-22T18:47:16Z,23.620458,87.129729,1151.2,40.3,65.8,0.0
CAT-EQ-1009,2026-08-22T19:47:16Z,23.620909,87.129656,1151.2,40.5,64.1,0.0
CAT-EQ-1009,2026-08-22T20:47:16Z,23.618784,87.131071,1152.0,40.5,61.9,27.1
CAT-EQ-1009,2026-08-22T21:47:16Z,23.618913,87.129457,1152.8,40.5,60.3,21.7
CAT-EQ-1009,2026-08-22T22:47:16Z,23.620055,87.131897,1153.6,40.5,58.4,26.1
CAT-EQ-1009,2026-08-22T23:47:16Z,23.621239,87.131784,1154.4,40.5,56.6,28.7
CAT-EQ-1009,2026-08-23T00:47:16Z,23.619561,87.131756,1155.2,40.5,54.8,25.0
CAT-EQ-1009,2026-08-23T01:47:16Z,23.618665,87.129055,1156.0,40.5,53.0,25.3
CAT-EQ-1009,2026-08-23T02:47:16Z,23.620342,87.131159,1156.8,40.5,50.9,13.1
CAT-EQ-1009,2026-08-23T03:47:16Z,23.619225,87.131907,1157.6,40.5,49.4,25.2
CAT-EQ-1009,2026-08-23T04:47:16Z,23.619489,87.128859,1158.4,40.5,48.2,16.3
CAT-EQ-1009,2026-08-23T05:47:16Z,23.61839,87.13109,1159.2,40.5,47.5,25.5
CAT-EQ-1009,2026-08-23T06:47:16Z,23.621685,87.12875,1160.0,40.5,46.7,26.3
CAT-EQ-1009,2026-08-23T07:47:16Z,23.620574,87.128401,1160.8,40.5,44.8,22.2
CAT-EQ-1009,2026-08-23T08:47:16Z,23.619204,87.128399,1160.8,40.7,43.5,0.0
CAT-EQ-1009,2026-08-23T09:47:16Z,23.619528,87.128538,1160.8,40.9,42.9,0.0
CAT-EQ-1009,2026-08-23T10:47:16Z,23.618972,87.129068,1160.8,41.1,42.0,0.0
CAT-EQ-1009,2026-08-23T11:47:16Z,23.618828,87.129557,1160.8,41.3,41.2,0.0
CAT-EQ-1009,2026-08-23T12:47:16Z,23.619164,87.131632,1160.8,41.5,40.0,0.0
CAT-EQ-1009,2026-08-23T13:47:16Z,23.619933,87.128434,1160.8,41.7,38.4,0.0
CAT-EQ-1009,2026-08-23T14:47:16Z,23.619493,87.129933,1160.8,41.9,36.6,0.0
CAT-EQ-1009,2026-08-23T15:47:16Z,23.621834,87.129996,1160.8,42.1,35.4,0.0
CAT-EQ-1009,2026-08-23T16:47:16Z,23.618197,87.129199,1160.8,42.3,34.3,0.0
CAT-EQ-1009,2026-08-23T17:47:16Z,23.621308,87.128647,1160.8,42.5,33.4,0.0
CAT-EQ-1009,2026-08-23T18:47:16Z,23.619718,87.129194,1160.8,42.7,32.4,0.0
CAT-EQ-1009,2026-08-23T19:47:16Z,23.620739,87.128923,1160.8,42.9,30.7,0.0
CAT-EQ-1009,2026-08-23T20:47:16Z,23.621861,87.130877,1161.6,42.9,29.3,14.7
CAT-EQ-1009,2026-08-23T21:47:16Z,23.621992,87.130821,1162.4,42.9,27.4,21.1
CAT-EQ-1009,2026-08-23T22:47:16Z,23.620235,87.128399,1163.2,42.9,25.4,22.1
CAT-EQ-1009,2026-08-23T23:47:16Z,23.619109,87.128471,1164.0,42.9,24.9,18.6
CAT-EQ-1009,2026-08-24T00:47:16Z,23.618554,87.131499,1164.8,42.9,23.7,11.2
CAT-EQ-1009,2026-08-24T01:47:16Z,23.62094,87.131027,1165.6,42.9,22.5,94.5
CAT-EQ-1009,2026-08-24T02:47:16Z,23.621459,87.131712,1166.4,42.9,22.0,17.8
CAT-EQ-1009,2026-08-24T03:47:16Z,23.619192,87.13073,1167.2,42.9,20.6,24.3
CAT-EQ-1009,2026-08-24T04:47:16Z,23.619305,87.128338,1168.0,42.9,95.0,7.1
CAT-EQ-1009,2026-08-24T05:47:16Z,23.619381,87.128104,1168.8,42.9,93.3,28.0
CAT-EQ-1009,2026-08-24T06:47:16Z,23.621644,87.128978,1169.6,42.9,92.7,7.0
CAT-EQ-1009,2026-08-24T07:47:16Z,23.620265,87.128048,1170.4,42.9,91.0,13.3
CAT-EQ-1009,2026-08-24T08:47:16Z,23.619971,87.129972,1170.4,43.1,89.7,0.0
CAT-EQ-1009,2026-08-24T09:47:16Z,23.620001,87.13163,1170.4,43.3,88.6,0.0
CAT-EQ-1009,2026-08-24T10:47:16Z,23.620795,87.128019,1170.4,43.5,86.6,0.0
CAT-EQ-1009,2026-08-24T11:47:16Z,23.620538,87.130221,1170.4,43.7,85.7,0.0
CAT-EQ-1009,2026-08-24T12:47:16Z,23.621024,87.129814,1170.4,43.9,84.7,0.0
CAT-EQ-1009,2026-08-24T13:47:16Z,23.618243,87.129551,1170.4,44.1,83.5,0.0
CAT-EQ-1009,2026-08-24T14:47:16Z,23.621725,87.131196,1170.4,44.3,81.6,0.0
CAT-EQ-1009,2026-08-24T15:47:16Z,23.620556,87.12989,1170.4,44.5,79.6,0.0
CAT-EQ-1009,2026-08-24T16:47:16Z,23.619681,87.131315,1170.4,44.7,78.1,0.0
CAT-EQ-1009,2026-08-24T17:47:16Z,23.62192,87.131978,1170.4,44.9,76.8,0.0
CAT-EQ-1009,2026-08-24T18:47:16Z,23.620133,87.128173,1170.4,45.1,75.8,0.0
CAT-EQ-1009,2026-08-24T19:47:16Z,23.621375,87.130166,1170.4,45.3,74.0,0.0
CAT-EQ-1009,2026-08-24T20:47:16Z,23.618206,87.130377,1171.2,45.3,73.2,14.7
CAT-EQ-1009,2026-08-24T21:47:16Z,23.621211,87.129654,1172.0,45.3,71.2,27.3
CAT-EQ-1009,2026-08-24T22:47:16Z,23.619227,87.129798,1172.8,45.3,69.9,7.7
CAT-EQ-1009,2026-08-24T23:47:16Z,23.621161,87.128607,1173.6,45.3,68.5,23.6
CAT-EQ-1009,2026-08-25T00:47:16Z,23.620721,87.131033,1174.4,45.3,66.4,19.4
CAT-EQ-1009,2026-08-25T01:47:16Z,23.619395,87.129667,1175.2,45.3,65.0,20.2
CAT-EQ-1009,2026-08-25T02:47:16Z,23.621815,87.130871,1176.0,45.3,62.9,14.5
CAT-EQ-1009,2026-08-25T03:47:16Z,23.618135,87.13107,1176.8,45.3,61.5,10.5
CAT-EQ-1009,2026-08-25T04:47:16Z,23.621027,87.12882,1177.6,45.3,60.2,16.0
CAT-EQ-1009,2026-08-25T05:47:16Z,23.618735,87.130982,1178.4,45.3,58.9,25.6
CAT-EQ-1009,2026-08-25T06:47:16Z,23.621037,87.131953,1179.2,45.3,56.8,16.1
CAT-EQ-1009,2026-08-25T07:47:16Z,23.619627,87.131867,1180.0,45.3,54.9,18.8
CAT-EQ-1009,2026-08-25T08:47:16Z,23.620738,87.131105,1180.0,45.5,54.0,0.0
CAT-EQ-1009,2026-08-25T09:47:16Z,23.619009,87.129516,1180.0,45.7,52.0,0.0
CAT-EQ-1009,2026-08-25T10:47:16Z,23.621808,87.129511,1180.0,45.9,50.0,0.0
CAT-EQ-1009,2026-08-25T11:47:16Z,23.619595,87.129375,1180.0,46.1,48.0,0.0
CAT-EQ-1009,2026-08-25T12:47:16Z,23.621114,87.130395,1180.0,46.3,46.8,0.0
CAT-EQ-1009,2026-08-25T13:47:16Z,23.618194,87.131142,1180.0,46.5,45.1,0.0
CAT-EQ-1009,2026-08-25T14:47:16Z,23.619345,87.130127,1180.0,46.7,43.2,0.0
CAT-EQ-1009,2026-08-25T15:47:16Z,23.620527,87.131059,1180.0,46.9,41.1,0.0
CAT-EQ-1009,2026-08-25T16:47:16Z,23.619244,87.128573,1180.0,47.1,40.0,0.0
CAT-EQ-1009,2026-08-25T17:47:16Z,23.621973,87.131882,1180.0,47.3,38.8,0.0
CAT-EQ-1009,2026-08-25T18:47:16Z,23.621805,87.130203,1180.0,47.5,36.8,0.0
CAT-EQ-1009,2026-08-25T19:47:16Z,23.618168,87.130888,1180.0,47.7,35.2,0.0
CAT-EQ-1009,2026-08-25T20:47:16Z,23.621608,87.128372,1180.8,47.7,33.8,9.2
CAT-EQ-1009,2026-08-25T21:47:16Z,23.621806,87.131103,1181.6,47.7,31.8,27.6
CAT-EQ-1009,2026-08-25T22:47:16Z,23.621679,87.130078,1182.4,47.7,30.4,18.5
CAT-EQ-1009,2026-08-25T23:47:16Z,23.62027,87.131189,1183.2,47.7,28.6,24.9
CAT-EQ-1009,2026-08-26T00:47:16Z,23.619202,87.129708,1184.0,47.7,27.4,25.4
CAT-EQ-1009,2026-08-26T01:47:16Z,23.618078,87.128314,1184.8,47.7,26.1,24.0
CAT-EQ-1009,2026-08-26T02:47:16Z,23.618085,87.130724,1185.6,47.7,25.4,18.2
CAT-EQ-1009,2026-08-26T03:47:16Z,23.61919,87.131788,1186.4,47.7,24.0,94.5
CAT-EQ-1009,2026-08-26T04:47:16Z,23.618273,87.131474,1187.2,47.7,22.1,11.9
CAT-EQ-1009,2026-08-26T05:47:16Z,23.62112,87.129422,1188.0,47.7,20.3,15.4
CAT-EQ-1009,2026-08-26T06:47:16Z,23.618919,87.130885,1188.8,47.7,95.0,22.0
CAT-EQ-1009,2026-08-26T07:47:16Z,23.621755,87.128755,1189.6,47.7,93.6,18.4
CAT-EQ-1009,2026-08-26T08:47:16Z,23.621608,87.130755,1189.6,47.9,92.2,0.0
CAT-EQ-1009,2026-08-26T09:47:16Z,23.621182,87.131458,1189.6,48.1,91.0,0.0
CAT-EQ-1009,2026-08-26T10:47:16Z,23.619942,87.129072,1189.6,48.3,90.3,0.0
CAT-EQ-1009,2026-08-26T11:47:16Z,23.619841,87.128383,1189.6,48.5,88.7,0.0
CAT-EQ-1009,2026-08-26T12:47:16Z,23.621388,87.129934,1189.6,48.7,87.2,0.0
CAT-EQ-1009,2026-08-26T13:47:16Z,23.618185,87.131394,1189.6,48.9,85.7,0.0
CAT-EQ-1009,2026-08-26T14:47:16Z,23.62082,87.131878,1189.6,49.1,84.8,0.0
CAT-EQ-1009,2026-08-26T15:47:16Z,23.618791,87.129906,1189.6,49.3,83.2,0.0
CAT-EQ-1009,2026-08-26T16:47:16Z,23.621859,87.130527,1189.6,49.5,82.1,0.0
CAT-EQ-1009,2026-08-26T17:47:16Z,23.618844,87.130417,1189.6,49.7,80.9,0.0
CAT-EQ-1009,2026-08-26T18:47:16Z,23.62115,87.129337,1189.6,49.9,80.4,0.0
CAT-EQ-1009,2026-08-26T19:47:16Z,23.621853,87.131659,1189.6,50.1,78.2,0.0
CAT-EQ-1009,2026-08-26T20:47:16Z,23.618521,87.130405,1190.4,50.1,77.4,25.3
CAT-EQ-1009,2026-08-26T21:47:16Z,23.62181,87.131871,1191.2,50.1,75.8,18.6
CAT-EQ-1009,2026-08-26T22:47:16Z,23.621158,87.12992,1192.0,50.1,74.6,23.2
CAT-EQ-1009,2026-08-26T23:47:16Z,23.61937,87.129217,1192.8,50.1,73.0,11.4
CAT-EQ-1009,2026-08-27T00:47:16Z,23.619906,87.12935,1193.6,50.1,71.8,18.0
CAT-EQ-1009,2026-08-27T01:47:16Z,23.62059,87.13134,1194.4,50.1,69.9,22.8
CAT-EQ-1009,2026-08-27T02:47:16Z,23.620589,87.130563,1195.2,50.1,67.8,19.3
CAT-EQ-1009,2026-08-27T03:47:16Z,23.620884,87.13027,1196.0,50.1,66.2,16.8
CAT-EQ-1009,2026-08-27T04:47:16Z,23.61851,87.131516,1196.8,50.1,64.9,6.6
CAT-EQ-1009,2026-08-27T05:47:16Z,23.619047,87.128615,1197.6,50.1,64.2,22.4
CAT-EQ-1009,2026-08-27T06:47:16Z,23.620871,87.129074,1198.4,50.1,62.4,15.3
CAT-EQ-1009,2026-08-27T07:47:16Z,23.618967,87.131777,1199.2,50.1,61.7,29.4
CAT-EQ-1009,2026-08-27T08:47:16Z,23.621646,87.129034,1199.2,50.3,60.5,0.0
CAT-EQ-1009,2026-08-27T09:47:16Z,23.621515,87.130537,1199.2,50.5,58.6,0.0
CAT-EQ-1009,2026-08-27T10:47:16Z,23.621916,87.130443,1199.2,50.7,57.8,0.0
CAT-EQ-1009,2026-08-27T11:47:16Z,23.620301,87.130549,1199.2,50.9,57.0,0.0
CAT-EQ-1009,2026-08-27T12:47:16Z,23.619669,87.129662,1199.2,51.1,55.9,0.0
CAT-EQ-1009,2026-08-27T13:47:16Z,23.619412,87.131452,1199.2,51.3,55.3,0.0
CAT-EQ-1009,2026-08-27T14:47:16Z,23.620967,87.12986,1199.2,51.5,53.3,0.0
CAT-EQ-1009,2026-08-27T15:47:16Z,23.620879,87.128573,1199.2,51.7,29.3,0.0
CAT-EQ-1009,2026-08-27T16:47:16Z,23.619729,87.13137,1199.2,51.9,27.7,0.0
CAT-EQ-1009,2026-08-27T17:47:16Z,23.619806,87.129956,1199.2,52.1,26.7,0.0
CAT-EQ-1009,2026-08-27T18:47:16Z,23.61821,87.131684,1199.2,52.3,25.0,0.0
CAT-EQ-1009,2026-08-27T19:47:16Z,23.618574,87.130821,1199.2,52.5,23.7,0.0
CAT-EQ-1009,2026-08-27T20:47:16Z,23.620284,87.130488,1200.0,52.5,22.7,15.8
CAT-EQ-1009,2026-08-27T21:47:16Z,23.621415,87.130957,1200.8,52.5,21.8,10.8
CAT-EQ-1009,2026-08-27T22:47:16Z,23.619875,87.130776,1201.6,52.5,21.0,26.6
CAT-EQ-1009,2026-08-27T23:47:16Z,23.618885,87.128079,1202.4,52.5,20.3,10.0
CAT-EQ-1009,2026-08-28T00:47:16Z,23.618202,87.131943,1203.2,52.5,95.0,11.9
CAT-EQ-1009,2026-08-28T01:47:16Z,23.619014,87.130534,1204.0,52.5,93.7,7.5
CAT-EQ-1009,2026-08-28T02:47:16Z,23.619387,87.129297,1204.8,52.5,92.8,9.8
CAT-EQ-1009,2026-08-28T03:47:16Z,23.618113,87.130835,1205.6,52.5,92.1,6.2
CAT-EQ-1009,2026-08-28T04:47:16Z,23.621824,87.129067,1206.4,52.5,90.3,13.9
CAT-EQ-1009,2026-08-28T05:47:16Z,23.6207,87.131785,1207.2,52.5,88.4,6.3
CAT-EQ-1009,2026-08-28T06:47:16Z,23.621423,87.128526,1208.0,52.5,86.5,6.8
CAT-EQ-1009,2026-08-28T07:47:16Z,23.620346,87.131378,1208.8,52.5,85.1,25.0
CAT-EQ-1009,2026-08-28T08:47:16Z,23.619397,87.130972,1208.8,52.7,83.1,0.0
CAT-EQ-1009,2026-08-28T09:47:16Z,23.621896,87.130466,1208.8,52.9,81.0,0.0
CAT-EQ-1009,2026-08-28T10:47:16Z,23.619256,87.129985,1208.8,53.1,79.0,0.0
CAT-EQ-1009,2026-08-28T11:47:16Z,23.621835,87.130527,1208.8,53.3,78.1,0.0
CAT-EQ-1009,2026-08-28T12:47:16Z,23.619722,87.13098,1208.8,53.5,76.2,0.0
CAT-EQ-1009,2026-08-28T13:47:16Z,23.620629,87.131567,1208.8,53.7,74.2,0.0
CAT-EQ-1009,2026-08-28T14:47:16Z,23.618003,87.129743,1208.8,53.9,72.2,0.0
CAT-EQ-1009,2026-08-28T15:47:16Z,23.62025,87.129542,1208.8,54.1,71.2,0.0
CAT-EQ-1009,2026-08-28T16:47:16Z,23.621509,87.129224,1208.8,54.3,69.9,0.0
CAT-EQ-1009,2026-08-28T17:47:16Z,23.620021,87.130981,1208.8,54.5,67.9,0.0
CAT-EQ-1009,2026-08-28T18:47:16Z,23.621017,87.130931,1208.8,54.7,66.9,0.0
CAT-EQ-1009,2026-08-28T19:47:16Z,23.620054,87.130003,1208.8,54.9,65.6,0.0
CAT-EQ-1009,2026-08-28T20:47:16Z,23.620626,87.129543,1209.6,54.9,63.6,19.8
CAT-EQ-1009,2026-08-28T21:47:16Z,23.620935,87.128354,1210.4,54.9,61.9,18.1
CAT-EQ-1009,2026-08-28T22:47:16Z,23.620511,87.130643,1211.2,54.9,59.7,13.8
CAT-EQ-1009,2026-08-28T23:47:16Z,23.619915,87.130096,1212.0,54.9,58.9,29.8
CAT-EQ-1009,2026-08-29T00:47:16Z,23.620553,87.130216,1212.8,54.9,58.4,28.7
CAT-EQ-1009,2026-08-29T01:47:16Z,23.618843,87.12968,1213.6,54.9,57.6,28.6
CAT-EQ-1009,2026-08-29T02:47:16Z,23.620134,87.128199,1214.4,54.9,57.0,17.9
CAT-EQ-1009,2026-08-29T03:47:16Z,23.621955,87.129485,1215.2,54.9,55.5,16.1
CAT-EQ-1009,2026-08-29T04:47:16Z,23.621567,87.129041,1216.0,54.9,54.3,13.7
CAT-EQ-1009,2026-08-29T05:47:16Z,23.619671,87.12949,1216.8,54.9,52.9,19.1
CAT-EQ-1009,2026-08-29T06:47:16Z,23.619417,87.128182,1217.6,54.9,51.7,13.4
CAT-EQ-1009,2026-08-29T07:47:16Z,23.621705,87.128358,1218.4,54.9,50.7,24.9
CAT-EQ-1009,2026-08-29T08:47:16Z,23.618586,87.130879,1218.4,55.1,49.2,0.0
CAT-EQ-1009,2026-08-29T09:47:16Z,23.621034,87.128856,1218.4,55.3,48.0,0.0
CAT-EQ-1009,2026-08-29T10:47:16Z,23.620708,87.128398,1218.4,55.5,47.1,0.0
CAT-EQ-1009,2026-08-29T11:47:16Z,23.621359,87.128431,1218.4,55.7,45.2,0.0
CAT-EQ-1009,2026-08-29T12:47:16Z,23.618574,87.130659,1218.4,55.9,43.3,0.0
CAT-EQ-1009,2026-08-29T13:47:16Z,23.618095,87.128231,1218.4,56.1,42.2,0.0
CAT-EQ-1009,2026-08-29T14:47:16Z,23.62088,87.130663,1218.4,56.3,40.0,0.0
CAT-EQ-1009,2026-08-29T15:47:16Z,23.619606,87.129833,1218.4,56.5,38.1,0.0
CAT-EQ-1009,2026-08-29T16:47:16Z,23.618858,87.128809,1218.4,56.7,37.4,0.0
CAT-EQ-1009,2026-08-29T17:47:16Z,23.618238,87.12812,1218.4,56.9,35.6,0.0
CAT-EQ-1009,2026-08-29T18:47:16Z,23.621747,87.131944,1218.4,57.1,34.6,0.0
CAT-EQ-1009,2026-08-29T19:47:16Z,23.620273,87.131847,1218.4,57.3,33.3,0.0
CAT-EQ-1009,2026-08-29T20:47:16Z,23.619986,87.128779,1219.2,57.3,32.0,29.8
CAT-EQ-1009,2026-08-29T21:47:16Z,23.621112,87.130527,1220.0,57.3,31.2,20.1
CAT-EQ-1009,2026-08-29T22:47:16Z,23.619148,87.129489,1220.8,57.3,29.2,9.1
CAT-EQ-1009,2026-08-29T23:47:16Z,23.618315,87.129476,1221.6,57.3,28.4,16.3
CAT-EQ-1009,2026-08-30T00:47:16Z,23.618664,87.131448,1222.4,57.3,26.4,6.1
CAT-EQ-1009,2026-08-30T01:47:16Z,23.620169,87.128459,1223.2,57.3,25.8,5.3
CAT-EQ-1009,2026-08-30T02:47:16Z,23.619944,87.130457,1224.0,57.3,24.0,19.5
CAT-EQ-1009,2026-08-30T03:47:16Z,23.619564,87.129292,1224.8,57.3,23.3,14.5
CAT-EQ-1009,2026-08-30T04:47:16Z,23.618579,87.131197,1225.6,57.3,22.5,25.3
CAT-EQ-1009,2026-08-30T05:47:16Z,23.620897,87.128977,1226.4,57.3,21.4,18.9
CAT-EQ-1009,2026-08-30T06:47:16Z,23.62135,87.131486,1227.2,57.3,95.0,16.6
CAT-EQ-1009,2026-08-30T07:47:16Z,23.621249,87.13168,1228.0,57.3,93.4,5.8
CAT-EQ-1009,2026-08-30T08:47:16Z,23.618026,87.128341,1228.0,57.5,92.0,0.0
CAT-EQ-1009,2026-08-30T09:47:16Z,23.620271,87.130977,1228.0,57.7,90.0,0.0
CAT-EQ-1009,2026-08-30T10:47:16Z,23.620935,87.131388,1228.0,57.9,88.4,0.0
CAT-EQ-1009,2026-08-30T11:47:16Z,23.620905,87.129637,1228.0,58.1,86.4,0.0
CAT-EQ-1009,2026-08-30T12:47:16Z,23.618882,87.128314,1228.0,58.3,84.3,0.0
CAT-EQ-1009,2026-08-30T13:47:16Z,23.621431,87.13142,1228.0,58.5,83.6,0.0
CAT-EQ-1009,2026-08-30T14:47:16Z,23.618344,87.130815,1228.0,58.7,82.5,0.0
CAT-EQ-1009,2026-08-30T15:47:16Z,23.618009,87.129247,1228.0,58.9,81.0,0.0
CAT-EQ-1009,2026-08-30T16:47:16Z,23.620979,87.13117,1228.0,59.1,57.0,0.0
CAT-EQ-1009,2026-08-30T17:47:16Z,23.62127,87.129835,1228.0,59.3,56.0,0.0
CAT-EQ-1009,2026-08-30T18:47:16Z,23.619415,87.131642,1228.0,59.5,54.1,0.0
CAT-EQ-1009,2026-08-30T19:47:16Z,23.619312,87.131907,1228.0,59.7,53.4,0.0
CAT-EQ-1009,2026-08-30T20:47:16Z,23.621431,87.131749,1228.8,59.7,52.5,24.8
CAT-EQ-1009,2026-08-30T21:47:16Z,23.618015,87.13177,1229.6,59.7,51.1,20.5
CAT-EQ-1009,2026-08-30T22:47:16Z,23.619156,87.128743,1230.4,59.7,48.9,7.7
CAT-EQ-1009,2026-08-30T23:47:16Z,23.618671,87.131036,1231.2,59.7,48.4,29.1
CAT-EQ-1009,2026-08-31T00:47:16Z,23.619956,87.131792,1232.0,59.7,47.8,10.8
CAT-EQ-1009,2026-08-31T01:47:16Z,23.619624,87.129329,1232.8,59.7,46.4,22.1
CAT-EQ-1009,2026-08-31T02:47:16Z,23.619154,87.128246,1233.6,59.7,45.2,7.4
CAT-EQ-1009,2026-08-31T03:47:16Z,23.619514,87.130542,1234.4,59.7,43.2,28.8
CAT-EQ-1009,2026-08-31T04:47:16Z,23.618048,87.130599,1235.2,59.7,42.6,18.0
CAT-EQ-1009,2026-08-31T05:47:16Z,23.619874,87.131014,1236.0,59.7,41.3,7.7
CAT-EQ-1009,2026-08-31T06:47:16Z,23.620296,87.12924,1236.8,59.7,40.0,28.7
CAT-EQ-1009,2026-08-31T07:47:16Z,23.618443,87.13154,1237.6,59.7,38.6,10.0
CAT-EQ-1009,2026-08-31T08:47:16Z,23.621971,87.129112,1237.6,59.9,36.7,0.0
CAT-EQ-1009,2026-08-31T09:47:16Z,23.621779,87.131241,1237.6,60.1,35.7,0.0
CAT-EQ-1009,2026-08-31T10:47:16Z,23.618933,87.130648,1237.6,60.3,34.8,0.0
CAT-EQ-1009,2026-08-31T11:47:16Z,23.61937,87.13176,1237.6,60.5,33.1,0.0
CAT-EQ-1009,2026-08-31T12:47:16Z,23.621274,87.130908,1237.6,60.7,31.5,0.0
CAT-EQ-1009,2026-08-31T13:47:16Z,23.619244,87.130779,1237.6,60.9,29.7,0.0
CAT-EQ-1009,2026-08-31T14:47:16Z,23.618858,87.129544,1237.6,61.1,27.5,0.0
CAT-EQ-1009,2026-08-31T15:47:16Z,23.618941,87.131978,1237.6,61.3,25.6,0.0
CAT-EQ-1009,2026-08-31T16:47:16Z,23.621652,87.129092,1237.6,61.5,24.4,0.0
CAT-EQ-1009,2026-08-31T17:47:16Z,23.620985,87.130241,1237.6,61.7,23.5,0.0
CAT-EQ-1009,2026-08-31T18:47:16Z,23.618974,87.130487,1237.6,61.9,21.4,0.0
CAT-EQ-1009,2026-08-31T19:47:16Z,23.61837,87.130805,1237.6,62.1,20.1,0.0
CAT-EQ-1009,2026-08-31T20:47:16Z,23.62106,87.13167,1238.4,62.1,95.0,29.0
CAT-EQ-1009,2026-08-31T21:47:16Z,23.618405,87.131491,1239.2,62.1,93.5,28.4
CAT-EQ-1009,2026-08-31T22:47:16Z,23.618545,87.128098,1240.0,62.1,92.8,16.6
CAT-EQ-1009,2026-08-31T23:47:16Z,23.619052,87.129209,1240.8,62.1,91.7,19.7
CAT-EQ-1009,2026-09-01T00:47:16Z,23.619184,87.131909,1241.6,62.1,91.0,19.8
CAT-EQ-1009,2026-09-01T01:47:16Z,23.618949,87.130646,1242.4,62.1,89.5,94.5
CAT-EQ-1009,2026-09-01T02:47:16Z,23.621815,87.130333,1243.2,62.1,88.3,26.0
CAT-EQ-1009,2026-09-01T03:47:16Z,23.618095,87.131696,1244.0,62.1,87.8,13.1
CAT-EQ-1009,2026-09-01T04:47:16Z,23.621276,87.130669,1244.8,62.1,85.6,6.3
CAT-EQ-1009,2026-09-01T05:47:16Z,23.620342,87.12877,1245.6,62.1,85.0,7.1
CAT-EQ-1009,2026-09-01T06:47:16Z,23.618557,87.128351,1246.4,62.1,83.6,11.3
CAT-EQ-1009,2026-09-01T07:47:16Z,23.618773,87.131415,1247.2,62.1,82.0,6.2
CAT-EQ-1009,2026-09-01T08:47:16Z,23.620722,87.1318,1247.2,62.3,81.4,0.0
CAT-EQ-1009,2026-09-01T09:47:16Z,23.618787,87.131729,1247.2,62.5,80.1,0.0
CAT-EQ-1009,2026-09-01T10:47:16Z,23.620705,87.131776,1247.2,62.7,79.4,0.0
CAT-EQ-1009,2026-09-01T11:47:16Z,23.621604,87.129451,1247.2,62.9,78.2,0.0
CAT-EQ-1009,2026-09-01T12:47:16Z,23.618287,87.131965,1247.2,63.1,77.5,0.0
CAT-EQ-1009,2026-09-01T13:47:16Z,23.618326,87.130909,1247.2,63.3,76.6,0.0
CAT-EQ-1009,2026-09-01T14:47:16Z,23.620519,87.131899,1247.2,63.5,76.0,0.0
CAT-EQ-1009,2026-09-01T15:47:16Z,23.618465,87.130511,1247.2,63.7,75.1,0.0
CAT-EQ-1009,2026-09-01T16:47:16Z,23.620438,87.128264,1247.2,63.9,73.0,0.0
CAT-EQ-1009,2026-09-01T17:47:16Z,23.618975,87.128901,1247.2,64.1,49.0,0.0
CAT-EQ-1009,2026-09-01T18:47:16Z,23.618719,87.129373,1247.2,64.3,48.1,0.0
CAT-EQ-1009,2026-09-01T19:47:16Z,23.619609,87.129817,1247.2,64.5,46.6,0.0
CAT-EQ-1009,2026-09-01T20:47:16Z,23.621383,87.130271,1248.0,64.5,45.6,14.5
CAT-EQ-1009,2026-09-01T21:47:16Z,23.621046,87.129033,1248.8,64.5,44.1,9.1
CAT-EQ-1009,2026-09-01T22:47:16Z,23.619717,87.130814,1249.6,64.5,42.3,12.0
CAT-EQ-1009,2026-09-01T23:47:16Z,23.621133,87.12889,1250.4,64.5,41.7,17.7
CAT-EQ-1009,2026-09-02T00:47:16Z,23.619999,87.128341,1251.2,64.5,40.6,11.4
CAT-EQ-1009,2026-09-02T01:47:16Z,23.621084,87.131639,1252.0,64.5,38.9,22.6
CAT-EQ-1009,2026-09-02T02:47:16Z,23.618687,87.129425,1252.8,64.5,37.4,9.2
CAT-EQ-1009,2026-09-02T03:47:16Z,23.618942,87.128673,1253.6,64.5,36.2,8.8
CAT-EQ-1009,2026-09-02T04:47:16Z,23.618583,87.129296,1254.4,64.5,35.7,27.2
CAT-EQ-1009,2026-09-02T05:47:16Z,23.620477,87.130271,1255.2,64.5,34.6,94.5
CAT-EQ-1009,2026-09-02T06:47:16Z,23.618782,87.131322,1256.0,64.5,32.8,24.2
CAT-EQ-1009,2026-09-02T07:47:16Z,23.620574,87.128584,1256.8,64.5,31.3,26.3
CAT-EQ-1009,2026-09-02T08:47:16Z,23.620702,87.131951,1256.8,64.7,30.7,0.0
CAT-EQ-1009,2026-09-02T09:47:16Z,23.618594,87.129421,1256.8,64.9,29.3,0.0
CAT-EQ-1009,2026-09-02T10:47:16Z,23.619459,87.130222,1256.8,65.1,28.6,0.0
CAT-EQ-1009,2026-09-02T11:47:16Z,23.620172,87.129446,1256.8,65.3,26.8,0.0
CAT-EQ-1009,2026-09-02T12:47:16Z,23.620312,87.128665,1256.8,65.5,25.1,0.0
CAT-EQ-1010,2026-08-19T13:47:16Z,28.458185,77.025043,1292.5,46.9,93.1,0.0
CAT-EQ-1010,2026-08-19T14:47:16Z,28.458187,77.026366,1292.5,47.1,92.2,0.0
CAT-EQ-1010,2026-08-19T15:47:16Z,28.458896,77.025336,1292.5,47.3,91.2,0.0
CAT-EQ-1010,2026-08-19T16:47:16Z,28.459702,77.025151,1292.5,47.5,89.3,0.0
CAT-EQ-1010,2026-08-19T17:47:16Z,28.458141,77.027052,1292.5,47.7,87.6,0.0
CAT-EQ-1010,2026-08-19T18:47:16Z,28.458128,77.027525,1292.5,47.9,86.6,0.0
CAT-EQ-1010,2026-08-19T19:47:16Z,28.461328,77.02814,1292.5,48.1,86.1,0.0
CAT-EQ-1010,2026-08-19T20:47:16Z,28.458016,77.026317,1293.3,48.1,85.1,7.9
CAT-EQ-1010,2026-08-19T21:47:16Z,28.458039,77.025563,1294.1,48.1,82.9,94.5
CAT-EQ-1010,2026-08-19T22:47:16Z,28.461118,77.027279,1294.9,48.1,58.9,23.6
CAT-EQ-1010,2026-08-19T23:47:16Z,28.460728,77.026897,1295.7,48.1,57.6,26.9
CAT-EQ-1010,2026-08-20T00:47:16Z,28.459925,77.028085,1296.5,48.1,57.1,24.2
CAT-EQ-1010,2026-08-20T01:47:16Z,28.459042,77.026833,1297.3,48.1,55.9,10.5
CAT-EQ-1010,2026-08-20T02:47:16Z,28.458614,77.025611,1298.1,48.1,54.9,12.6
CAT-EQ-1010,2026-08-20T03:47:16Z,28.457623,77.026786,1298.9,48.1,53.6,14.7
CAT-EQ-1010,2026-08-20T04:47:16Z,28.45788,77.026229,1299.7,48.1,51.9,23.4
CAT-EQ-1010,2026-08-20T05:47:16Z,28.458018,77.024984,1300.5,48.1,51.4,28.6
CAT-EQ-1010,2026-08-20T06:47:16Z,28.459961,77.028513,1301.3,48.1,49.5,12.9
CAT-EQ-1010,2026-08-20T07:47:16Z,28.460333,77.02609,1302.1,48.1,47.6,23.3
CAT-EQ-1010,2026-08-20T08:47:16Z,28.459711,77.024792,1302.1,48.3,45.8,0.0
CAT-EQ-1010,2026-08-20T09:47:16Z,28.460044,77.02554,1302.1,48.5,44.2,0.0
CAT-EQ-1010,2026-08-20T10:47:16Z,28.458724,77.02858,1302.1,48.7,42.2,0.0
CAT-EQ-1010,2026-08-20T11:47:16Z,28.458957,77.027686,1302.1,48.9,41.4,0.0
CAT-EQ-1010,2026-08-20T12:47:16Z,28.458777,77.027343,1302.1,49.1,39.5,0.0
CAT-EQ-1010,2026-08-20T13:47:16Z,28.458209,77.024762,1302.1,49.3,38.1,0.0
CAT-EQ-1010,2026-08-20T14:47:16Z,28.458452,77.025619,1302.1,49.5,37.5,0.0
CAT-EQ-1010,2026-08-20T15:47:16Z,28.457528,77.027637,1302.1,49.7,35.7,0.0
CAT-EQ-1010,2026-08-20T16:47:16Z,28.460898,77.025838,1302.1,49.9,33.8,0.0
CAT-EQ-1010,2026-08-20T17:47:16Z,28.461329,77.025914,1302.1,50.1,32.9,0.0
CAT-EQ-1010,2026-08-20T18:47:16Z,28.458224,77.025904,1302.1,50.3,31.4,0.0
CAT-EQ-1010,2026-08-20T19:47:16Z,28.459898,77.02853,1302.1,50.5,30.2,0.0
CAT-EQ-1010,2026-08-20T20:47:16Z,28.458394,77.027435,1302.9,50.5,28.3,22.0
CAT-EQ-1010,2026-08-20T21:47:16Z,28.460568,77.027331,1303.7,50.5,27.4,16.7
CAT-EQ-1010,2026-08-20T22:47:16Z,28.461372,77.026882,1304.5,50.5,25.4,14.7
CAT-EQ-1010,2026-08-20T23:47:16Z,28.461357,77.025326,1305.3,50.5,23.8,6.0
CAT-EQ-1010,2026-08-21T00:47:16Z,28.457531,77.026656,1306.1,50.5,22.7,10.0
CAT-EQ-1010,2026-08-21T01:47:16Z,28.459811,77.026665,1306.9,50.5,21.3,15.8
CAT-EQ-1010,2026-08-21T02:47:16Z,28.46111,77.027562,1307.7,50.5,20.3,10.7
CAT-EQ-1010,2026-08-21T03:47:16Z,28.461035,77.027983,1308.5,50.5,95.0,23.3
CAT-EQ-1010,2026-08-21T04:47:16Z,28.457695,77.027733,1309.3,50.5,93.8,7.6
CAT-EQ-1010,2026-08-21T05:47:16Z,28.460207,77.02813,1310.1,50.5,91.8,10.3
CAT-EQ-1010,2026-08-21T06:47:16Z,28.459548,77.02665,1310.9,50.5,89.9,14.1
CAT-EQ-1010,2026-08-21T07:47:16Z,28.459084,77.025571,1311.7,50.5,88.4,24.3
CAT-EQ-1010,2026-08-21T08:47:16Z,28.457516,77.025549,1311.7,50.7,64.4,0.0
CAT-EQ-1010,2026-08-21T09:47:16Z,28.461271,77.027214,1311.7,50.9,62.4,0.0
CAT-EQ-1010,2026-08-21T10:47:16Z,28.460138,77.028078,1311.7,51.1,60.4,0.0
CAT-EQ-1010,2026-08-21T11:47:16Z,28.459826,77.027913,1311.7,51.3,59.1,0.0
CAT-EQ-1010,2026-08-21T12:47:16Z,28.458639,77.025529,1311.7,51.5,57.1,0.0
CAT-EQ-1010,2026-08-21T13:47:16Z,28.459064,77.028347,1311.7,51.7,56.4,0.0
CAT-EQ-1010,2026-08-21T14:47:16Z,28.458337,77.027045,1311.7,51.9,54.3,0.0
CAT-EQ-1010,2026-08-21T15:47:16Z,28.457717,77.027849,1311.7,52.1,52.9,0.0
CAT-EQ-1010,2026-08-21T16:47:16Z,28.458757,77.02663,1311.7,52.3,51.5,0.0
CAT-EQ-1010,2026-08-21T17:47:16Z,28.460689,77.024888,1311.7,52.5,49.9,0.0
CAT-EQ-1010,2026-08-21T18:47:16Z,28.460209,77.026555,1311.7,52.7,47.7,0.0
CAT-EQ-1010,2026-08-21T19:47:16Z,28.457891,77.027347,1311.7,52.9,46.1,0.0
CAT-EQ-1010,2026-08-21T20:47:16Z,28.458273,77.02723,1312.5,52.9,44.5,28.9
CAT-EQ-1010,2026-08-21T21:47:16Z,28.458094,77.025389,1313.3,52.9,43.0,5.1
CAT-EQ-1010,2026-08-21T22:47:16Z,28.459851,77.02596,1314.1,52.9,41.8,94.5
CAT-EQ-1010,2026-08-21T23:47:16Z,28.46056,77.028448,1314.9,52.9,40.9,13.3
CAT-EQ-1010,2026-08-22T00:47:16Z,28.458754,77.027284,1315.7,52.9,39.6,22.1
CAT-EQ-1010,2026-08-22T01:47:16Z,28.457715,77.025159,1316.5,52.9,38.1,8.0
CAT-EQ-1010,2026-08-22T02:47:16Z,28.458819,77.024734,1317.3,52.9,36.3,11.7
CAT-EQ-1010,2026-08-22T03:47:16Z,28.457668,77.028528,1318.1,52.9,34.1,13.9
CAT-EQ-1010,2026-08-22T04:47:16Z,28.458737,77.028348,1318.9,52.9,32.9,15.3
CAT-EQ-1010,2026-08-22T05:47:16Z,28.45814,77.026804,1319.7,52.9,32.2,19.1
CAT-EQ-1010,2026-08-22T06:47:16Z,28.46043,77.027743,1320.5,52.9,30.9,21.6
CAT-EQ-1010,2026-08-22T07:47:16Z,28.458175,77.025198,1321.3,52.9,28.9,13.1
CAT-EQ-1010,2026-08-22T08:47:16Z,28.458959,77.025784,1321.3,53.1,27.3,0.0
CAT-EQ-1010,2026-08-22T09:47:16Z,28.458527,77.026079,1321.3,53.3,26.8,0.0
CAT-EQ-1010,2026-08-22T10:47:16Z,28.459132,77.027423,1321.3,53.5,26.1,0.0
CAT-EQ-1010,2026-08-22T11:47:16Z,28.460708,77.025846,1321.3,53.7,24.6,0.0
CAT-EQ-1010,2026-08-22T12:47:16Z,28.461445,77.026906,1321.3,53.9,23.4,0.0
CAT-EQ-1010,2026-08-22T13:47:16Z,28.459578,77.027377,1321.3,54.1,22.9,0.0
CAT-EQ-1010,2026-08-22T14:47:16Z,28.460778,77.025168,1321.3,54.3,21.3,0.0
CAT-EQ-1010,2026-08-22T15:47:16Z,28.460243,77.025199,1321.3,54.5,20.4,0.0
CAT-EQ-1010,2026-08-22T16:47:16Z,28.457917,77.027693,1321.3,54.7,95.0,0.0
CAT-EQ-1010,2026-08-22T17:47:16Z,28.460385,77.028425,1321.3,54.9,94.5,0.0
CAT-EQ-1010,2026-08-22T18:47:16Z,28.458335,77.025837,1321.3,55.1,93.0,0.0
CAT-EQ-1010,2026-08-22T19:47:16Z,28.457958,77.025329,1321.3,55.3,92.2,0.0
CAT-EQ-1010,2026-08-22T20:47:16Z,28.459853,77.027141,1322.1,55.3,90.3,21.2
CAT-EQ-1010,2026-08-22T21:47:16Z,28.459938,77.02505,1322.9,55.3,88.5,23.5
CAT-EQ-1010,2026-08-22T22:47:16Z,28.457668,77.024823,1323.7,55.3,86.4,10.6
CAT-EQ-1010,2026-08-22T23:47:16Z,28.458619,77.026416,1324.5,55.3,85.1,27.1
CAT-EQ-1010,2026-08-23T00:47:16Z,28.461057,77.027757,1325.3,55.3,83.7,12.2
CAT-EQ-1010,2026-08-23T01:47:16Z,28.460141,77.027922,1326.1,55.3,83.0,28.3
CAT-EQ-1010,2026-08-23T02:47:16Z,28.459808,77.024812,1326.9,55.3,81.7,5.6
CAT-EQ-1010,2026-08-23T03:47:16Z,28.460463,77.025683,1327.7,55.3,80.7,15.4
CAT-EQ-1010,2026-08-23T04:47:16Z,28.459206,77.027921,1328.5,55.3,80.2,26.1
CAT-EQ-1010,2026-08-23T05:47:16Z,28.458208,77.026444,1329.3,55.3,78.0,8.9
CAT-EQ-1010,2026-08-23T06:47:16Z,28.458543,77.026366,1330.1,55.3,75.9,16.6
CAT-EQ-1010,2026-08-23T07:47:16Z,28.460602,77.024811,1330.9,55.3,74.6,22.5
CAT-EQ-1010,2026-08-23T08:47:16Z,28.459315,77.028285,1330.9,55.5,73.3,0.0
CAT-EQ-1010,2026-08-23T09:47:16Z,28.458045,77.027787,1330.9,55.7,71.4,0.0
CAT-EQ-1010,2026-08-23T10:47:16Z,28.460524,77.025629,1330.9,55.9,69.7,0.0
CAT-EQ-1010,2026-08-23T11:47:16Z,28.460082,77.028366,1330.9,56.1,68.4,0.0
CAT-EQ-1010,2026-08-23T12:47:16Z,28.457542,77.025405,1330.9,56.3,67.0,0.0
CAT-EQ-1010,2026-08-23T13:47:16Z,28.459388,77.02808,1330.9,56.5,65.9,0.0
CAT-EQ-1010,2026-08-23T14:47:16Z,28.458264,77.025093,1330.9,56.7,64.4,0.0
CAT-EQ-1010,2026-08-23T15:47:16Z,28.458944,77.028532,1330.9,56.9,63.0,0.0
CAT-EQ-1010,2026-08-23T16:47:16Z,28.457839,77.027016,1330.9,57.1,61.2,0.0
CAT-EQ-1010,2026-08-23T17:47:16Z,28.45926,77.028324,1330.9,57.3,60.6,0.0
CAT-EQ-1010,2026-08-23T18:47:16Z,28.459102,77.028089,1330.9,57.5,58.9,0.0
CAT-EQ-1010,2026-08-23T19:47:16Z,28.460398,77.024819,1330.9,57.7,57.3,0.0
CAT-EQ-1010,2026-08-23T20:47:16Z,28.458992,77.026371,1331.7,57.7,55.9,6.5
CAT-EQ-1010,2026-08-23T21:47:16Z,28.457715,77.028498,1332.5,57.7,55.2,22.5
CAT-EQ-1010,2026-08-23T22:47:16Z,28.460205,77.024804,1333.3,57.7,31.2,28.2
CAT-EQ-1010,2026-08-23T23:47:16Z,28.457692,77.025992,1334.1,57.7,30.7,18.9
CAT-EQ-1010,2026-08-24T00:47:16Z,28.460231,77.025303,1334.9,57.7,29.8,16.8
CAT-EQ-1010,2026-08-24T01:47:16Z,28.461118,77.027762,1335.7,57.7,28.5,29.7
CAT-EQ-1010,2026-08-24T02:47:16Z,28.458835,77.02552,1336.5,57.7,26.5,21.2
CAT-EQ-1010,2026-08-24T03:47:16Z,28.458518,77.02764,1337.3,57.7,24.8,13.0
CAT-EQ-1010,2026-08-24T04:47:16Z,28.460176,77.025263,1338.1,57.7,23.0,14.6
CAT-EQ-1010,2026-08-24T05:47:16Z,28.458667,77.028365,1338.9,57.7,22.1,15.1
CAT-EQ-1010,2026-08-24T06:47:16Z,28.459334,77.027724,1339.7,57.7,21.3,26.3
CAT-EQ-1010,2026-08-24T07:47:16Z,28.460466,77.027686,1340.5,57.7,95.0,10.7
CAT-EQ-1010,2026-08-24T08:47:16Z,28.461102,77.027668,1340.5,57.9,93.2,0.0
CAT-EQ-1010,2026-08-24T09:47:16Z,28.460733,77.026431,1340.5,58.1,91.4,0.0
CAT-EQ-1010,2026-08-24T10:47:16Z,28.460394,77.026665,1340.5,58.3,90.4,0.0
CAT-EQ-1010,2026-08-24T11:47:16Z,28.458346,77.027878,1340.5,58.5,89.0,0.0
CAT-EQ-1010,2026-08-24T12:47:16Z,28.458922,77.025622,1340.5,58.7,88.5,0.0
CAT-EQ-1010,2026-08-24T13:47:16Z,28.458231,77.026096,1340.5,58.9,87.2,0.0
CAT-EQ-1010,2026-08-24T14:47:16Z,28.457889,77.025066,1340.5,59.1,85.7,0.0
CAT-EQ-1010,2026-08-24T15:47:16Z,28.460272,77.024883,1340.5,59.3,84.6,0.0
CAT-EQ-1010,2026-08-24T16:47:16Z,28.459716,77.028582,1340.5,59.5,83.2,0.0
CAT-EQ-1010,2026-08-24T17:47:16Z,28.460807,77.026248,1340.5,59.7,82.3,0.0
CAT-EQ-1010,2026-08-24T18:47:16Z,28.460278,77.027203,1340.5,59.9,81.0,0.0
CAT-EQ-1010,2026-08-24T19:47:16Z,28.460537,77.028139,1340.5,60.1,57.0,0.0
CAT-EQ-1010,2026-08-24T20:47:16Z,28.459481,77.02833,1341.3,60.1,54.9,26.5
CAT-EQ-1010,2026-08-24T21:47:16Z,28.459568,77.028137,1342.1,60.1,53.0,26.3
CAT-EQ-1010,2026-08-24T22:47:16Z,28.457757,77.027635,1342.9,60.1,52.3,24.8
CAT-EQ-1010,2026-08-24T23:47:16Z,28.45872,77.02462,1343.7,60.1,51.3,29.3
CAT-EQ-1010,2026-08-25T00:47:16Z,28.461175,77.027329,1344.5,60.1,49.6,11.2
CAT-EQ-1010,2026-08-25T01:47:16Z,28.459496,77.026741,1345.3,60.1,48.3,27.0
CAT-EQ-1010,2026-08-25T02:47:16Z,28.459284,77.028371,1346.1,60.1,47.5,13.6
CAT-EQ-1010,2026-08-25T03:47:16Z,28.459667,77.026444,1346.9,60.1,46.0,28.0
CAT-EQ-1010,2026-08-25T04:47:16Z,28.45868,77.024877,1347.7,60.1,44.7,12.3
CAT-EQ-1010,2026-08-25T05:47:16Z,28.459825,77.027368,1348.5,60.1,43.0,7.9
CAT-EQ-1010,2026-08-25T06:47:16Z,28.45924,77.027382,1349.3,60.1,40.8,29.9
CAT-EQ-1010,2026-08-25T07:47:16Z,28.461083,77.026664,1350.1,60.1,39.9,29.8
CAT-EQ-1010,2026-08-25T08:47:16Z,28.458645,77.025778,1350.1,60.3,37.7,0.0
CAT-EQ-1010,2026-08-25T09:47:16Z,28.457975,77.028148,1350.1,60.5,36.6,0.0
CAT-EQ-1010,2026-08-25T10:47:16Z,28.458029,77.028286,1350.1,60.7,35.9,0.0
CAT-EQ-1010,2026-08-25T11:47:16Z,28.460129,77.025941,1350.1,60.9,34.6,0.0
CAT-EQ-1010,2026-08-25T12:47:16Z,28.459015,77.025125,1350.1,61.1,33.7,0.0
CAT-EQ-1010,2026-08-25T13:47:16Z,28.458353,77.02636,1350.1,61.3,32.8,0.0
CAT-EQ-1010,2026-08-25T14:47:16Z,28.461134,77.02487,1350.1,61.5,31.1,0.0
CAT-EQ-1010,2026-08-25T15:47:16Z,28.460997,77.026273,1350.1,61.7,29.8,0.0
CAT-EQ-1010,2026-08-25T16:47:16Z,28.458339,77.027394,1350.1,61.9,28.3,0.0
CAT-EQ-1010,2026-08-25T17:47:16Z,28.460533,77.02479,1350.1,62.1,26.9,0.0
CAT-EQ-1010,2026-08-25T18:47:16Z,28.45999,77.026643,1350.1,62.3,25.9,0.0
CAT-EQ-1010,2026-08-25T19:47:16Z,28.460834,77.02492,1350.1,62.5,24.9,0.0
CAT-EQ-1010,2026-08-25T20:47:16Z,28.458058,77.028353,1350.9,62.5,24.1,9.1
CAT-EQ-1010,2026-08-25T21:47:16Z,28.461201,77.027937,1351.7,62.5,23.5,18.1
CAT-EQ-1010,2026-08-25T22:47:16Z,28.458202,77.026606,1352.5,62.5,21.7,14.8
CAT-EQ-1010,2026-08-25T23:47:16Z,28.458813,77.024778,1353.3,62.5,95.0,22.3
CAT-EQ-1010,2026-08-26T00:47:16Z,28.460968,77.026441,1354.1,62.5,93.6,10.5
CAT-EQ-1010,2026-08-26T01:47:16Z,28.458332,77.02633,1354.9,62.5,91.5,23.9
CAT-EQ-1010,2026-08-26T02:47:16Z,28.460496,77.026781,1355.7,62.5,89.4,15.9
CAT-EQ-1010,2026-08-26T03:47:16Z,28.458076,77.026451,1356.5,62.5,88.6,28.6
CAT-EQ-1010,2026-08-26T04:47:16Z,28.461476,77.026532,1357.3,62.5,64.6,5.7
CAT-EQ-1010,2026-08-26T05:47:16Z,28.459127,77.027263,1358.1,62.5,62.9,25.8
CAT-EQ-1010,2026-08-26T06:47:16Z,28.460527,77.028424,1358.9,62.5,60.9,10.5
CAT-EQ-1010,2026-08-26T07:47:16Z,28.460101,77.028035,1359.7,62.5,60.1,17.0
CAT-EQ-1010,2026-08-26T08:47:16Z,28.457724,77.025922,1359.7,62.7,58.2,0.0
CAT-EQ-1010,2026-08-26T09:47:16Z,28.461266,77.027704,1359.7,62.9,57.4,0.0
CAT-EQ-1010,2026-08-26T10:47:16Z,28.458878,77.028298,1359.7,63.1,56.6,0.0
CAT-EQ-1010,2026-08-26T11:47:16Z,28.458518,77.027653,1359.7,63.3,55.8,0.0
CAT-EQ-1010,2026-08-26T12:47:16Z,28.459585,77.027506,1359.7,63.5,53.8,0.0
CAT-EQ-1010,2026-08-26T13:47:16Z,28.461162,77.026433,1359.7,63.7,52.5,0.0
CAT-EQ-1010,2026-08-26T14:47:16Z,28.45965,77.028417,1359.7,63.9,50.4,0.0
CAT-EQ-1010,2026-08-26T15:47:16Z,28.459099,77.02718,1359.7,64.1,48.4,0.0
CAT-EQ-1010,2026-08-26T16:47:16Z,28.45902,77.024641,1359.7,64.3,46.4,0.0
CAT-EQ-1010,2026-08-26T17:47:16Z,28.460485,77.026325,1359.7,64.5,44.4,0.0
CAT-EQ-1010,2026-08-26T18:47:16Z,28.457782,77.027359,1359.7,64.7,42.8,0.0
CAT-EQ-1010,2026-08-26T19:47:16Z,28.460258,77.024716,1359.7,64.9,41.5,0.0
CAT-EQ-1010,2026-08-26T20:47:16Z,28.458751,77.027961,1360.5,64.9,40.6,15.6
CAT-EQ-1010,2026-08-26T21:47:16Z,28.457596,77.026821,1361.3,64.9,39.2,12.0
CAT-EQ-1010,2026-08-26T22:47:16Z,28.461321,77.026904,1362.1,64.9,38.4,6.5
CAT-EQ-1010,2026-08-26T23:47:16Z,28.460537,77.025175,1362.9,64.9,37.7,7.9
CAT-EQ-1010,2026-08-27T00:47:16Z,28.459692,77.028593,1363.7,64.9,35.7,13.9
CAT-EQ-1010,2026-08-27T01:47:16Z,28.459328,77.027951,1364.5,64.9,34.8,21.8
CAT-EQ-1010,2026-08-27T02:47:16Z,28.458163,77.027668,1365.3,64.9,33.6,15.1
CAT-EQ-1010,2026-08-27T03:47:16Z,28.458972,77.027387,1366.1,64.9,31.9,13.0
CAT-EQ-1010,2026-08-27T04:47:16Z,28.459946,77.026083,1366.9,64.9,30.5,27.4
CAT-EQ-1010,2026-08-27T05:47:16Z,28.459047,77.026853,1367.7,64.9,28.8,27.3
CAT-EQ-1010,2026-08-27T06:47:16Z,28.460859,77.02819,1368.5,64.9,26.8,16.1
CAT-EQ-1010,2026-08-27T07:47:16Z,28.460913,77.028188,1369.3,64.9,26.1,20.6
CAT-EQ-1010,2026-08-27T08:47:16Z,28.460595,77.027181,1369.3,65.1,24.0,0.0
CAT-EQ-1010,2026-08-27T09:47:16Z,28.457885,77.024868,1369.3,65.3,22.4,0.0
CAT-EQ-1010,2026-08-27T10:47:16Z,28.459466,77.027442,1369.3,65.5,20.4,0.0
CAT-EQ-1010,2026-08-27T11:47:16Z,28.460159,77.026494,1369.3,65.7,95.0,0.0
CAT-EQ-1010,2026-08-27T12:47:16Z,28.459552,77.027698,1369.3,65.9,94.2,0.0
CAT-EQ-1010,2026-08-27T13:47:16Z,28.460233,77.025568,1369.3,66.1,92.4,0.0
CAT-EQ-1010,2026-08-27T14:47:16Z,28.461012,77.025743,1369.3,66.3,90.2,0.0
CAT-EQ-1010,2026-08-27T15:47:16Z,28.458434,77.027176,1369.3,66.5,88.4,0.0
CAT-EQ-1010,2026-08-27T16:47:16Z,28.460366,77.027891,1369.3,66.7,87.6,0.0
CAT-EQ-1010,2026-08-27T17:47:16Z,28.459413,77.025868,1369.3,66.9,86.8,0.0
CAT-EQ-1010,2026-08-27T18:47:16Z,28.459931,77.025612,1369.3,67.1,84.9,0.0
CAT-EQ-1010,2026-08-27T19:47:16Z,28.45871,77.024633,1369.3,67.3,84.2,0.0
CAT-EQ-1010,2026-08-27T20:47:16Z,28.45871,77.028453,1370.1,67.3,83.3,19.9
CAT-EQ-1010,2026-08-27T21:47:16Z,28.458357,77.027669,1370.9,67.3,82.7,11.5
CAT-EQ-1010,2026-08-27T22:47:16Z,28.458243,77.025557,1371.7,67.3,81.5,22.3
CAT-EQ-1010,2026-08-27T23:47:16Z,28.457845,77.027383,1372.5,67.3,80.7,7.9
CAT-EQ-1010,2026-08-28T00:47:16Z,28.458721,77.024737,1373.3,67.3,79.2,7.1
CAT-EQ-1010,2026-08-28T01:47:16Z,28.457781,77.026119,1374.1,67.3,77.8,28.8
CAT-EQ-1010,2026-08-28T02:47:16Z,28.460204,77.028075,1374.9,67.3,76.4,25.2
CAT-EQ-1010,2026-08-28T03:47:16Z,28.459746,77.027867,1375.7,67.3,75.2,8.9
CAT-EQ-1010,2026-08-28T04:47:16Z,28.460004,77.026556,1376.5,67.3,73.2,16.1
CAT-EQ-1010,2026-08-28T05:47:16Z,28.459437,77.024645,1377.3,67.3,72.6,29.3
CAT-EQ-1010,2026-08-28T06:47:16Z,28.459525,77.027651,1378.1,67.3,71.9,22.3
CAT-EQ-1010,2026-08-28T07:47:16Z,28.460627,77.024692,1378.9,67.3,70.2,13.0
CAT-EQ-1010,2026-08-28T08:47:16Z,28.458972,77.024711,1378.9,67.5,69.2,0.0
CAT-EQ-1010,2026-08-28T09:47:16Z,28.45888,77.027906,1378.9,67.7,67.4,0.0
CAT-EQ-1010,2026-08-28T10:47:16Z,28.460939,77.026437,1378.9,67.9,66.3,0.0
CAT-EQ-1010,2026-08-28T11:47:16Z,28.459077,77.027941,1378.9,68.1,65.4,0.0
CAT-EQ-1010,2026-08-28T12:47:16Z,28.460109,77.028011,1378.9,68.3,64.8,0.0
CAT-EQ-1010,2026-08-28T13:47:16Z,28.46052,77.028506,1378.9,68.5,62.8,0.0
CAT-EQ-1010,2026-08-28T14:47:16Z,28.459016,77.027686,1378.9,68.7,61.3,0.0
CAT-EQ-1010,2026-08-28T15:47:16Z,28.459875,77.025724,1378.9,68.9,60.8,0.0
CAT-EQ-1010,2026-08-28T16:47:16Z,28.459918,77.028045,1378.9,69.1,59.6,0.0
CAT-EQ-1010,2026-08-28T17:47:16Z,28.457617,77.025032,1378.9,69.3,58.3,0.0
CAT-EQ-1010,2026-08-28T18:47:16Z,28.457606,77.026582,1378.9,69.5,34.3,0.0
CAT-EQ-1010,2026-08-28T19:47:16Z,28.458499,77.025465,1378.9,69.7,33.1,0.0
CAT-EQ-1010,2026-08-28T20:47:16Z,28.459464,77.025741,1379.7,69.7,31.7,5.8
CAT-EQ-1010,2026-08-28T21:47:16Z,28.458474,77.02594,1380.5,69.7,30.1,22.3
CAT-EQ-1010,2026-08-28T22:47:16Z,28.4588,77.026767,1381.3,69.7,28.2,26.0
CAT-EQ-1010,2026-08-28T23:47:16Z,28.458765,77.028081,1382.1,69.7,27.2,22.1
CAT-EQ-1010,2026-08-29T00:47:16Z,28.461355,77.028277,1382.9,69.7,25.4,24.2
CAT-EQ-1010,2026-08-29T01:47:16Z,28.461136,77.026791,1383.7,69.7,23.9,9.1
CAT-EQ-1010,2026-08-29T02:47:16Z,28.458462,77.024668,1384.5,69.7,23.2,14.9
CAT-EQ-1010,2026-08-29T03:47:16Z,28.459184,77.027798,1385.3,69.7,22.2,10.9
CAT-EQ-1010,2026-08-29T04:47:16Z,28.459464,77.024953,1386.1,69.7,21.0,23.5
CAT-EQ-1010,2026-08-29T05:47:16Z,28.459269,77.026199,1386.9,69.7,20.2,10.7
CAT-EQ-1010,2026-08-29T06:47:16Z,28.460605,77.025612,1387.7,69.7,95.0,14.0
CAT-EQ-1010,2026-08-29T07:47:16Z,28.460312,77.028167,1388.5,69.7,93.3,16.0
CAT-EQ-1010,2026-08-29T08:47:16Z,28.46117,77.028039,1388.5,69.9,92.3,0.0
CAT-EQ-1010,2026-08-29T09:47:16Z,28.460494,77.024689,1388.5,70.1,91.5,0.0
CAT-EQ-1010,2026-08-29T10:47:16Z,28.458903,77.025633,1388.5,70.3,90.3,0.0
CAT-EQ-1010,2026-08-29T11:47:16Z,28.458522,77.027997,1388.5,70.5,89.0,0.0
CAT-EQ-1010,2026-08-29T12:47:16Z,28.461455,77.027828,1388.5,70.7,87.7,0.0
CAT-EQ-1010,2026-08-29T13:47:16Z,28.458759,77.028568,1388.5,70.9,86.1,0.0
CAT-EQ-1010,2026-08-29T14:47:16Z,28.457535,77.02857,1388.5,71.1,84.9,0.0
CAT-EQ-1010,2026-08-29T15:47:16Z,28.458051,77.026586,1388.5,71.3,83.3,0.0
CAT-EQ-1010,2026-08-29T16:47:16Z,28.459386,77.025668,1388.5,71.5,81.5,0.0
CAT-EQ-1010,2026-08-29T17:47:16Z,28.45928,77.028089,1388.5,71.7,79.3,0.0
CAT-EQ-1010,2026-08-29T18:47:16Z,28.460644,77.024821,1388.5,71.9,78.2,0.0
CAT-EQ-1010,2026-08-29T19:47:16Z,28.46066,77.025375,1388.5,72.1,77.7,0.0
CAT-EQ-1010,2026-08-29T20:47:16Z,28.458943,77.026774,1389.3,72.1,75.6,22.9
CAT-EQ-1010,2026-08-29T21:47:16Z,28.460595,77.024677,1390.1,72.1,73.6,15.3
CAT-EQ-1010,2026-08-29T22:47:16Z,28.461345,77.027852,1390.9,72.1,71.6,18.2
CAT-EQ-1010,2026-08-29T23:47:16Z,28.46035,77.026906,1391.7,72.1,70.1,22.3
CAT-EQ-1010,2026-08-30T00:47:16Z,28.45864,77.027595,1392.5,72.1,69.0,8.1
CAT-EQ-1010,2026-08-30T01:47:16Z,28.460287,77.02797,1393.3,72.1,67.3,13.2
CAT-EQ-1010,2026-08-30T02:47:16Z,28.457531,77.024648,1394.1,72.1,66.5,13.8
CAT-EQ-1010,2026-08-30T03:47:16Z,28.457767,77.028571,1394.9,72.1,64.8,28.3
CAT-EQ-1010,2026-08-30T04:47:16Z,28.458776,77.025336,1395.7,72.1,63.1,12.7
CAT-EQ-1010,2026-08-30T05:47:16Z,28.458149,77.025714,1396.5,72.1,62.2,7.9
CAT-EQ-1010,2026-08-30T06:47:16Z,28.457685,77.024962,1397.3,72.1,60.5,20.2
CAT-EQ-1010,2026-08-30T07:47:16Z,28.458635,77.027224,1398.1,72.1,58.8,18.9
CAT-EQ-1010,2026-08-30T08:47:16Z,28.460926,77.028096,1398.1,72.3,57.9,0.0
CAT-EQ-1010,2026-08-30T09:47:16Z,28.460295,77.028013,1398.1,72.5,56.9,0.0
CAT-EQ-1010,2026-08-30T10:47:16Z,28.458481,77.027455,1398.1,72.7,54.9,0.0
CAT-EQ-1010,2026-08-30T11:47:16Z,28.458308,77.025453,1398.1,72.9,52.9,0.0
CAT-EQ-1010,2026-08-30T12:47:16Z,28.459122,77.026568,1398.1,73.1,51.8,0.0
CAT-EQ-1010,2026-08-30T13:47:16Z,28.459158,77.025903,1398.1,73.3,49.7,0.0
CAT-EQ-1010,2026-08-30T14:47:16Z,28.457831,77.026671,1398.1,73.5,49.1,0.0
CAT-EQ-1010,2026-08-30T15:47:16Z,28.460961,77.028441,1398.1,73.7,47.1,0.0
CAT-EQ-1010,2026-08-30T16:47:16Z,28.457792,77.027486,1398.1,73.9,45.6,0.0
CAT-EQ-1010,2026-08-30T17:47:16Z,28.457977,77.025803,1398.1,74.1,43.5,0.0
CAT-EQ-1010,2026-08-30T18:47:16Z,28.457912,77.02693,1398.1,74.3,42.8,0.0
CAT-EQ-1010,2026-08-30T19:47:16Z,28.458714,77.027526,1398.1,74.5,41.7,0.0
CAT-EQ-1010,2026-08-30T20:47:16Z,28.459565,77.026786,1398.9,74.5,39.9,28.0
CAT-EQ-1010,2026-08-30T21:47:16Z,28.460176,77.028482,1399.7,74.5,37.7,13.4
CAT-EQ-1010,2026-08-30T22:47:16Z,28.459741,77.028149,1400.5,74.5,37.1,26.0
CAT-EQ-1010,2026-08-30T23:47:16Z,28.460504,77.027508,1401.3,74.5,36.3,13.5
CAT-EQ-1010,2026-08-31T00:47:16Z,28.459787,77.026942,1402.1,74.5,35.1,5.8
CAT-EQ-1010,2026-08-31T01:47:16Z,28.458942,77.027476,1402.9,74.5,33.7,21.6
CAT-EQ-1010,2026-08-31T02:47:16Z,28.457753,77.02583,1403.7,74.5,32.6,29.8
CAT-EQ-1010,2026-08-31T03:47:16Z,28.460816,77.025356,1404.5,74.5,30.9,21.7
CAT-EQ-1010,2026-08-31T04:47:16Z,28.457585,77.024787,1405.3,74.5,28.9,16.8
CAT-EQ-1010,2026-08-31T05:47:16Z,28.459168,77.027454,1406.1,74.5,27.2,18.0
CAT-EQ-1010,2026-08-31T06:47:16Z,28.460702,77.027778,1406.9,74.5,26.6,23.8
CAT-EQ-1010,2026-08-31T07:47:16Z,28.458585,77.025218,1407.7,74.5,25.6,19.3
CAT-EQ-1010,2026-08-31T08:47:16Z,28.460961,77.028335,1407.7,74.7,24.2,0.0
CAT-EQ-1010,2026-08-31T09:47:16Z,28.458646,77.028054,1407.7,74.9,22.9,0.0
CAT-EQ-1010,2026-08-31T10:47:16Z,28.459081,77.027308,1407.7,75.1,21.7,0.0
CAT-EQ-1010,2026-08-31T11:47:16Z,28.461492,77.025686,1407.7,75.3,21.0,0.0
CAT-EQ-1010,2026-08-31T12:47:16Z,28.458275,77.025935,1407.7,75.5,95.0,0.0
CAT-EQ-1010,2026-08-31T13:47:16Z,28.459089,77.028567,1407.7,75.7,92.8,0.0
CAT-EQ-1010,2026-08-31T14:47:16Z,28.461308,77.025623,1407.7,75.9,91.7,0.0
CAT-EQ-1010,2026-08-31T15:47:16Z,28.45754,77.028242,1407.7,76.1,90.8,0.0
CAT-EQ-1010,2026-08-31T16:47:16Z,28.458532,77.027642,1407.7,76.3,89.0,0.0
CAT-EQ-1010,2026-08-31T17:47:16Z,28.458087,77.025194,1407.7,76.5,87.6,0.0
CAT-EQ-1010,2026-08-31T18:47:16Z,28.460332,77.0254,1407.7,76.7,86.9,0.0
CAT-EQ-1010,2026-08-31T19:47:16Z,28.460694,77.027962,1407.7,76.9,86.3,0.0
CAT-EQ-1010,2026-08-31T20:47:16Z,28.458276,77.02657,1408.5,76.9,84.2,15.0
CAT-EQ-1010,2026-08-31T21:47:16Z,28.459101,77.027693,1409.3,76.9,83.1,29.8
CAT-EQ-1010,2026-08-31T22:47:16Z,28.458376,77.027297,1410.1,76.9,81.2,10.8
CAT-EQ-1010,2026-08-31T23:47:16Z,28.46037,77.027898,1410.9,76.9,79.3,23.8
CAT-EQ-1010,2026-09-01T00:47:16Z,28.45807,77.02543,1411.7,76.9,77.8,22.9
CAT-EQ-1010,2026-09-01T01:47:16Z,28.45829,77.025533,1412.5,76.9,53.8,5.9
CAT-EQ-1010,2026-09-01T02:47:16Z,28.458342,77.025724,1413.3,76.9,51.9,22.1
CAT-EQ-1010,2026-09-01T03:47:16Z,28.45969,77.028288,1414.1,76.9,50.6,24.2
CAT-EQ-1010,2026-09-01T04:47:16Z,28.460005,77.027611,1414.9,76.9,48.9,10.5
CAT-EQ-1010,2026-09-01T05:47:16Z,28.457566,77.028509,1415.7,76.9,47.7,7.8
CAT-EQ-1010,2026-09-01T06:47:16Z,28.460828,77.025176,1416.5,76.9,46.7,12.4
CAT-EQ-1010,2026-09-01T07:47:16Z,28.458129,77.025757,1417.3,76.9,45.1,21.6
CAT-EQ-1010,2026-09-01T08:47:16Z,28.460091,77.028563,1417.3,77.1,43.9,0.0
CAT-EQ-1010,2026-09-01T09:47:16Z,28.460403,77.025131,1417.3,77.3,43.0,0.0
CAT-EQ-1010,2026-09-01T10:47:16Z,28.459913,77.027054,1417.3,77.5,42.5,0.0
CAT-EQ-1010,2026-09-01T11:47:16Z,28.458371,77.025445,1417.3,77.7,41.1,0.0
CAT-EQ-1010,2026-09-01T12:47:16Z,28.458997,77.026927,1417.3,77.9,39.6,0.0
CAT-EQ-1010,2026-09-01T13:47:16Z,28.460224,77.02751,1417.3,78.1,37.8,0.0
CAT-EQ-1010,2026-09-01T14:47:16Z,28.460446,77.026696,1417.3,78.3,35.8,0.0
CAT-EQ-1010,2026-09-01T15:47:16Z,28.461462,77.026577,1417.3,78.5,34.5,0.0
CAT-EQ-1010,2026-09-01T16:47:16Z,28.459628,77.025586,1417.3,78.7,33.0,0.0
CAT-EQ-1010,2026-09-01T17:47:16Z,28.457504,77.026711,1417.3,78.9,31.0,0.0
CAT-EQ-1010,2026-09-01T18:47:16Z,28.457913,77.02601,1417.3,79.1,30.2,0.0
CAT-EQ-1010,2026-09-01T19:47:16Z,28.459791,77.028543,1417.3,79.3,29.2,0.0
CAT-EQ-1010,2026-09-01T20:47:16Z,28.458304,77.026852,1418.1,79.3,28.2,20.1
CAT-EQ-1010,2026-09-01T21:47:16Z,28.458972,77.024898,1418.9,79.3,26.6,23.6
CAT-EQ-1010,2026-09-01T22:47:16Z,28.457563,77.025186,1419.7,79.3,24.6,17.3
CAT-EQ-1010,2026-09-01T23:47:16Z,28.460472,77.025271,1420.5,79.3,23.8,16.7
CAT-EQ-1010,2026-09-02T00:47:16Z,28.45818,77.027519,1421.3,79.3,21.9,21.4
CAT-EQ-1010,2026-09-02T01:47:16Z,28.459204,77.026166,1422.1,79.3,95.0,17.6
CAT-EQ-1010,2026-09-02T02:47:16Z,28.459695,77.026323,1422.9,79.3,71.0,19.5
CAT-EQ-1010,2026-09-02T03:47:16Z,28.458117,77.025838,1423.7,79.3,69.0,23.2
CAT-EQ-1010,2026-09-02T04:47:16Z,28.458291,77.026476,1424.5,79.3,67.5,16.2
CAT-EQ-1010,2026-09-02T05:47:16Z,28.46068,77.027748,1425.3,79.3,65.3,14.1
CAT-EQ-1010,2026-09-02T06:47:16Z,28.461161,77.027685,1426.1,79.3,64.1,5.6
CAT-EQ-1010,2026-09-02T07:47:16Z,28.460505,77.027858,1426.9,79.3,63.1,14.1
CAT-EQ-1010,2026-09-02T08:47:16Z,28.45852,77.026575,1426.9,79.5,61.2,0.0
CAT-EQ-1010,2026-09-02T09:47:16Z,28.459696,77.024828,1426.9,79.7,59.9,0.0
CAT-EQ-1010,2026-09-02T10:47:16Z,28.461274,77.02472,1426.9,79.9,59.2,0.0
CAT-EQ-1010,2026-09-02T11:47:16Z,28.458266,77.026769,1426.9,80.1,58.6,0.0
CAT-EQ-1010,2026-09-02T12:47:16Z,28.461189,77.026759,1426.9,80.3,57.0,0.0
